# element centroid_x centroid_y signed_dwr abs_dwr primal_residual_norm dual_correction_rms dual_solution_rms residual_dual_product marked
0 2.750438546624e-02 1.090433902177e-02 -2.121991371131e-10 2.121991371131e-10 3.072841789146e-05 5.848791583711e-06 5.130633342608e-03 1.797241119443e-10 0
1 1.083771879957e-02 2.757100568843e-02 -1.954708252126e-10 1.954708252126e-10 2.269290868882e-05 5.761382431570e-06 1.128050074630e-02 1.307425254410e-10 0
2 5.170332018737e-02 2.440097017263e-02 -7.875326888034e-10 7.875326888034e-10 5.430208052314e-05 1.396607158638e-05 1.001691616262e-02 7.583867438756e-10 0
3 2.413325206174e-02 5.194489056617e-02 -5.265468636376e-10 5.265468636376e-10 4.319194322575e-05 1.034344560873e-05 2.014021795370e-02 4.467535154908e-10 0
4 4.833218678287e-02 4.877485505037e-02 -9.533920506433e-10 9.533920506433e-10 5.680248171042e-05 1.484666259882e-05 1.906966763107e-02 8.433272807303e-10 0
5 7.419893472113e-02 1.349663115086e-02 -2.393701401084e-09 2.393701401084e-09 1.010349108502e-04 2.066490345387e-05 6.434309758214e-03 2.087876678190e-09 0
6 1.329553326217e-02 7.437388487774e-02 -1.413814486030e-09 1.413814486030e-09 5.591370836036e-05 1.750317336072e-05 2.861882868107e-02 9.786673306720e-10 0
7 6.773997637299e-02 6.873175598808e-02 -3.422974336099e-09 3.422974336099e-09 1.034105980490e-04 2.929543549370e-05 2.690610982140e-02 3.029458504510e-09 0
8 9.827983946909e-02 2.837069741977e-02 -5.289680693196e-09 5.289680693196e-09 1.584106449156e-04 2.857265468714e-05 1.187061912823e-02 4.526212655941e-09 0
9 9.519201452545e-02 5.923193737925e-02 -8.248754589846e-09 8.248754589846e-09 1.874996084311e-04 3.946618123510e-05 2.367719780123e-02 7.399893527850e-09 0
10 2.772207528221e-02 9.871697603594e-02 -2.783002931317e-09 2.783002931317e-09 9.632268448125e-05 2.436966688647e-05 3.774452914161e-02 2.347351734418e-09 0
11 5.796758367190e-02 9.624488266209e-02 -4.755423364051e-09 4.755423364051e-09 1.352319608270e-04 3.204471592159e-05 3.711273314732e-02 4.333469768220e-09 0
12 1.240809047480e-01 1.487406626891e-02 -9.585283720247e-09 9.585283720247e-09 2.180677568157e-04 3.766778440844e-05 7.301790975994e-03 8.214129250166e-09 0
13 1.442654202004e-02 1.243430911582e-01 -3.290404901569e-09 3.290404901569e-09 7.770535748880e-05 3.004296917804e-05 4.710762332847e-02 2.334499660005e-09 0
14 1.198254371817e-01 7.573752689770e-02 -1.275450139438e-08 1.275450139438e-08 2.479160310848e-04 4.348488100012e-05 3.041817155174e-02 1.078059910974e-08 0
15 7.328745988973e-02 1.213155518588e-01 -7.460405883774e-09 7.460405883774e-09 1.692257750754e-04 4.210509792861e-05 4.672148290144e-02 7.125267831592e-09 0
16 1.485254013916e-01 2.980388534587e-02 -1.583761864055e-08 1.583761864055e-08 2.993535165748e-04 4.406554175339e-05 1.293172419630e-02 1.319117488365e-08 0
17 1.473577587689e-01 5.980610601518e-02 -1.846860968942e-08 1.846860968942e-08 3.227487222327e-04 4.900946341975e-05 2.473879025914e-02 1.581774169603e-08 0
18 1.205254568520e-01 1.037421332823e-01 -1.083709043842e-08 1.083709043842e-08 2.335390034116e-04 4.196594552343e-05 4.119718446293e-02 9.800685094766e-09 0
19 1.003085089547e-01 1.231844666874e-01 -7.394004624812e-09 7.394004624812e-09 1.952567146276e-04 3.983242487252e-05 4.806229564607e-02 7.777548416257e-09 0
20 2.874814242602e-02 1.490712560559e-01 -3.681685669274e-09 3.681685669274e-09 9.675250761841e-05 3.652023202349e-05 5.614999446000e-02 3.533424027079e-09 0
21 5.736355190601e-02 1.485158101303e-01 -5.104631882167e-09 5.104631882167e-09 1.517378006815e-04 3.834938932862e-05 5.634221290421e-02 5.819051994204e-09 0
22 1.744444966436e-01 1.492981907696e-02 -2.439185297409e-08 2.439185297409e-08 3.796583793911e-04 5.404323740786e-05 7.670499876143e-03 2.051796793132e-08 0
23 1.723829038151e-01 7.487134020338e-02 -2.810017341003e-08 2.810017341003e-08 4.241775107480e-04 5.589160480529e-05 3.147590416428e-02 2.370796179802e-08 0
24 1.432160040598e-02 1.747281648977e-01 -1.673502209463e-09 1.673502209463e-09 4.758203258575e-05 3.964066064881e-05 6.512620980190e-02 1.886183206712e-09 0
25 1.471234984538e-01 1.194606970413e-01 -1.519239771965e-08 1.519239771965e-08 2.800414016457e-04 4.949484179545e-05 4.826261431558e-02 1.386060487063e-08 0
26 1.126346219780e-01 1.498367101760e-01 -7.793169129828e-09 7.793169129828e-09 2.447069810037e-04 3.857129033749e-05 5.832913479501e-02 9.438664011905e-09 0
27 1.714486238295e-01 1.065213248448e-01 -3.584768343389e-08 3.584768343389e-08 4.782553624502e-04 6.765968531715e-05 4.423453874552e-02 3.235860732462e-08 0
28 7.148806896761e-02 1.738398461739e-01 -4.983747586075e-09 4.983747586075e-09 2.007618304693e-04 4.355978478308e-05 6.570349062007e-02 8.745142127897e-09 0
29 1.989789014958e-01 2.974567155965e-02 -3.596835181027e-08 3.596835181027e-08 4.858180800551e-04 6.122810653026e-05 1.361250249882e-02 2.974572115994e-08 0
30 1.980849512899e-01 5.968497201676e-02 -3.890969339558e-08 3.890969339558e-08 5.050801211440e-04 6.514914360250e-05 2.602942684201e-02 3.290553734318e-08 0
31 9.973808997461e-02 1.732918313910e-01 -8.201352021053e-09 8.201352021053e-09 2.839872343423e-04 4.625126005286e-05 6.639183136618e-02 1.313476742726e-08 0
32 1.408627624894e-01 1.469719598200e-01 -1.375485471800e-08 1.375485471800e-08 3.493746170580e-04 4.734934022109e-05 5.844047518174e-02 1.654265760769e-08 0
33 2.858437856296e-02 1.996231923710e-01 1.173597199093e-09 1.173597199093e-09 1.014130625826e-04 4.447801637157e-05 7.383745985915e-02 4.510651857841e-09 0
34 5.713543764460e-02 1.992903195729e-01 -7.177400598402e-10 7.177400598402e-10 1.965061820073e-04 4.584234066965e-05 7.421222201379e-02 9.008303339271e-09 0
35 1.967068776823e-01 1.204865864112e-01 -4.394711673367e-08 4.394711673367e-08 5.683183972551e-04 6.921800326831e-05 5.112285589690e-02 3.933786467864e-08 0
36 2.245344048522e-01 1.481585248269e-02 -5.191168982892e-08 5.191168982892e-08 5.915788188739e-04 7.321017045019e-05 8.092429733814e-03 4.330958616448e-08 0
37 2.227020006042e-01 7.414803953570e-02 -5.381690999196e-08 5.381690999196e-08 6.318596107838e-04 7.127729368422e-05 3.309939963227e-02 4.503724304503e-08 0
38 1.562963119785e-01 1.691245699186e-01 -2.991984864909e-08 2.991984864909e-08 4.988778196084e-04 6.659771793946e-05 6.759288642184e-02 3.322412431654e-08 0
39 2.222582069821e-01 1.032996692887e-01 -5.715504177960e-08 5.715504177960e-08 6.682591754925e-04 7.312444247727e-05 4.551810994817e-02 4.886607963821e-08 0
40 1.426277815699e-02 2.248950274734e-01 7.600612263230e-09 7.600612263230e-09 1.218586989554e-04 4.715200870204e-05 8.218472064817e-02 5.745882433564e-09 0
41 1.141106365054e-01 1.985808069867e-01 -1.392408536653e-08 1.392408536653e-08 4.365156114153e-04 5.462829900789e-05 7.595026697741e-02 2.384610534201e-08 0
42 1.991063208368e-01 1.472376854216e-01 -3.733095601309e-08 3.733095601309e-08 5.630046623610e-04 6.023095796526e-05 6.196405796318e-02 3.391031015291e-08 0
43 7.126761570167e-02 2.244994961457e-01 1.547480493419e-09 1.547480493419e-09 3.306326428827e-04 5.110694991963e-05 8.311103190312e-02 1.689762592160e-08 0
44 1.424407179978e-01 1.972782958703e-01 -2.306520804231e-08 2.306520804231e-08 6.013812281188e-04 5.922386774845e-05 7.699978281082e-02 3.561612232051e-08 0
45 1.818968501807e-01 1.683014859381e-01 -2.923935212333e-08 2.923935212333e-08 5.130007079729e-04 6.100124636400e-05 6.894359864543e-02 3.129368257196e-08 0
46 2.490086729516e-01 2.950854015637e-02 -7.131929027644e-08 7.131929027644e-08 7.224730779765e-04 8.132487101015e-05 1.446954056781e-02 5.875502987474e-08 0
47 2.480702189095e-01 5.890142675227e-02 -7.453778910070e-08 7.453778910070e-08 7.439682294241e-04 8.409710753245e-05 2.748881212477e-02 6.256557619061e-08 0
48 9.999279355549e-02 2.243379983425e-01 -5.320966158147e-09 5.320966158147e-09 4.639937076916e-04 5.442176282223e-05 8.413981752189e-02 2.525135551100e-08 0
49 2.464018750399e-01 1.170662272938e-01 -7.377608806169e-08 7.377608806169e-08 7.915790279530e-04 7.809794943650e-05 5.307949348515e-02 6.182069890007e-08 0
50 2.845349932323e-02 2.498773167565e-01 1.570306455358e-08 1.570306455358e-08 3.081873577681e-04 5.077153901274e-05 9.042947646292e-02 1.564714645816e-08 0
51 5.690727778627e-02 2.498146582270e-01 1.258435935070e-08 1.258435935070e-08 3.920865518877e-04 5.200493691692e-05 9.097020155955e-02 2.039043639689e-08 0
52 2.236114316587e-01 1.581432593883e-01 -3.823553040033e-08 3.823553040033e-08 6.044450799612e-04 5.498814187053e-05 6.825969863909e-02 3.323731180985e-08 0
53 2.453556565621e-01 1.451587183829e-01 -6.949684112993e-08 6.949684112993e-08 7.953353857204e-04 7.517963559713e-05 6.490941073004e-02 5.979302447596e-08 0
54 1.588894137863e-01 2.239810661375e-01 -4.097483808121e-08 4.097483808121e-08 8.896685204189e-04 7.560425469459e-05 8.749450719631e-02 6.726272541151e-08 0
55 2.744742680994e-01 1.469268767367e-02 -1.001515544506e-07 1.001515544506e-07 8.571167855311e-04 9.740384178027e-05 8.669414548874e-03 8.348646776508e-08 0
56 1.967520141934e-01 1.920061933411e-01 -3.222598129733e-08 3.222598129733e-08 6.014353193499e-04 5.678393413402e-05 7.901471867080e-02 3.415186355984e-08 0
57 2.722906687460e-01 7.339808884239e-02 -1.001043270472e-07 1.001043270472e-07 8.990896807791e-04 9.184963057662e-05 3.532947986400e-02 8.258105503481e-08 0
58 2.710661184985e-01 1.024112596309e-01 -1.037473902836e-07 1.037473902836e-07 9.322652888277e-04 9.340555507136e-05 4.853991344506e-02 8.707875677672e-08 0
59 1.138636493584e-01 2.498632393967e-01 -6.796217399564e-09 6.796217399564e-09 6.895064211783e-04 6.006451821826e-05 9.326771065283e-02 4.141487099647e-08 0
60 1.876001717796e-01 2.195320475889e-01 -6.214763150982e-08 6.214763150982e-08 8.790956700408e-04 9.021003833513e-05 8.823387278231e-02 7.930325409462e-08 0
61 1.419072116624e-02 2.749822892832e-01 2.916535860095e-08 2.916535860095e-08 3.802065262895e-04 5.256898758830e-05 9.814828101297e-02 1.998707216150e-08 0
62 2.212195344327e-01 1.844602882741e-01 -4.378273919989e-08 4.378273919989e-08 6.744266258070e-04 6.404660543684e-05 7.835918487839e-02 4.319473599916e-08 0
63 1.444301880968e-01 2.508088183082e-01 -3.395831926271e-08 3.395831926271e-08 8.775006540108e-04 7.574336812775e-05 9.550135114724e-02 6.646485506908e-08 0
64 7.088567582920e-02 2.749350009842e-01 2.019358398793e-08 2.019358398793e-08 6.265514565641e-04 5.538005905748e-05 9.930476047905e-02 3.469845666707e-08 0
65 2.680992322169e-01 1.593315846205e-01 -1.027190144235e-07 1.027190144235e-07 1.021722829365e-03 8.467731579382e-05 7.323366765510e-02 8.651674667591e-08 0
66 2.988478720126e-01 2.940535672491e-02 -1.330458946728e-07 1.330458946728e-07 1.016441101496e-03 1.074663932558e-04 1.570792838393e-02 1.092332591347e-07 0
67 9.911686954755e-02 2.751450799572e-01 1.135802544342e-08 1.135802544342e-08 7.455674110531e-04 5.733646085875e-05 1.005521488407e-01 4.274819668140e-08 0
68 2.976027267014e-01 5.871787129772e-02 -1.376553123598e-07 1.376553123598e-07 1.042024744239e-03 1.104815993203e-04 2.980239414674e-02 1.151245602748e-07 0
69 2.946819625951e-01 1.169897350524e-01 -1.389556119620e-07 1.389556119620e-07 1.124840517898e-03 1.019591139174e-04 5.739680883491e-02 1.146877425033e-07 0
70 2.404997671318e-01 1.997852256823e-01 -8.272414651285e-08 8.272414651285e-08 9.829197236596e-04 7.562396389604e-05 8.633077406042e-02 7.433228569473e-08 0
71 2.927612947913e-01 1.458175689528e-01 -1.463991031874e-07 1.463991031874e-07 1.191196087501e-03 1.027417747892e-04 7.027845239844e-02 1.223856001519e-07 0
72 2.081932545508e-01 2.405460458526e-01 -1.077547958216e-07 1.077547958216e-07 1.355880067441e-03 8.781779990412e-05 9.763217076198e-02 1.190704044566e-07 0
73 2.832125557327e-02 2.999553025302e-01 4.449778740047e-08 4.449778740047e-08 7.287870596810e-04 5.478567538840e-05 1.058156943696e-01 3.992709127895e-08 0
74 5.656243177318e-02 2.999706727609e-01 3.844045028416e-08 3.844045028416e-08 8.039622259745e-04 5.551816224591e-05 1.064240333493e-01 4.463450530123e-08 0
75 2.656352400126e-01 1.876410630340e-01 -1.175954388207e-07 1.175954388207e-07 1.147588281320e-03 8.812274356710e-05 8.458808969867e-02 1.011286278354e-07 0
76 1.552363396729e-01 2.764496810042e-01 -7.137783569549e-09 7.137783569549e-09 1.021915747065e-03 6.307590727614e-05 1.045624453752e-01 6.445826290589e-08 0
77 3.243736039132e-01 1.471266905124e-02 -1.825252210327e-07 1.825252210327e-07 1.176315834295e-03 1.296384401778e-04 9.538837437761e-03 1.524957499145e-07 0
78 2.366253296637e-01 2.283451290131e-01 -1.131728490033e-07 1.131728490033e-07 1.279703951754e-03 8.519814026382e-05 9.652023546166e-02 1.090283967777e-07 0
79 1.126942595288e-01 3.001962833018e-01 1.110200195676e-08 1.110200195676e-08 1.025093024506e-03 5.921922484978e-05 1.089188017222e-01 6.070521431017e-08 0
80 3.216792949336e-01 7.354953913464e-02 -1.820682682044e-07 1.820682682044e-07 1.233285036633e-03 1.211229553508e-04 3.879425318487e-02 1.493791284269e-07 0
81 3.199830810748e-01 1.028082321008e-01 -1.902710468922e-07 1.902710468922e-07 1.286381892482e-03 1.233856118380e-04 5.324039673273e-02 1.587210168612e-07 0
82 2.045240891218e-01 2.711357987185e-01 -1.150824808879e-07 1.150824808879e-07 1.621837725357e-03 8.985643568667e-05 1.075539705205e-01 1.457325572627e-07 0
83 1.808439733635e-01 2.854649100688e-01 -5.956277488370e-08 5.956277488370e-08 1.391636358904e-03 7.784487803865e-05 1.096730211292e-01 1.083317626330e-07 0
84 1.382471909158e-01 3.005553054373e-01 -2.875292827918e-09 2.875292827918e-09 1.151886820529e-03 5.629487565990e-05 1.106864350857e-01 6.484532533597e-08 0
85 3.157465217651e-01 1.608636948935e-01 -1.994593224439e-07 1.994593224439e-07 1.454354940283e-03 1.133948909200e-04 8.014356802737e-02 1.649164198122e-07 0
86 1.413053440703e-02 3.249730132471e-01 6.841499535503e-08 6.841499535503e-08 8.271452796946e-04 5.589589633225e-05 1.128826198091e-01 4.623402680552e-08 0
87 2.878012694216e-01 2.030346499136e-01 -1.697491235117e-07 1.697491235117e-07 1.449506343701e-03 9.841881445030e-05 9.385178419162e-02 1.426586958852e-07 0
88 7.052263608504e-02 3.248593892628e-01 4.973156980300e-08 4.973156980300e-08 1.161447742788e-03 5.717573209540e-05 1.140869055852e-01 6.640662498443e-08 0
89 9.842327012230e-02 3.248749208308e-01 3.107677070229e-08 3.107677070229e-08 1.294480815421e-03 5.798108940410e-05 1.153256264178e-01 7.505540789082e-08 0
90 2.590485361010e-01 2.451240589449e-01 -1.622804779506e-07 1.622804779506e-07 1.604827377915e-03 9.159592784001e-05 1.055396365234e-01 1.469956527031e-07 0
91 3.487282098141e-01 2.956772757226e-02 -2.377968829962e-07 2.377968829962e-07 1.362667529816e-03 1.430175136355e-04 1.751250690512e-02 1.948853220262e-07 0
92 3.132504885997e-01 1.897712974408e-01 -2.194314688262e-07 2.194314688262e-07 1.601562146364e-03 1.131893679991e-04 9.238782688546e-02 1.812798071582e-07 0
93 3.472790461457e-01 5.909208308285e-02 -2.457133587863e-07 2.457133587863e-07 1.398652668810e-03 1.470868203371e-04 3.318785653321e-02 2.057233738113e-07 0
94 3.436462730639e-01 1.180103137916e-01 -2.510556745896e-07 2.510556745896e-07 1.526486290639e-03 1.353466889989e-04 6.368724603594e-02 2.066048652402e-07 0
95 3.413303815580e-01 1.472379426840e-01 -2.636349471758e-07 2.636349471758e-07 1.620888999870e-03 1.348702196368e-04 7.774431049947e-02 2.186096554194e-07 0
96 2.850890029781e-01 2.319577424937e-01 -2.002450576300e-07 2.002450576300e-07 1.694283148695e-03 9.994537323607e-05 1.046526700591e-01 1.693357616639e-07 0
97 2.303377947698e-01 2.884552945091e-01 -1.626075451669e-07 1.626075451669e-07 1.986257418203e-03 8.807606872551e-05 1.162279498228e-01 1.749417448722e-07 0
98 1.533673388008e-01 3.250760230984e-01 -1.950418307407e-08 1.950418307407e-08 1.774365002638e-03 6.055631856923e-05 1.190966226294e-01 1.074490123579e-07 0
99 1.793657189317e-01 3.176284089374e-01 -3.263037761168e-08 3.263037761168e-08 1.630506682445e-03 7.743108029289e-05 1.192780693241e-01 1.262518938465e-07 0
100 2.826966269968e-02 3.498735479728e-01 9.331388334694e-08 9.331388334694e-08 1.424902379566e-03 5.694201634945e-05 1.199047151171e-01 8.113681459364e-08 0
101 2.564301666361e-01 2.746444715750e-01 -1.994019616422e-07 1.994019616422e-07 1.990226261263e-03 9.301864083711e-05 1.153508248627e-01 1.851281417810e-07 0
102 5.642058817778e-02 3.497445537579e-01 8.276037794268e-08 8.276037794268e-08 1.499212778045e-03 5.730214463064e-05 1.204976833704e-01 8.590810743960e-08 0
103 1.121992266430e-01 3.494222501949e-01 3.626802018284e-08 3.626802018284e-08 1.822128466445e-03 5.910851761405e-05 1.229182101973e-01 1.077033125539e-07 0
104 3.743546059008e-01 1.485505852102e-02 -3.173178424168e-07 3.173178424168e-07 1.537383296496e-03 1.729197636649e-04 1.077714578698e-02 2.658439562926e-07 0
105 3.360810290045e-01 2.051683123584e-01 -2.860783199898e-07 2.860783199898e-07 1.914861273307e-03 1.241824086990e-04 1.030290817309e-01 2.377920852437e-07 0
106 1.415903639345e-01 3.492643303270e-01 -4.671631089939e-10 4.671631089939e-10 1.903646514318e-03 7.070938098909e-05 1.249149843231e-01 1.346056666495e-07 0
107 3.715263910172e-01 7.435326833385e-02 -3.220926817552e-07 3.220926817552e-07 1.627233364775e-03 1.625278596763e-04 4.375897428020e-02 2.644707559707e-07 0
108 3.695898317942e-01 1.040128060765e-01 -3.358556975568e-07 3.358556975568e-07 1.705936338909e-03 1.649551755988e-04 5.989662073670e-02 2.814030283451e-07 0
109 3.080993321253e-01 2.476208202267e-01 -2.691701244763e-07 2.691701244763e-07 2.067749296075e-03 1.087874760308e-04 1.144710909760e-01 2.249452269844e-07 0
110 2.286130488121e-01 3.188185872226e-01 -1.887267942842e-07 1.887267942842e-07 2.476249632069e-03 8.677752614875e-05 1.253414344155e-01 2.148828171977e-07 0
111 2.013210887323e-01 3.336625903006e-01 -1.474896159633e-07 1.474896159633e-07 2.673347878184e-03 8.616125409983e-05 1.262897127954e-01 2.303390058294e-07 0
112 3.644687068113e-01 1.628249030496e-01 -3.366447139014e-07 3.366447139014e-07 1.904803889408e-03 1.477318300032e-04 8.938624811553e-02 2.814001643794e-07 0
113 1.413912829265e-02 3.749005347257e-01 1.314065005895e-07 1.314065005895e-07 1.536949079934e-03 5.751809756082e-05 1.263196221945e-01 8.840238712564e-08 0
114 3.336421389737e-01 2.340947425642e-01 -3.188549922452e-07 3.188549922452e-07 2.166164474278e-03 1.208416187497e-04 1.143192436677e-01 2.617628215500e-07 0
115 3.617153874232e-01 1.918476701767e-01 -3.476931141644e-07 3.476931141644e-07 2.035626021405e-03 1.417799360024e-04 1.024352661200e-01 2.886109270397e-07 0
116 2.803798428501e-01 2.906096721226e-01 -2.712115894471e-07 2.712115894471e-07 2.421270489302e-03 9.836641953982e-05 1.244162575763e-01 2.381717087700e-07 0
117 7.055563833341e-02 3.744324880879e-01 1.034243794780e-07 1.034243794780e-07 2.046927696438e-03 5.812113940835e-05 1.274720335422e-01 1.189697700035e-07 0
118 9.843364276133e-02 3.740946529569e-01 7.964496339834e-08 7.964496339834e-08 2.184561853204e-03 5.853750472141e-05 1.286504111182e-01 1.278787997962e-07 0
119 3.988595454334e-01 2.991869121444e-02 -4.089268845864e-07 4.089268845864e-07 1.747324536731e-03 1.917737623020e-04 2.002187054363e-02 3.350910003716e-07 0
120 3.060085414622e-01 2.767523372254e-01 -3.158561480474e-07 3.158561480474e-07 2.455216187352e-03 1.065726068571e-04 1.244279970366e-01 2.616587894838e-07 0
121 3.974804942181e-01 5.989254551668e-02 -4.265534963011e-07 4.265534963011e-07 1.807723025228e-03 1.987381902245e-04 3.793537814569e-02 3.592636024609e-07 0
122 1.532155426575e-01 3.731573428545e-01 2.519831031104e-08 2.519831031104e-08 2.517037354288e-03 5.941992172830e-05 1.321793567356e-01 1.495621625790e-07 0
123 3.936753234663e-01 1.200231968662e-01 -4.386541295945e-07 4.386541295945e-07 2.000157402269e-03 1.830256901651e-04 7.257901838650e-02 3.660801889890e-07 0
124 3.908700899894e-01 1.496076649470e-01 -4.365853232492e-07 4.365853232492e-07 2.082229616646e-03 1.768240006785e-04 8.803817987937e-02 3.681881711466e-07 0
125 2.531774218889e-01 3.344948984025e-01 -2.686359214357e-07 2.686359214357e-07 2.987147670072e-03 8.997157668377e-05 1.334066123776e-01 2.687583856636e-07 0
126 2.009186818505e-01 3.644293857525e-01 -1.518149995584e-07 1.518149995584e-07 3.327436500248e-03 8.375557586131e-05 1.346811969831e-01 2.786913602202e-07 0
127 2.788518440607e-01 3.200968062365e-01 -3.214706185603e-07 3.214706185603e-07 2.950909231344e-03 9.570407037010e-05 1.333484399481e-01 2.824140247323e-07 0
128 2.836548502530e-02 3.997437634526e-01 1.686402985826e-07 1.686402985826e-07 2.500005832733e-03 5.784637961561e-05 1.326766729538e-01 1.446162864415e-07 0
129 3.567966676987e-01 2.493609104735e-01 -3.936860732193e-07 3.936860732193e-07 2.541440275344e-03 1.311839622091e-04 1.253729812032e-01 3.333962050375e-07 0
130 5.663106958796e-02 3.994047110297e-01 1.512267637498e-07 1.512267637498e-07 2.578712674974e-03 5.816051355212e-05 1.332347435853e-01 1.499792534799e-07 0
131 1.788255516303e-01 3.802357026991e-01 -7.192171015247e-08 7.192171015247e-08 3.003554569410e-03 7.311699297094e-05 1.363610183456e-01 2.196108783394e-07 0
132 3.844656117522e-01 2.073618848137e-01 -4.089565334146e-07 4.089565334146e-07 2.306394752689e-03 1.530890592492e-04 1.147114700179e-01 3.530838029465e-07 0
133 1.127016265724e-01 3.983293114996e-01 8.061873254908e-08 8.061873254908e-08 2.776723923200e-03 5.925791921352e-05 1.355318176807e-01 1.645428819192e-07 0
134 1.380923891770e-01 3.975499212651e-01 3.520195457237e-08 3.520195457237e-08 2.896122999580e-03 5.533495568128e-05 1.370673146502e-01 1.602568378293e-07 0
135 4.245049395325e-01 1.506363269343e-02 -5.262645359794e-07 5.262645359794e-07 1.920069940863e-03 2.298142875183e-04 1.246667247920e-02 4.412595054448e-07 0
136 3.297284284676e-01 2.920287508486e-01 -4.043053453606e-07 4.043053453606e-07 2.938938468249e-03 1.146450040791e-04 1.344006824641e-01 3.369346126808e-07 0
137 4.223389667833e-01 7.564215627368e-02 -5.602299666974e-07 5.602299666974e-07 2.083659397573e-03 2.224848196629e-04 5.068914914556e-02 4.635825853080e-07 0
138 3.819857820586e-01 2.359486949048e-01 -4.355849336871e-07 4.355849336871e-07 2.575061061599e-03 1.448710420049e-04 1.263440071627e-01 3.730517792202e-07 0
139 4.204703552545e-01 1.061132698806e-01 -6.108355195325e-07 6.108355195325e-07 2.265938694718e-03 2.309174307803e-04 6.931739976129e-02 5.232447416898e-07 0
140 3.549737478558e-01 2.781634017592e-01 -4.456436871772e-07 4.456436871772e-07 2.958186197147e-03 1.257658600686e-04 1.354831999944e-01 3.720388313272e-07 0
141 2.524774200297e-01 3.642047572175e-01 -3.116555381379e-07 3.116555381379e-07 3.698204251149e-03 8.595104933759e-05 1.414689992280e-01 3.178645360510e-07 0
142 4.136145638132e-01 1.660451985791e-01 -5.114950183502e-07 5.114950183502e-07 2.341884212721e-03 1.922457702233e-04 1.019688432386e-01 4.502173342483e-07 0
143 2.275106400710e-01 3.792952414896e-01 -2.371861450844e-07 2.371861450844e-07 3.799439729066e-03 8.120849376877e-05 1.418148011129e-01 3.085467775627e-07 0
144 3.031686089831e-01 3.352797164157e-01 -4.235737206744e-07 4.235737206744e-07 3.551231013913e-03 1.009621220515e-04 1.422474721093e-01 3.585398190596e-07 0
145 4.099634049642e-01 1.947766513188e-01 -4.588752542662e-07 4.588752542662e-07 2.340485450152e-03 1.699237729191e-04 1.155544443751e-01 3.977041181521e-07 0
146 1.422635673265e-02 4.248432287269e-01 2.249535837541e-07 2.249535837541e-07 2.615669483977e-03 5.776625999269e-05 1.384437714056e-01 1.510974434664e-07 0
147 7.105686139091e-02 4.240943260057e-01 1.781054499249e-07 1.781054499249e-07 3.362334829826e-03 5.875656650844e-05 1.395601254710e-01 1.975592500523e-07 0
148 1.799835948545e-01 4.114478656187e-01 -2.427471035240e-08 2.427471035240e-08 3.507835779858e-03 7.049955949245e-05 1.440812965914e-01 2.473008772518e-07 0
149 3.284164947779e-01 3.210689959250e-01 -4.699358052722e-07 4.699358052722e-07 3.521860573354e-03 1.097927110633e-04 1.432670601144e-01 3.866746203354e-07 0
150 9.924941394741e-02 4.233567616066e-01 1.314395910426e-07 1.314395910426e-07 3.542579011532e-03 5.931346786562e-05 1.406764737243e-01 2.101226463619e-07 0
151 1.547753624502e-01 4.205791371739e-01 1.671112486011e-08 1.671112486011e-08 4.360830168366e-03 5.892162356075e-05 1.438857659710e-01 2.569471935928e-07 0
152 4.493057452861e-01 3.017430014394e-02 -6.609358736029e-07 6.609358736029e-07 2.133758754781e-03 2.539055178839e-04 2.325345171378e-02 5.417731216720e-07 0
153 4.485188237521e-01 6.077896942196e-02 -7.172321980762e-07 7.172321980762e-07 2.250832015328e-03 2.718529203938e-04 4.432387767694e-02 6.118952566827e-07 0
154 4.465081963538e-01 1.240335049859e-01 -9.157737706951e-07 9.157737706951e-07 2.833081542645e-03 2.807510663325e-04 8.608601625786e-02 7.953906641045e-07 0
155 4.049758975104e-01 2.509233210069e-01 -4.826381042129e-07 4.826381042129e-07 2.906666176029e-03 1.554427681914e-04 1.388520676053e-01 4.518202366102e-07 0
156 4.424576383895e-01 1.543809656036e-01 -6.701904357162e-07 6.701904357162e-07 2.456151150724e-03 2.411391164654e-04 1.032305468609e-01 5.922741183911e-07 0
157 2.773677855659e-01 3.790000092538e-01 -4.290914636431e-07 4.290914636431e-07 4.425637426055e-03 8.870262570230e-05 1.492797065134e-01 3.925656600974e-07 0
158 3.786648637682e-01 2.930514326252e-01 -5.248380250419e-07 5.248380250419e-07 3.450809199753e-03 1.361017731837e-04 1.466742824710e-01 4.696612510050e-07 0
159 3.023845523476e-01 3.644730606180e-01 -4.948106338789e-07 4.948106338789e-07 4.332782388018e-03 9.593412145829e-05 1.500875465932e-01 4.156616718645e-07 0
160 2.278814581362e-01 4.087303078543e-01 -2.552228380707e-07 2.552228380707e-07 4.683066203089e-03 7.505986237157e-05 1.490260125808e-01 3.515103046808e-07 0
161 2.856797158813e-02 4.497079087929e-01 2.790473659612e-07 2.790473659612e-07 4.117952371314e-03 5.765742073436e-05 1.441479162262e-01 2.374305124369e-07 0
162 2.024475431398e-01 4.250766150369e-01 -1.976951551932e-07 1.976951551932e-07 5.240697951214e-03 7.535040484015e-05 1.496429540318e-01 3.948887122689e-07 0
163 5.713289168373e-02 4.492980584946e-01 2.550632054416e-07 2.550632054416e-07 4.232694121537e-03 5.820647180650e-05 1.447033271375e-01 2.463701910508e-07 0
164 4.317430383256e-01 2.102699070136e-01 -4.346690564198e-07 4.346690564198e-07 2.417592360805e-03 1.735119958717e-04 1.294343258051e-01 4.194812757274e-07 0
165 4.034778990629e-01 2.792235674417e-01 -5.430629896292e-07 5.430629896292e-07 3.393657298611e-03 1.490001905435e-04 1.490469281183e-01 5.056555841322e-07 0
166 1.142638668546e-01 4.479294760468e-01 1.495866351508e-07 1.495866351508e-07 4.822684266550e-03 6.142915002488e-05 1.470042166600e-01 2.962533953325e-07 0
167 3.526200372748e-01 3.359122308550e-01 -5.738502834389e-07 5.738502834389e-07 4.178657746810e-03 1.174406199018e-04 1.531755670722e-01 4.907441561428e-07 0
168 1.443990527528e-01 4.459312418485e-01 7.453399496209e-08 7.453399496209e-08 5.205964475753e-03 7.213557813772e-05 1.486807147522e-01 3.755352572229e-07 0
169 4.292353605655e-01 2.378297666107e-01 -4.872817438696e-07 4.872817438696e-07 2.821865604878e-03 1.672061318825e-04 1.410741092321e-01 4.718332324839e-07 0
170 4.748008057536e-01 1.511066745052e-02 -7.933346661644e-07 7.933346661644e-07 2.242206569705e-03 2.964980488665e-04 1.453503166957e-02 6.648098730730e-07 0
171 4.740736990043e-01 7.602720214256e-02 -8.879560362174e-07 8.879560362174e-07 2.529991221888e-03 2.931411830582e-04 5.917544684578e-02 7.416446199112e-07 0
172 3.776230868769e-01 3.217600166447e-01 -5.940577254192e-07 5.940577254192e-07 4.095007068229e-03 1.289914857019e-04 1.554648124160e-01 5.282210456908e-07 0
173 4.739316831348e-01 1.088106240996e-01 -1.112941714038e-06 1.112941714038e-06 2.807046495580e-03 3.681553947743e-04 8.263924511461e-02 1.033429310730e-06 0
174 4.613102385552e-01 1.725115098859e-01 -6.798592370741e-07 6.798592370741e-07 2.481247180665e-03 2.849195462024e-04 1.192154609684e-01 7.069558207312e-07 0
175 2.770911989964e-01 4.081334142580e-01 -4.944030188705e-07 4.944030188705e-07 5.429053590119e-03 8.311730401422e-05 1.562190879554e-01 4.512482977594e-07 0
176 2.525716515253e-01 4.227732285864e-01 -3.854690873799e-07 3.854690873799e-07 5.542042840479e-03 7.635312777275e-05 1.556592106523e-01 4.231523051212e-07 0
177 3.269498459904e-01 3.791710401951e-01 -6.273233624609e-07 6.273233624609e-07 5.193471573351e-03 1.009025770189e-04 1.587659810058e-01 5.240346654254e-07 0
178 4.542467973404e-01 1.996689985562e-01 -3.564857145256e-07 3.564857145256e-07 2.204701530801e-03 1.617597133346e-04 1.316563409475e-01 3.566318876108e-07 0
179 1.434161485548e-02 4.748646800660e-01 3.552057901739e-07 3.552057901739e-07 4.201546217007e-03 5.678441540731e-05 1.492667541185e-01 2.385823457395e-07 0
180 3.519374451229e-01 3.648209309229e-01 -6.579716972567e-07 6.579716972567e-07 5.051157613273e-03 1.106722838224e-04 1.607934747942e-01 5.590231490079e-07 0
181 7.172331151691e-02 4.742132701364e-01 3.037869926182e-07 3.037869926182e-07 5.479288640510e-03 5.853424328956e-05 1.504136739437e-01 3.207260143373e-07 0
182 2.048732709720e-01 4.522787081926e-01 -1.195767681360e-07 1.195767681360e-07 5.870017476294e-03 6.891496083241e-05 1.558041209447e-01 4.045320244644e-07 0
183 1.006617341313e-01 4.735822520877e-01 2.532189513743e-07 2.532189513743e-07 5.834171326719e-03 6.038082754778e-05 1.515888492607e-01 3.522720927628e-07 0
184 4.271992682420e-01 2.937162354217e-01 -5.769237306505e-07 5.769237306505e-07 3.882259618272e-03 1.628443971057e-04 1.616682719599e-01 6.322042269455e-07 0
185 1.598016951519e-01 4.712871876017e-01 7.523129856406e-08 7.523129856406e-08 7.070492069029e-03 7.274165860381e-05 1.551910199820e-01 5.143193202462e-07 0
186 4.520328603199e-01 2.520624118477e-01 -5.074495131063e-07 5.074495131063e-07 3.165398598974e-03 1.794181722700e-04 1.550564408448e-01 5.679300311339e-07 0
187 4.998175241757e-01 2.993834944454e-02 -9.207709043613e-07 9.207709043613e-07 2.384720637728e-03 3.170146856250e-04 2.699572041229e-02 7.559914632727e-07 0
188 4.998773389605e-01 6.025021485857e-02 -9.651394372442e-07 9.651394372442e-07 2.488135792122e-03 3.380410701764e-04 5.147241802738e-02 8.410920859131e-07 0
189 5.011252415215e-01 1.226661100228e-01 -1.208873412772e-06 1.208873412772e-06 3.066502232149e-03 3.687284553233e-04 9.992813833546e-02 1.130706631306e-06 0
190 1.865745272076e-01 4.725633448463e-01 -1.035609381244e-07 1.035609381244e-07 7.009714143177e-03 7.466904410010e-05 1.579057025362e-01 5.234086544860e-07 0
191 4.018581147846e-01 3.363457444455e-01 -6.509530297152e-07 6.509530297152e-07 4.754643910463e-03 1.395514546786e-04 1.665697822751e-01 6.635174741837e-07 0
192 4.872422999758e-01 1.715752075627e-01 -4.927919791382e-07 4.927919791382e-07 2.367895365601e-03 2.141617127128e-04 1.279232057037e-01 5.071125270218e-07 0
193 4.514947664439e-01 2.796486342239e-01 -5.798898323650e-07 5.798898323650e-07 3.740297129883e-03 1.789396116964e-04 1.654453185390e-01 6.692873160502e-07 0
194 3.017261202198e-01 4.225701429719e-01 -6.655416893781e-07 6.655416893781e-07 6.564488210733e-03 8.653481805042e-05 1.637232075432e-01 5.680567929099e-07 0
195 3.265680004322e-01 4.081347175448e-01 -7.266435356908e-07 7.266435356908e-07 6.370060813688e-03 9.461683030403e-05 1.654193462922e-01 6.027149630351e-07 0
196 2.524800789337e-01 4.514836351861e-01 -4.374959739352e-07 4.374959739352e-07 6.711368629050e-03 7.049285781248e-05 1.617212042143e-01 4.731035544948e-07 0
197 4.266212608549e-01 3.221298284060e-01 -6.310155110672e-07 6.310155110672e-07 4.582629026283e-03 1.531102525772e-04 1.703516417615e-01 7.016474876820e-07 0
198 4.748347854097e-01 2.133038099060e-01 -3.410489207759e-07 3.410489207759e-07 2.323387908139e-03 1.574673870577e-04 1.461769380648e-01 3.658578230161e-07 0
199 5.054933419923e-01 1.523700721814e-01 -9.854287534703e-07 9.854287534703e-07 2.905363587487e-03 3.191903233636e-04 1.223368675511e-01 9.273639429788e-07 0
200 2.302156133767e-01 4.646428076097e-01 -2.270060924982e-07 2.270060924982e-07 6.224195087525e-03 5.965887112684e-05 1.613199395641e-01 3.713284525950e-07 0
201 2.876513061415e-02 4.998234847954e-01 4.293051426056e-07 4.293051426056e-07 6.449921001685e-03 5.626601939051e-05 1.543383103830e-01 3.629113801481e-07 0
202 5.758190717997e-02 4.995819251641e-01 4.025599474595e-07 4.025599474595e-07 6.655516579537e-03 5.690057776781e-05 1.549248998959e-01 3.787027387189e-07 0
203 3.764850391839e-01 3.793947642701e-01 -7.488202686880e-07 7.488202686880e-07 5.948787383671e-03 1.175372079347e-04 1.704511386528e-01 6.992038596735e-07 0
204 1.154736425874e-01 4.987924472098e-01 2.690220085132e-07 2.690220085132e-07 7.455348835666e-03 6.115719208988e-05 1.573340430847e-01 4.559482008398e-07 0
205 4.751285261493e-01 2.381373636005e-01 -5.147798274645e-07 5.147798274645e-07 2.955403559439e-03 2.057138754592e-04 1.580353844953e-01 6.079675197581e-07 0
206 1.444784177099e-01 4.984956169220e-01 1.313971572432e-07 1.313971572432e-07 8.132425708934e-03 6.280727883663e-05 1.592241827514e-01 5.107755291192e-07 0
207 4.014026592435e-01 3.650717920031e-01 -7.162108039579e-07 7.162108039579e-07 5.696701928523e-03 1.297141782942e-04 1.738788683511e-01 7.389430096456e-07 0
208 5.250167184222e-01 1.482768199402e-02 -1.045649091041e-06 1.045649091041e-06 2.423023412240e-03 3.632621092610e-04 1.679611002476e-02 8.801925955192e-07 0
209 4.950006853294e-01 1.982680594008e-01 -4.882640771706e-07 4.882640771706e-07 2.376489484725e-03 2.506366120215e-04 1.462442065411e-01 5.956352729564e-07 0
210 5.253613646533e-01 7.430173695265e-02 -1.019328265602e-06 1.019328265602e-06 2.568516383364e-03 3.424848174255e-04 6.802811610907e-02 8.796778646107e-07 0
211 5.267512830839e-01 1.039342101599e-01 -1.043404831262e-06 1.043404831262e-06 2.753535016610e-03 3.631038089640e-04 9.327868369511e-02 9.998190526467e-07 0
212 2.015574270262e-01 4.995914852687e-01 -1.983072074277e-07 1.983072074277e-07 9.396056769129e-03 5.903422342254e-05 1.645746658468e-01 5.546889145997e-07 0
213 4.755219480112e-01 2.935867370779e-01 -5.060594479510e-07 5.060594479510e-07 4.241755723792e-03 2.011089430533e-04 1.797307769301e-01 8.530550103019e-07 0
214 3.014839363545e-01 4.514678922007e-01 -7.769325628344e-07 7.769325628344e-07 8.134604216874e-03 8.102047023090e-05 1.695502451758e-01 6.590694587933e-07 0
215 2.767574425395e-01 4.657415700865e-01 -6.618348383344e-07 6.618348383344e-07 8.310703476585e-03 7.453973708128e-05 1.681493280077e-01 6.194776521051e-07 0
216 3.512531207176e-01 4.226302318401e-01 -8.682669281923e-07 8.682669281923e-07 7.617410633517e-03 9.884917581504e-05 1.737630092873e-01 7.529747629679e-07 0
217 2.277783237365e-01 4.934192234416e-01 -2.254280778533e-07 2.254280778533e-07 7.776999379658e-03 6.309772459593e-05 1.664297406474e-01 4.907109650404e-07 0
218 4.510079469135e-01 3.364628818068e-01 -5.653689888151e-07 5.653689888151e-07 5.210320262158e-03 1.694342409963e-04 1.828139745076e-01 8.828066589666e-07 0
219 3.761825603369e-01 4.082403878377e-01 -8.414112288402e-07 8.414112288402e-07 7.256146077806e-03 1.090522763797e-04 1.767100736688e-01 7.912992475280e-07 0
220 1.442351575866e-02 5.249588047295e-01 5.196927275924e-07 5.196927275924e-07 6.380449700274e-03 5.470958411710e-05 1.588121989708e-01 3.490717495820e-07 0
221 7.216562395821e-02 5.247447261943e-01 4.670818030015e-07 4.670818030015e-07 8.339647707723e-03 5.655247024837e-05 1.600135937507e-01 4.716276788729e-07 0
222 1.011189367513e-01 5.245862662886e-01 3.981720096136e-07 3.981720096136e-07 8.815147753746e-03 5.760318836089e-05 1.612364667740e-01 5.077806164881e-07 0
223 5.343285952126e-01 1.615051936151e-01 -7.508677528448e-07 7.508677528448e-07 2.762978197226e-03 3.084857174033e-04 1.400136774734e-01 8.523393113409e-07 0
224 4.986871184865e-01 2.508972541169e-01 -4.773934963727e-07 4.773934963727e-07 3.495897304346e-03 2.236705430678e-04 1.737521574693e-01 7.819292485722e-07 0
225 4.756131358679e-01 3.219873916764e-01 -5.177058876982e-07 5.177058876982e-07 4.971688981058e-03 1.836754343296e-04 1.883495007859e-01 9.131771329474e-07 0
226 1.591295684984e-01 5.241680461218e-01 1.027983697046e-07 1.027983697046e-07 1.065589464776e-02 6.015696974520e-05 1.649524587083e-01 6.410263319332e-07 0
227 1.894357457590e-01 5.239877572240e-01 -1.031576789360e-07 1.031576789360e-07 1.065664638243e-02 6.745677607152e-05 1.676039513471e-01 7.188630086930e-07 0
228 5.184055440556e-01 2.071657787826e-01 -5.679543329762e-07 5.679543329762e-07 2.995140873705e-03 2.522142200218e-04 1.615069475925e-01 7.554171193169e-07 0
229 4.996186342244e-01 2.787604052181e-01 -5.477124852543e-07 5.477124852543e-07 4.103858143039e-03 2.287127075172e-04 1.850672019299e-01 9.386045071608e-07 0
230 5.499675305249e-01 2.929922460165e-02 -1.102645629140e-06 1.102645629140e-06 2.472604470084e-03 3.698779550951e-04 3.116980364016e-02 9.145618851537e-07 0
231 4.260312727799e-01 3.795249618183e-01 -6.774718282083e-07 6.774718282083e-07 6.543408457163e-03 1.394919902441e-04 1.845962526662e-01 9.127530686694e-07 0
232 5.502523619713e-01 5.846141414624e-02 -1.084292295753e-06 1.084292295753e-06 2.519393343884e-03 3.875333466734e-04 5.885252291011e-02 9.763489341423e-07 0
233 5.522642130708e-01 1.160748961810e-01 -9.469251897333e-07 9.469251897333e-07 2.665861681691e-03 3.641374388029e-04 1.116761268981e-01 9.707400449739e-07 0
234 4.508734143796e-01 3.651319676614e-01 -5.705851211746e-07 5.705851211746e-07 6.177634885278e-03 1.524250976049e-04 1.896641069154e-01 9.416266003557e-07 0
235 2.495652612599e-01 5.091494025171e-01 -7.716736079097e-07 7.716736079097e-07 1.225113067336e-02 7.301953995062e-05 1.719464671990e-01 8.945719256436e-07 0
236 5.394824119222e-01 1.896080483782e-01 -7.645293693687e-07 7.645293693687e-07 3.027901324400e-03 3.696066876536e-04 1.609987508425e-01 1.119132579054e-06 0
237 5.554734247287e-01 1.439419174776e-01 -7.637207062881e-07 7.637207062881e-07 2.592795084317e-03 3.534400181226e-04 1.359226683376e-01 9.163975415893e-07 0
238 3.261318488917e-01 4.659059874488e-01 -9.947959117719e-07 9.947959117719e-07 9.915686683409e-03 8.378139049601e-05 1.767338662827e-01 8.307500180587e-07 0
239 2.762799145059e-01 4.946309215856e-01 -8.045027322549e-07 8.045027322549e-07 1.084518712147e-02 7.094010040330e-05 1.732505098201e-01 7.693586632897e-07 0
240 3.510591530425e-01 4.515037525153e-01 -9.993062905940e-07 9.993062905940e-07 9.452930752643e-03 9.170157577237e-05 1.792007361346e-01 8.668486456845e-07 0
241 5.217982364731e-01 2.349614198043e-01 -7.093063002383e-07 7.093063002383e-07 3.589029343329e-03 3.068896450523e-04 1.773543561796e-01 1.101435941257e-06 0
242 4.009452971804e-01 4.227063728555e-01 -8.488372138489e-07 8.488372138489e-07 8.453858946255e-03 1.143796302751e-04 1.858918321673e-01 9.669492606702e-07 0
243 2.889414408531e-02 5.500185410604e-01 6.088046832982e-07 6.088046832982e-07 9.531895306953e-03 5.371984763825e-05 1.632682756031e-01 5.120519635933e-07 0
244 5.781947571902e-02 5.500460221565e-01 5.747897382483e-07 5.747897382483e-07 9.808276681839e-03 5.413112917334e-05 1.638785765715e-01 5.309330920325e-07 0
245 1.158618228316e-01 5.501306706822e-01 4.456859283880e-07 4.456859283880e-07 1.108196920882e-02 5.718569733913e-05 1.663314497909e-01 6.337301370974e-07 0
246 4.258763895639e-01 4.083139191031e-01 -7.066420143054e-07 7.066420143054e-07 7.900937926674e-03 1.264224707894e-04 1.902699561741e-01 9.988560942435e-07 0
247 5.003101995191e-01 3.361212129634e-01 -2.331888111948e-07 2.331888111948e-07 5.575948960859e-03 2.148603824709e-04 2.022924328263e-01 1.198050526368e-06 0
248 1.448676794562e-01 5.500092808032e-01 3.170385182852e-07 3.170385182852e-07 1.227995721573e-02 5.785358133740e-05 1.681519792732e-01 7.104395036000e-07 0
249 5.749508121027e-01 1.447154260762e-02 -1.234622352859e-06 1.234622352859e-06 2.495561078025e-03 4.238928742682e-04 1.935718036316e-02 1.057850558276e-06 0
250 2.017984813732e-01 5.481827478329e-01 -9.064670134857e-08 9.064670134857e-08 1.309921308840e-02 5.499425020215e-05 1.727081323734e-01 7.203814020348e-07 0
251 5.244103084234e-01 2.922994071377e-01 -2.561337572427e-07 2.561337572427e-07 4.670440255961e-03 2.763318307987e-04 2.014014085299e-01 1.290591306566e-06 0
252 5.749428938857e-01 7.215582472968e-02 -1.038932563899e-06 1.038932563899e-06 2.516304355448e-03 3.836042013872e-04 7.768187985333e-02 9.652649227188e-07 0
253 5.755648265546e-01 1.001368335572e-01 -9.353687194174e-07 9.353687194174e-07 2.529855212144e-03 3.954588526327e-04 1.052925893531e-01 1.000453639521e-06 0
254 2.496027136626e-01 5.383437849008e-01 -7.762651310385e-07 7.762651310385e-07 1.525825981716e-02 6.895542133283e-05 1.765895405414e-01 1.052139734498e-06 0
255 4.756406922577e-01 3.794888415674e-01 -3.089332013159e-07 3.089332013159e-07 6.937251195629e-03 1.689415117183e-04 2.014562179463e-01 1.171989704159e-06 0
256 5.250106858613e-01 3.212595602844e-01 -2.034557939412e-07 2.034557939412e-07 5.343300106858e-03 2.276759538127e-04 2.099002939885e-01 1.216540948336e-06 0
257 3.008423570801e-01 5.092314817691e-01 -1.107300675615e-06 1.107300675615e-06 1.319231038957e-02 7.242380293504e-05 1.794618136359e-01 9.554372879121e-07 0
258 3.259677976508e-01 4.947802255180e-01 -1.171577501654e-06 1.171577501654e-06 1.253741077983e-02 7.790825893335e-05 1.815067654126e-01 9.767678453891e-07 0
259 5.683422027672e-01 1.987886799512e-01 -8.109248369390e-07 8.109248369390e-07 3.499979459701e-03 3.625234358066e-04 1.813786759033e-01 1.268824578983e-06 0
260 2.279471939162e-01 5.540937205868e-01 -4.480543774389e-07 4.480543774389e-07 1.371129498866e-02 6.503058733362e-05 1.763327304490e-01 8.916535662172e-07 0
261 5.474003494392e-01 2.470404229273e-01 -4.277088659683e-07 4.277088659683e-07 4.235365037844e-03 3.569795143363e-04 1.960102687252e-01 1.511938554247e-06 0
262 3.758671695595e-01 4.659521483911e-01 -1.081536751173e-06 1.081536751173e-06 1.120550040874e-02 9.441604359062e-05 1.870711799924e-01 1.057979015046e-06 0
263 5.004722884428e-01 3.649535769998e-01 -1.533048394607e-07 1.533048394607e-07 6.511089214711e-03 1.778828431944e-04 2.084261221156e-01 1.158211061805e-06 0
264 4.008238740783e-01 4.515446127337e-01 -9.265095063184e-07 9.265095063184e-07 1.042284196011e-02 1.043367639735e-04 1.907479627371e-01 1.087485601525e-06 0
265 5.788489515985e-01 1.529119510533e-01 -6.314657312704e-07 6.314657312704e-07 2.388412984344e-03 3.939740036349e-04 1.533448221440e-01 9.409726257755e-07 0
266 1.447062832664e-02 5.750597363309e-01 7.105990398956e-07 7.105990398956e-07 9.195485050796e-03 5.188759347061e-05 1.671180438851e-01 4.771315900808e-07 0
267 7.235589989078e-02 5.752778506570e-01 6.478616003282e-07 6.478616003282e-07 1.198770945500e-02 5.283137276782e-05 1.683279892095e-01 6.333271468493e-07 0
268 1.014449342102e-01 5.755209590884e-01 5.633702165683e-07 5.633702165683e-07 1.260534437472e-02 5.370216768386e-05 1.695515353031e-01 6.769343173241e-07 0
269 5.490809056516e-01 2.765152591595e-01 -4.414133959595e-07 4.414133959595e-07 4.646233947682e-03 3.276807148697e-04 2.087130018242e-01 1.522481261429e-06 0
270 1.605831142850e-01 5.766546981054e-01 2.460238955290e-07 2.460238955290e-07 1.509029351284e-02 6.174595564615e-05 1.733563746728e-01 9.317645939313e-07 0
271 4.507191170022e-01 4.227418854233e-01 -4.760098706838e-07 4.760098706838e-07 8.945671648304e-03 1.341054061499e-04 2.002459076857e-01 1.199662929680e-06 0
272 1.872077389414e-01 5.750084540330e-01 1.786983879674e-07 1.786983879674e-07 1.545321876598e-02 5.912430741984e-05 1.752864580144e-01 9.136608569460e-07 0
273 5.865639129274e-01 1.796558587638e-01 -1.033469718996e-07 1.033469718996e-07 2.921394187529e-03 4.197598086926e-04 1.779606546079e-01 1.226283865273e-06 0
274 5.728674478667e-01 2.284254134787e-01 -1.255149043594e-06 1.255149043594e-06 4.618358795999e-03 5.741578649346e-04 2.007821473146e-01 2.651667025812e-06 0
275 5.996286488768e-01 2.881783744225e-02 -1.204336310782e-06 1.204336310782e-06 2.504556438197e-03 4.166289351613e-04 3.606094535218e-02 1.043470681898e-06 0
276 5.993358992132e-01 5.733993001971e-02 -1.155053907567e-06 1.155053907567e-06 2.520057103440e-03 4.454851184781e-04 6.762371540370e-02 1.122647937297e-06 0
277 4.756412780963e-01 4.083098020445e-01 -2.338853265609e-07 2.338853265609e-07 8.259337990055e-03 1.454248278300e-04 2.062535807521e-01 1.201112805194e-06 0
278 5.990589985578e-01 1.130491116411e-01 -7.721561615699e-07 7.721561615699e-07 2.412591623498e-03 4.137912540917e-04 1.262247954285e-01 9.983093134985e-07 0
279 2.762991143418e-01 5.527107677241e-01 -1.063186812555e-06 1.063186812555e-06 1.740417051063e-02 6.308543690609e-05 1.821666387119e-01 1.097949700651e-06 0
280 3.008241045132e-01 5.381169455239e-01 -1.304710916713e-06 1.304710916713e-06 1.681627885554e-02 6.761968930220e-05 1.837101480856e-01 1.137111551431e-06 0
281 3.508060562475e-01 5.092325689064e-01 -1.362079990722e-06 1.362079990722e-06 1.502776893270e-02 7.896244011433e-05 1.882766146566e-01 1.186629304400e-06 0
282 5.991339119439e-01 1.379572078406e-01 -5.744201352070e-07 5.744201352070e-07 2.270726848268e-03 3.425698413627e-04 1.498345620187e-01 7.778825361891e-07 0
283 5.500897182629e-01 3.354365377807e-01 3.629368202778e-07 3.629368202778e-07 5.905196120684e-03 2.949991383851e-04 2.252353871050e-01 1.742027767597e-06 0
284 3.757781240054e-01 4.948067267130e-01 -1.232960974413e-06 1.232960974413e-06 1.412534013410e-02 8.645393851907e-05 1.913211474539e-01 1.221191287515e-06 0
285 5.254078071521e-01 3.792909449140e-01 3.660722700353e-07 3.660722700353e-07 7.185127100953e-03 2.106525909977e-04 2.211466034108e-01 1.513565640464e-06 0
286 4.257091624414e-01 4.659857956276e-01 -7.418761179344e-07 7.418761179344e-07 1.195313598698e-02 1.075372899066e-04 1.992281122230e-01 1.285407849925e-06 0
287 2.305306778199e-01 5.824889523288e-01 -2.882037621572e-07 2.882037621572e-07 1.559182298604e-02 4.365589107631e-05 1.805960670787e-01 6.806749259597e-07 0
288 2.901619795019e-02 6.001846482327e-01 8.103264357926e-07 8.103264357926e-07 1.339229622334e-02 5.059219743570e-05 1.709800349096e-01 6.775456946486e-07 0
289 4.506733129819e-01 4.515755220697e-01 -4.334081615916e-07 4.334081615916e-07 1.088518162679e-02 1.187019416345e-04 2.042584611729e-01 1.292092194144e-06 0
290 5.797613788061e-02 6.003752814626e-01 7.736804777558e-07 7.736804777558e-07 1.380837698921e-02 5.054602596584e-05 1.715782253425e-01 6.979585818429e-07 0
291 5.747082263224e-01 2.904450010660e-01 2.297767987382e-07 2.297767987382e-07 5.147511411917e-03 4.464011734144e-04 2.272363060781e-01 2.297855134443e-06 0
292 1.156934465753e-01 6.007787382131e-01 6.073301005925e-07 6.073301005925e-07 1.554929571838e-02 5.085183255275e-05 1.739082958380e-01 7.907101821840e-07 0
293 1.458257700255e-01 6.020338671092e-01 5.608780142593e-07 5.608780142593e-07 1.667378449993e-02 5.667664706107e-05 1.758742076359e-01 9.450141992747e-07 0
294 2.055430403992e-01 5.947843171505e-01 -1.092954834311e-07 1.092954834311e-07 1.635835172555e-02 5.197496252015e-05 1.797062271290e-01 8.502247178270e-07 0
295 5.503247506300e-01 3.646355583740e-01 4.940529058428e-07 4.940529058428e-07 6.751022489409e-03 2.116136831264e-04 2.301797400510e-01 1.428608733853e-06 0
296 6.246778367740e-01 1.434629483463e-02 -1.324007525126e-06 1.324007525126e-06 2.526389124075e-03 4.684440782690e-04 2.244910855273e-02 1.183472024576e-06 0
297 6.001331370303e-01 2.423032735329e-01 -2.724821775811e-07 2.724821775811e-07 4.854761835812e-03 7.974533309573e-04 2.233031493340e-01 3.871445996973e-06 0
298 5.751166614958e-01 3.204061265405e-01 3.084833192931e-07 3.084833192931e-07 5.689873263545e-03 3.138889713765e-04 2.350774812730e-01 1.785988465957e-06 0
299 6.125378093038e-01 1.789001201121e-01 -1.493959251837e-06 1.493959251837e-06 3.100489681224e-03 7.168329465702e-04 1.907952980129e-01 2.222533154002e-06 0
300 6.233290494037e-01 7.147764367546e-02 -1.041230285954e-06 1.041230285954e-06 2.525814915230e-03 4.526316756004e-04 8.938701442974e-02 1.143263837337e-06 0
301 6.224302160793e-01 9.920581646928e-02 -1.001563675083e-06 1.001563675083e-06 2.531719476175e-03 5.084825102039e-04 1.203496990980e-01 1.287335074378e-06 0
302 5.005621537527e-01 4.227207418497e-01 2.614786569204e-07 2.614786569204e-07 9.135481127313e-03 1.587869291708e-04 2.168690780847e-01 1.450594994704e-06 0
303 2.767405551374e-01 5.813852127367e-01 -1.105268974030e-06 1.105268974030e-06 2.076165869457e-02 5.663854983417e-05 1.859711980613e-01 1.175910240613e-06 0
304 6.196957733195e-01 1.517781285949e-01 -3.136417941872e-07 3.136417941872e-07 2.467063129413e-03 4.401131690681e-04 1.719825925440e-01 1.085786972177e-06 0
305 5.254970866234e-01 4.082371492868e-01 5.241421922215e-07 5.241421922215e-07 8.409224485853e-03 1.643435157599e-04 2.246490854467e-01 1.382001516819e-06 0
306 3.259122427084e-01 5.525156954944e-01 -1.602631579918e-06 1.602631579918e-06 1.990366279310e-02 6.693131595096e-05 1.895708523542e-01 1.332178342986e-06 0
307 3.507687538720e-01 5.380825751281e-01 -1.600873145711e-06 1.600873145711e-06 1.934873184942e-02 7.248621419918e-05 1.920516960424e-01 1.402516321319e-06 0
308 2.526276383619e-01 5.954134616554e-01 -6.807761967775e-07 6.807761967775e-07 2.113072132039e-02 5.110385400731e-05 1.847224702837e-01 1.079861297426e-06 0
309 6.002933592736e-01 2.748480248880e-01 -5.425877487815e-08 5.425877487815e-08 5.126001161663e-03 5.220638521345e-04 2.368313619163e-01 2.676099912504e-06 0
310 4.006845584898e-01 5.092444601695e-01 -1.124750088177e-06 1.124750088177e-06 1.638289987603e-02 8.741591382696e-05 1.985748905466e-01 1.432126163798e-06 0
311 4.256588924071e-01 4.948310647415e-01 -7.647884169142e-07 7.647884169142e-07 1.492171207577e-02 9.651323040422e-05 2.027364848562e-01 1.440142635594e-06 0
312 1.454556962355e-02 6.251249119017e-01 9.155471348460e-07 9.155471348460e-07 1.257117787715e-02 4.888445152980e-05 1.742459086305e-01 6.145351356082e-07 0
313 6.273884426206e-01 2.273677896489e-01 -1.264764787546e-07 1.264764787546e-07 4.790340309355e-03 8.264022904145e-04 2.316405233127e-01 3.958748203516e-06 0
314 6.313635727087e-01 1.972003918199e-01 -5.332706451857e-07 5.332706451857e-07 3.701269514257e-03 7.490082575918e-04 2.148332060553e-01 2.772281429752e-06 0
315 7.265690814747e-02 6.255311066951e-01 8.627933560767e-07 8.627933560767e-07 1.644288865217e-02 4.895548068204e-05 1.754096929332e-01 8.049695177685e-07 0
316 2.034200599428e-01 6.209291782873e-01 2.151098653930e-08 2.151098653930e-08 2.309452895655e-02 5.081995181824e-05 1.827660066987e-01 1.173662848837e-06 0
317 4.756059570225e-01 4.660119807718e-01 5.478882173426e-08 5.478882173426e-08 1.210458021973e-02 1.232758248914e-04 2.132008900036e-01 1.492202111552e-06 0
318 1.012851825227e-01 6.256914550142e-01 7.634736128174e-07 7.634736128174e-07 1.726344364261e-02 4.785349507613e-05 1.765191987531e-01 8.261161153489e-07 0
319 1.568831462588e-01 6.262852189822e-01 3.428053914740e-07 3.428053914740e-07 1.884926849726e-02 4.548324723236e-05 1.797460392995e-01 8.573259392102e-07 0
320 5.753731027974e-01 3.790752149692e-01 1.139015582187e-06 1.139015582187e-06 7.312176831195e-03 2.721392032770e-04 2.433295706799e-01 1.989929977062e-06 0
321 6.490997572494e-01 2.882087092126e-02 -1.198532646565e-06 1.198532646565e-06 2.521889921420e-03 4.668953427399e-04 4.174407732782e-02 1.177458659214e-06 0
322 5.005726366992e-01 4.515892839306e-01 4.231921200478e-07 4.231921200478e-07 1.092621303358e-02 1.332594461809e-04 2.196916791224e-01 1.456021097709e-06 0
323 6.480437195426e-01 5.743012718463e-02 -1.172269771630e-06 1.172269771630e-06 2.551457447184e-03 5.205004791848e-04 7.808075358239e-02 1.328034823879e-06 0
324 6.003742487204e-01 3.349574818172e-01 9.819744636501e-07 9.819744636501e-07 6.097131604003e-03 4.265001409942e-04 2.510741908308e-01 2.600427488768e-06 0
325 6.424220088677e-01 1.414045110194e-01 -9.109758374120e-07 9.109758374120e-07 2.654209129637e-03 6.803647015130e-04 1.726987008255e-01 1.805830202239e-06 0
326 6.452313650137e-01 1.137402950933e-01 -7.871471925375e-07 7.871471925375e-07 2.633413374240e-03 5.676868860792e-04 1.447862191574e-01 1.494954238182e-06 0
327 1.817706091061e-01 6.341347539214e-01 2.370298047111e-07 2.370298047111e-07 2.003942372661e-02 5.082901971585e-05 1.824887648958e-01 1.018584263694e-06 0
328 3.013286256870e-01 5.955733164808e-01 -1.518201176327e-06 1.518201176327e-06 2.514643745218e-02 5.677665951219e-05 1.909299854689e-01 1.427730717167e-06 0
329 3.259753230866e-01 5.812976214388e-01 -1.856313436149e-06 1.856313436149e-06 2.555519511323e-02 6.123319527252e-05 1.929473608039e-01 1.564826252596e-06 0
330 5.504737611637e-01 4.226714692239e-01 1.152348357531e-06 1.152348357531e-06 9.134940144152e-03 1.890299789964e-04 2.355415351750e-01 1.726777543583e-06 0
331 3.757039131235e-01 5.525043798239e-01 -1.609850038641e-06 1.609850038641e-06 2.217677566767e-02 7.216783174834e-05 1.982919863018e-01 1.600449815105e-06 0
332 4.006476499834e-01 5.380921070587e-01 -1.258648271452e-06 1.258648271452e-06 2.112607314656e-02 7.896602646305e-05 2.017189587884e-01 1.668242051152e-06 0
333 6.259767752187e-01 2.900175748808e-01 5.762812598770e-07 5.762812598770e-07 5.267039590143e-03 6.855529993126e-04 2.563543974451e-01 3.610834788521e-06 0
334 6.003956576550e-01 3.644275496527e-01 1.117044662006e-06 1.117044662006e-06 6.851362824776e-03 2.829669049142e-04 2.541930422141e-01 1.938708932971e-06 0
335 2.525821561475e-01 6.234957769057e-01 -7.112736019502e-07 7.112736019502e-07 2.526848049233e-02 4.866121886876e-05 1.879729712345e-01 1.229595059718e-06 0
336 4.506007979822e-01 5.092716085374e-01 -2.725086671870e-07 2.725086671870e-07 1.666593190827e-02 9.749056787031e-05 2.103465342707e-01 1.624771165825e-06 0
337 5.754328338598e-01 4.081649214463e-01 1.297695175579e-06 1.297695175579e-06 8.412892451431e-03 1.888221107658e-04 2.450287674949e-01 1.588540110325e-06 0
338 2.926560003031e-02 6.503379838137e-01 1.021617012011e-06 1.021617012011e-06 1.778641213619e-02 4.771101384017e-05 1.775510255690e-01 8.486077555967e-07 0
339 2.283622151490e-01 6.367161287159e-01 -1.880511940886e-07 1.880511940886e-07 2.770337392803e-02 4.679595783576e-05 1.869002972429e-01 1.296405918244e-06 0
340 4.755837120571e-01 4.948627981256e-01 1.983512208692e-07 1.983512208692e-07 1.482737471895e-02 1.074317621427e-04 2.156970159265e-01 1.592930994007e-06 0
341 5.841699862381e-02 6.505535453771e-01 9.984188737599e-07 9.984188737599e-07 1.843580029712e-02 4.747729109150e-05 1.781175689867e-01 8.752818572113e-07 0
342 1.160721320749e-01 6.502895478242e-01 7.768613398533e-07 7.768613398533e-07 1.942471337635e-02 4.530539588433e-05 1.802151642730e-01 8.800443294550e-07 0
343 6.256492294922e-01 3.201659063355e-01 7.935605645889e-07 7.935605645889e-07 5.771780997698e-03 4.884628447947e-04 2.625500127545e-01 2.819300565668e-06 0
344 6.533921967094e-01 2.453732125684e-01 -4.564692469215e-08 4.564692469215e-08 4.518392303987e-03 9.453086963177e-04 2.559535584054e-01 4.271275538334e-06 0
345 1.415377723609e-01 6.496281828960e-01 4.854927647283e-07 4.854927647283e-07 1.823092484819e-02 4.029557113784e-05 1.815090677952e-01 7.346255291289e-07 0
346 6.602678292693e-01 1.859829025941e-01 -7.975239416199e-07 7.975239416199e-07 3.391170576303e-03 9.314500614666e-04 2.218452785712e-01 3.158706041741e-06 0
347 6.744219204754e-01 1.447457608663e-02 -1.219595502455e-06 1.219595502455e-06 2.510227829016e-03 4.742879040761e-04 2.590821428540e-02 1.190570695778e-06 0
348 5.255330860623e-01 4.660315993444e-01 1.067329833511e-06 1.067329833511e-06 1.188550378812e-02 1.409399209940e-04 2.288222359576e-01 1.675141964871e-06 0
349 6.641683014127e-01 1.573090133109e-01 -5.163213564516e-07 5.163213564516e-07 2.921055020950e-03 8.081590628935e-04 1.983841789668e-01 2.360677088392e-06 0
350 6.518203070641e-01 2.754782464451e-01 4.327697157296e-07 4.327697157296e-07 4.886532307109e-03 8.049058135690e-04 2.669182639326e-01 3.933198262184e-06 0
351 6.718632914392e-01 7.224145109583e-02 -9.839084468728e-07 9.839084468728e-07 2.585708648619e-03 5.740794360584e-04 1.027091426361e-01 1.484402162811e-06 0
352 6.699497702347e-01 1.008234462107e-01 -1.024200095514e-06 1.024200095514e-06 2.665590829816e-03 6.946997875930e-04 1.384132461630e-01 1.851785383283e-06 0
353 5.504992776561e-01 4.515973772006e-01 1.342631176188e-06 1.342631176188e-06 1.073593582955e-02 1.468100743438e-04 2.367671396935e-01 1.576143537286e-06 0
354 3.013293821617e-01 6.241825069093e-01 -1.638146984522e-06 1.638146984522e-06 3.202636020850e-02 5.234555885826e-05 1.939186843529e-01 1.676437723310e-06 0
355 3.508196150696e-01 5.956931224532e-01 -1.913093806044e-06 1.913093806044e-06 2.647894037350e-02 6.037561703621e-05 1.983161321024e-01 1.598682363515e-06 0
356 1.817462299312e-01 6.622331742456e-01 3.570728921230e-07 3.570728921230e-07 2.207361629293e-02 3.528239426730e-05 1.856114147257e-01 7.788100329522e-07 0
357 3.756916939430e-01 5.813330012047e-01 -1.878769504495e-06 1.878769504495e-06 2.988916724108e-02 6.536499590540e-05 2.011396697522e-01 1.953705294329e-06 0
358 2.766958293976e-01 6.380767184155e-01 -1.144248747036e-06 1.144248747036e-06 3.236035306381e-02 4.877131999582e-05 1.922388272615e-01 1.578257134453e-06 0
359 4.255918998107e-01 5.525277631579e-01 -7.599409662911e-07 7.599409662911e-07 2.314527534171e-02 7.842993600965e-05 2.082528410123e-01 1.815282463976e-06 0
360 4.505707138923e-01 5.381206600645e-01 -1.854322788458e-07 1.854322788458e-07 2.105545259611e-02 8.637053987771e-05 2.126576800268e-01 1.818570808096e-06 0
361 6.254019921475e-01 3.790340222655e-01 1.576479977715e-06 1.576479977715e-06 7.260572734673e-03 3.577195753367e-04 2.667563498602e-01 2.597248995349e-06 0
362 1.472003040676e-02 6.752130719119e-01 1.106252612435e-06 1.106252612435e-06 1.611977090076e-02 4.608753699623e-05 1.802786155467e-01 7.429205377598e-07 0
363 6.004034544703e-01 4.226572378807e-01 1.775167824363e-06 1.775167824363e-06 8.982324640410e-03 2.252985294779e-04 2.555308905045e-01 2.023704532777e-06 0
364 2.274631365648e-01 6.647565816500e-01 9.536241255144e-08 9.536241255144e-08 2.855002978955e-02 4.419864294710e-05 1.897049445120e-01 1.261872572798e-06 0
365 1.574318125678e-01 6.705537717921e-01 5.241245655475e-07 5.241245655475e-07 2.206144403301e-02 3.656876803311e-05 1.848014281661e-01 8.067598293185e-07 0
366 7.366721949007e-02 6.759592228800e-01 1.133742916174e-06 1.133742916174e-06 2.144625346762e-02 4.709955047535e-05 1.814221514008e-01 1.010108897705e-06 0
367 1.026940785659e-01 6.755348770079e-01 1.056940085414e-06 1.056940085414e-06 2.278645674760e-02 4.613394746870e-05 1.824183199942e-01 1.051229198591e-06 0
368 6.798816061778e-01 2.320122126564e-01 5.832304471109e-08 5.832304471109e-08 4.039036122434e-03 1.078000836910e-03 2.636257137666e-01 4.354084320294e-06 0
369 6.827821086497e-01 2.027893005112e-01 -4.076704743969e-07 4.076704743969e-07 3.570286906987e-03 1.093036351001e-03 2.462783216405e-01 3.902453372841e-06 0
370 5.005429734201e-01 5.093086611039e-01 9.059931668808e-07 9.059931668808e-07 1.611846182677e-02 1.087396295899e-04 2.234514493132e-01 1.752715568601e-06 0
371 6.507016149965e-01 3.350974147414e-01 1.187381993922e-06 1.187381993922e-06 6.010495518025e-03 5.952806158888e-04 2.776025969429e-01 3.577931473767e-06 0
372 2.024966021837e-01 6.770680515456e-01 5.006194860618e-07 5.006194860618e-07 3.175529101413e-02 4.219823853314e-05 1.887287809935e-01 1.340017344903e-06 0
373 5.255256677486e-01 4.949001591639e-01 1.287181870522e-06 1.287181870522e-06 1.426259975228e-02 1.180009422465e-04 2.299937203229e-01 1.683000209653e-06 0
374 6.987690457618e-01 2.923274473091e-02 -1.006224620765e-06 1.006224620765e-06 2.486131813115e-03 5.172887280925e-04 4.760050601972e-02 1.286047963476e-06 0
375 6.253500579004e-01 4.081740040164e-01 1.676225146239e-06 1.676225146239e-06 8.256527138981e-03 2.395794465076e-04 2.662571803591e-01 1.978094202032e-06 0
376 6.972664544324e-01 5.839036347673e-02 -9.949786705451e-07 9.949786705451e-07 2.548737358476e-03 5.907330930178e-04 8.907555093687e-02 1.505623503063e-06 0
377 6.901509121405e-01 1.452313610514e-01 -8.519372133490e-07 8.519372133490e-07 2.903722318446e-03 9.691491061598e-04 1.972032979077e-01 2.814139889458e-06 0
378 6.931230248166e-01 1.164100098773e-01 -7.157134744528e-07 7.157134744528e-07 2.755863436383e-03 8.271504821647e-04 1.651690504361e-01 2.279513770184e-06 0
379 6.766957554804e-01 2.911489771265e-01 5.943870670989e-07 5.943870670989e-07 4.973071184869e-03 9.088886386267e-04 2.847161929865e-01 4.519967899009e-06 0
380 6.504329687172e-01 3.644954628359e-01 1.337891484973e-06 1.337891484973e-06 6.738868590027e-03 4.161978416622e-04 2.785409417441e-01 2.804702562415e-06 0
381 5.754604791460e-01 4.660581565446e-01 1.849980974571e-06 1.849980974571e-06 1.148733890501e-02 1.587271095987e-04 2.456313134688e-01 1.823352101373e-06 0
382 3.259458253451e-01 6.422680034321e-01 -1.184454966781e-06 1.184454966781e-06 3.440583698342e-02 4.445931217485e-05 1.985415278297e-01 1.529659847083e-06 0
383 3.507958151542e-01 6.244707028751e-01 -1.994227990212e-06 1.994227990212e-06 3.157027142306e-02 5.399905977923e-05 2.008922452743e-01 1.704764973821e-06 0
384 4.006083838576e-01 5.957660198829e-01 -1.266279074993e-06 1.266279074993e-06 2.740982321223e-02 6.417265054647e-05 2.067832152175e-01 1.758961006539e-06 0
385 6.004055832641e-01 4.516245650023e-01 1.887227350497e-06 1.887227350497e-06 1.040072956134e-02 1.636501309153e-04 2.547955749912e-01 1.702080754327e-06 0
386 4.255648528655e-01 5.813730546014e-01 -8.027330026435e-07 8.027330026435e-07 3.087990715247e-02 7.001383597958e-05 2.104242167658e-01 2.162020754438e-06 0
387 2.793681606475e-01 6.684478267197e-01 -7.574996563285e-07 7.574996563285e-07 2.954743880917e-02 4.518891216070e-05 1.948585618348e-01 1.335216616921e-06 0
388 4.755294976489e-01 5.525651109992e-01 6.557630831989e-07 6.557630831989e-07 2.254042993387e-02 8.550293399285e-05 2.193212912986e-01 1.927272892807e-06 0
389 6.759046091393e-01 3.206198139680e-01 9.127604873617e-07 9.127604873617e-07 5.562018072980e-03 7.179438384568e-04 2.890742135716e-01 3.993216604882e-06 0
390 2.513259749368e-01 6.800462615822e-01 -2.072168279874e-07 2.072168279874e-07 3.063609627147e-02 4.393628517580e-05 1.934135918615e-01 1.346036262457e-06 0
391 1.495058922330e-01 6.976900547129e-01 1.407579111319e-06 1.407579111319e-06 3.264286091058e-02 5.105972875959e-05 1.869920688009e-01 1.666735624031e-06 0
392 2.955086129837e-02 7.005425012117e-01 1.200345888588e-06 1.200345888588e-06 2.213975539330e-02 4.486750460967e-05 1.830627663296e-01 9.933555771657e-07 0
393 5.005188431018e-01 5.381619224503e-01 1.149871046418e-06 1.149871046418e-06 1.977399458769e-02 9.413264437872e-05 2.246982776166e-01 1.861378400470e-06 0
394 5.934665178817e-02 7.010730906163e-01 1.224265796849e-06 1.224265796849e-06 2.315464366493e-02 4.546220042765e-05 1.836376815792e-01 1.052661051126e-06 0
395 1.202337985171e-01 7.020097950005e-01 1.353504393101e-06 1.353504393101e-06 2.755547516702e-02 5.146198988407e-05 1.858656897523e-01 1.418059584296e-06 0
396 7.036301107142e-01 2.480812293207e-01 -3.007204613294e-08 3.007204613294e-08 4.022844143537e-03 1.170935305719e-03 2.835471300957e-01 4.710490237073e-06 0
397 7.093231925407e-01 1.905287587911e-01 -3.178071736360e-07 3.178071736360e-07 3.270627841255e-03 1.191820250430e-03 2.487426630765e-01 3.898000492829e-06 0
398 7.020161496621e-01 2.771129599140e-01 5.416216551211e-07 5.416216551211e-07 4.527677923156e-03 1.053645283321e-03 2.936074935291e-01 4.770566488131e-06 0
399 5.504853158382e-01 5.093537253892e-01 1.862603075011e-06 1.862603075011e-06 1.524367455924e-02 1.199205346192e-04 2.375701211628e-01 1.828029602706e-06 0
400 7.127915238882e-01 1.616447086146e-01 -4.469981453372e-07 4.469981453372e-07 3.043790760124e-03 1.150375183873e-03 2.231670848384e-01 3.501501355349e-06 0
401 7.243471252864e-01 1.475816864428e-02 -8.523338713841e-07 8.523338713841e-07 2.409382765402e-03 4.256371149201e-04 2.917072521572e-02 1.025522729004e-06 0
402 2.003508585631e-01 7.056679615579e-01 9.400667877995e-07 9.400667877995e-07 3.111677402820e-02 4.335181781876e-05 1.911595223886e-01 1.348968718778e-06 0
403 5.754539356418e-01 4.949459449137e-01 1.998433217174e-06 1.998433217174e-06 1.354053499171e-02 1.276593005688e-04 2.451781109435e-01 1.728575226368e-06 0
404 6.502210519159e-01 4.227201946202e-01 1.739961597697e-06 1.739961597697e-06 8.673908734701e-03 2.666384258922e-04 2.754152557878e-01 2.312797371353e-06 0
405 7.213952688941e-01 7.383000595412e-02 -7.474115709892e-07 7.474115709892e-07 2.563392751386e-03 7.223700031421e-04 1.155789175529e-01 1.851718029873e-06 0
406 7.191653604828e-01 1.032676572398e-01 -7.992014340511e-07 7.992014340511e-07 2.712317004774e-03 8.820339906075e-04 1.558796639534e-01 2.392355791514e-06 0
407 6.752386687637e-01 3.792058165406e-01 1.363021166893e-06 1.363021166893e-06 7.038076433524e-03 4.587337677946e-04 2.891377181247e-01 3.228603320377e-06 0
408 3.257003117884e-01 6.818194035444e-01 -1.294962870265e-07 1.294962870265e-07 1.441957582440e-02 1.124398837842e-05 2.019040193323e-01 1.621335429913e-07 0
409 3.134769380071e-01 6.601039038679e-01 -1.250739444959e-07 1.250739444959e-07 1.190477405569e-02 1.244012303640e-05 1.987073368740e-01 1.480968539733e-07 0
410 3.382629115509e-01 6.603340531959e-01 -1.926211221086e-07 1.926211221086e-07 1.418966135844e-02 1.243082827053e-05 2.019611719675e-01 1.763892435637e-07 0
411 3.258133871155e-01 6.674191202027e-01 -1.330381806520e-07 1.330381806520e-07 1.291825952264e-02 1.159755319612e-05 2.008574969739e-01 1.498202020150e-07 0
412 3.756331408830e-01 6.425428733693e-01 -7.517552061405e-07 7.517552061405e-07 3.527877028154e-02 4.850597891801e-05 2.057855190002e-01 1.711231287530e-06 0
413 3.132103117331e-01 6.888234767257e-01 -1.025190387516e-07 1.025190387516e-07 1.501469872193e-02 1.101258289188e-05 2.008835798556e-01 1.653506142718e-07 0
414 2.883029113295e-01 6.883503459211e-01 -6.934918602956e-08 6.934918602956e-08 1.504894388875e-02 1.094343676224e-05 1.979852607771e-01 1.646871657849e-07 0
415 3.009869379518e-01 6.671079770492e-01 -1.183724235647e-07 1.183724235647e-07 1.236361736272e-02 1.206169072712e-05 1.977455129050e-01 1.491261288976e-07 0
416 3.008333870048e-01 6.814272665654e-01 -1.017386916285e-07 1.017386916285e-07 1.216063163866e-02 1.128279661120e-05 1.988724039632e-01 1.372059334427e-07 0
417 1.716745659758e-01 7.179693671786e-01 1.407038939159e-06 1.407038939159e-06 3.224153482448e-02 5.091759140956e-05 1.901977184020e-01 1.641661296610e-06 0
418 4.005778478842e-01 6.245988389502e-01 -1.243737163006e-06 1.243737163006e-06 3.178337836476e-02 5.706849153993e-05 2.088197122452e-01 1.813829459320e-06 0
419 4.505145993316e-01 5.958163092958e-01 3.394904856642e-07 3.394904856642e-07 2.893051338519e-02 6.839240654199e-05 2.162026922111e-01 1.978627432909e-06 0
420 4.755004300335e-01 5.814154687871e-01 8.762706512799e-07 8.762706512799e-07 2.848531904517e-02 7.504569818674e-05 2.206471960898e-01 2.137700655817e-06 0
421 6.253275092774e-01 4.661056546051e-01 1.995272719576e-06 1.995272719576e-06 1.096159270356e-02 1.741329645382e-04 2.627503016679e-01 1.908774633531e-06 0
422 7.005768306662e-01 3.355621578584e-01 8.550737819575e-07 8.550737819575e-07 5.767511229815e-03 7.660483510009e-04 3.013206980305e-01 4.418192466979e-06 0
423 2.535225382628e-01 7.107151939386e-01 1.212727731085e-07 1.212727731085e-07 3.385995001085e-02 4.039364615126e-05 1.957055531271e-01 1.367726839438e-06 0
424 6.750786862095e-01 4.082905665740e-01 1.408702173038e-06 1.408702173038e-06 7.953331564564e-03 3.223484441609e-04 2.864359790624e-01 2.563744055733e-06 0
425 1.483083089160e-02 7.253294292998e-01 1.255922600819e-06 1.255922600819e-06 1.951412784050e-02 4.323496785576e-05 1.852883734615e-01 8.436926899174e-07 0
426 1.060947331909e-01 7.280079240927e-01 1.851548253344e-06 1.851548253344e-06 3.315444759410e-02 5.133681675857e-05 1.876227844148e-01 1.702043800870e-06 0
427 7.423444553785e-02 7.266468738364e-01 1.371827571684e-06 1.371827571684e-06 2.725751736907e-02 4.379025961474e-05 1.864089477645e-01 1.193613762045e-06 0
428 6.501963744991e-01 4.516845180873e-01 1.746296950727e-06 1.746296950727e-06 9.928012986949e-03 1.935023580590e-04 2.725783594305e-01 1.921093923815e-06 0
429 5.254790711413e-01 5.526122582450e-01 1.866490748622e-06 1.866490748622e-06 2.100239707580e-02 9.293150963366e-05 2.312541576074e-01 1.951784466180e-06 0
430 2.242628835211e-01 7.256892027786e-01 -1.743729150507e-08 1.743729150507e-08 3.129736051523e-02 3.216984166666e-05 1.944288579501e-01 1.006831132359e-06 0
431 7.287247596493e-01 2.351072908645e-01 3.574780569540e-07 3.574780569540e-07 3.559462499072e-03 1.234182092797e-03 2.875905978326e-01 4.393024876337e-06 0
432 7.315173390038e-01 2.067777324801e-01 -3.470512409623e-07 3.470512409623e-07 3.224071795746e-03 1.296096094306e-03 2.701890242253e-01 4.178706862228e-06 0
433 5.504628495493e-01 5.382125631239e-01 2.065618582345e-06 2.065618582345e-06 1.827542195444e-02 1.015571313343e-04 2.375221818969e-01 1.855999427616e-06 0
434 7.001795365699e-01 3.647501123364e-01 1.008469388587e-06 1.008469388587e-06 6.500613252707e-03 5.713584909239e-04 3.003688615832e-01 3.714180578147e-06 0
435 7.261293668597e-01 2.921220316573e-01 2.400098952438e-07 2.400098952438e-07 4.609945671392e-03 1.090334599182e-03 3.074559433508e-01 5.026383265868e-06 0
436 7.396824381585e-01 1.493663142408e-01 -5.472763014032e-07 5.472763014032e-07 2.992367825442e-03 1.220734126149e-03 2.183888309762e-01 3.652885522506e-06 0
437 7.488866913896e-01 2.984836030289e-02 -6.102027203814e-07 6.102027203814e-07 2.351587843932e-03 5.453962404247e-04 5.250118356810e-02 1.282547169109e-06 0
438 7.474374263267e-01 5.976257886690e-02 -5.693894792916e-07 5.693894792916e-07 2.450393990586e-03 6.357070492605e-04 9.849182146878e-02 1.557732733281e-06 0
439 7.430841620771e-01 1.198106140402e-01 -4.150514070207e-07 4.150514070207e-07 2.807434823934e-03 1.090356879527e-03 1.832607732668e-01 3.061105874100e-06 0
440 6.003932403385e-01 5.094088993596e-01 2.159819541294e-06 2.159819541294e-06 1.425375762759e-02 1.288237887458e-04 2.521354093946e-01 1.836223061451e-06 0
441 7.254811942049e-01 3.211003927601e-01 6.707926833257e-07 6.707926833257e-07 5.301618893525e-03 9.123376034908e-04 3.107546288756e-01 4.836866275940e-06 0
442 3.380893494454e-01 6.891227035957e-01 -1.235098827566e-07 1.235098827566e-07 1.697294467296e-02 1.104007047867e-05 2.039639123513e-01 1.873825054199e-07 0
443 3.506519492079e-01 6.676373532472e-01 -1.417664108009e-07 1.417664108009e-07 1.356800317175e-02 1.173740895677e-05 2.041688575190e-01 1.592532019536e-07 0
444 3.630330886350e-01 6.893171040732e-01 -1.193113555102e-07 1.193113555102e-07 1.869807927039e-02 1.105852607140e-05 2.072321041679e-01 2.067731970967e-07 0
445 3.505914624294e-01 6.820257203054e-01 -1.440686631920e-07 1.440686631920e-07 1.698121337076e-02 1.130908233551e-05 2.051223528902e-01 1.920419401668e-07 0
446 3.755233063503e-01 6.821860890258e-01 -1.290305160429e-07 1.290305160429e-07 1.914206348166e-02 1.137891058383e-05 2.085279223705e-01 2.178158287478e-07 0
447 3.631421669231e-01 6.605063381998e-01 -1.686040380315e-07 1.686040380315e-07 1.456984618994e-02 1.261917188714e-05 2.054265817811e-01 1.838593934400e-07 0
448 3.880502203062e-01 6.605986434061e-01 -1.527974109027e-07 1.527974109027e-07 1.648051562097e-02 1.272488071113e-05 2.090839612782e-01 2.097125953348e-07 0
449 3.755718978599e-01 6.677636902106e-01 -1.207068903582e-07 1.207068903582e-07 1.397190730825e-02 1.188464511096e-05 2.076789577648e-01 1.660511598817e-07 0
450 6.253217098560e-01 4.950022005933e-01 2.002235444812e-06 2.002235444812e-06 1.273558237461e-02 1.384601989957e-04 2.604904411050e-01 1.763371269915e-06 0
451 1.730407348858e-01 7.505166741195e-01 1.700549494924e-06 1.700549494924e-06 3.451409692868e-02 4.775565439658e-05 1.924555368848e-01 1.648243284736e-06 0
452 4.254987414496e-01 6.426597071348e-01 5.796178369083e-07 5.796178369083e-07 3.674677694115e-02 5.310648049499e-05 2.138621490813e-01 1.951491992879e-06 0
453 4.504829310031e-01 6.246652087423e-01 5.474804707686e-07 5.474804707686e-07 3.425351362565e-02 6.028158979601e-05 2.175699269483e-01 2.064856257454e-06 0
454 3.130417345577e-01 7.032202103592e-01 -8.899508862228e-08 8.899508862228e-08 1.582079032253e-02 1.061116568799e-05 2.018686714524e-01 1.678770274274e-07 0
455 3.003126292503e-01 7.246949115834e-01 -3.035089526426e-08 3.035089526426e-08 1.670076530134e-02 9.973384730166e-06 2.018589047536e-01 1.665631576385e-07 0
456 2.881343341542e-01 7.027470795547e-01 -4.907728016090e-08 4.907728016090e-08 1.249557991505e-02 1.062703538890e-05 1.990515961276e-01 1.327909699621e-07 0
457 3.004962326541e-01 7.102207338324e-01 -5.400257787998e-08 5.400257787998e-08 1.689820189119e-02 1.042060349024e-05 2.009261660365e-01 1.760894616062e-07 0
458 5.004603766869e-01 5.958637137003e-01 1.884871413647e-06 1.884871413647e-06 2.933310405384e-02 7.296006863948e-05 2.263785360766e-01 2.140145285177e-06 0
459 2.754619354299e-01 7.096864001885e-01 -1.785723136423e-08 1.785723136423e-08 1.589183964019e-02 1.055749645784e-05 1.982278809693e-01 1.677780407100e-07 0
460 2.876402305261e-01 7.316342322172e-01 2.106464133645e-09 2.106464133645e-09 1.803332976263e-02 9.959575603397e-06 2.009753500307e-01 1.796043111518e-07 0
461 2.623521396608e-01 7.309774928944e-01 3.332196975775e-08 3.332196975775e-08 1.565080039774e-02 1.062177599028e-05 1.984493659871e-01 1.662392958934e-07 0
462 2.751514352056e-01 7.240993751000e-01 8.255885973757e-09 8.255885973757e-09 1.318779581305e-02 1.025959128448e-05 1.992174481951e-01 1.353013949851e-07 0
463 6.997302404337e-01 4.228600561818e-01 1.040668768557e-06 1.040668768557e-06 8.255916446599e-03 3.050939315755e-04 2.932372280299e-01 2.518830007452e-06 0
464 5.254496723418e-01 5.814636917071e-01 2.124053847947e-06 2.124053847947e-06 2.540764658124e-02 8.035266944058e-05 2.315638903331e-01 2.041572227006e-06 0
465 2.965910668685e-02 7.507057352443e-01 1.312023429129e-06 1.312023429129e-06 2.584957087998e-02 4.184779832615e-05 1.875771391140e-01 1.081747629003e-06 0
466 5.926693084329e-02 7.514925903763e-01 1.331974156368e-06 1.331974156368e-06 2.701133812627e-02 4.138913810703e-05 1.881225298587e-01 1.117976004164e-06 0
467 1.181177110927e-01 7.534970575535e-01 1.175412998708e-06 1.175412998708e-06 2.800865315675e-02 4.142295644838e-05 1.901891891028e-01 1.160201219890e-06 0
468 6.750315546028e-01 4.661564847151e-01 1.403958935696e-06 1.403958935696e-06 1.031847435456e-02 1.847118977087e-04 2.788941144161e-01 1.905944979490e-06 0
469 2.364753052270e-01 7.446325500755e-01 7.464724930640e-08 7.464724930640e-08 1.215669762976e-02 1.100982444061e-05 1.970735815868e-01 1.338431066813e-07 0
470 2.231457657798e-01 7.662891158214e-01 1.133033429609e-07 1.133033429609e-07 1.260719458842e-02 9.992079525782e-06 1.974111109032e-01 1.259720909245e-07 0
471 2.105722280073e-01 7.433068024896e-01 1.305694363856e-07 1.305694363856e-07 1.418344309657e-02 1.096143555883e-05 1.949050787089e-01 1.554708975054e-07 0
472 2.233977663380e-01 7.514094894622e-01 9.083596252378e-08 9.083596252378e-08 1.273450999277e-02 1.016980145276e-05 1.964636007370e-01 1.295074382246e-07 0
473 7.515797355149e-01 2.499350551316e-01 -2.477627549476e-07 2.477627549476e-07 3.495758298198e-03 1.238059713010e-03 3.026689750937e-01 4.327957515421e-06 0
474 7.505983037774e-01 2.779180653311e-01 5.525699167903e-07 5.525699167903e-07 4.098645199281e-03 1.195013468803e-03 3.124635880788e-01 4.897936216986e-06 0
475 1.452808979128e-01 7.625299989847e-01 1.684451878964e-06 1.684451878964e-06 3.603392077181e-02 4.699450315501e-05 1.921192804443e-01 1.693396203398e-06 0
476 5.754059474613e-01 5.526660353324e-01 2.302135524331e-06 2.302135524331e-06 1.917067905015e-02 9.960011306942e-05 2.436573385178e-01 1.909401801012e-06 0
477 7.573671183009e-01 1.954598959882e-01 1.170354275242e-07 1.170354275242e-07 2.955530729125e-03 1.278408257993e-03 2.688565381851e-01 3.778374890867e-06 0
478 7.247407489715e-01 3.795147115091e-01 6.623606447999e-07 6.623606447999e-07 6.764534412139e-03 5.490383346968e-04 3.077585047012e-01 3.713988708640e-06 0
479 7.620638861081e-01 1.669325279255e-01 -9.970288810360e-08 9.970288810360e-08 3.067230462129e-03 1.394969821043e-03 2.428249099510e-01 4.278693928854e-06 0
480 6.003677184469e-01 5.382701520436e-01 2.190068202619e-06 2.190068202619e-06 1.675395540990e-02 1.082815378186e-04 2.506217790163e-01 1.814144056327e-06 0
481 1.836487644361e-01 7.723684027427e-01 1.441030096871e-07 1.441030096871e-07 1.184517322950e-02 1.107716205808e-05 1.950219214385e-01 1.312109034692e-07 0
482 1.973655928095e-01 7.502407656564e-01 1.273247705914e-07 1.273247705914e-07 1.431712838905e-02 1.132888744098e-05 1.944336793168e-01 1.621971359977e-07 0
483 2.099391305821e-01 7.732230789882e-01 1.295531138368e-07 1.295531138368e-07 1.292820081649e-02 1.030266590804e-05 1.968583934242e-01 1.331949338043e-07 0
484 1.969844959426e-01 7.652774157958e-01 1.294525441865e-07 1.294525441865e-07 1.178565179802e-02 1.071749240502e-05 1.954380241742e-01 1.263126336335e-07 0
485 7.745395661031e-01 1.509019165860e-02 -3.139522459927e-07 3.139522459927e-07 2.203099215575e-03 3.520267887080e-04 3.151930755311e-02 7.755499420641e-07 0
486 6.997077862438e-01 4.517616508558e-01 9.892538938980e-07 9.892538938980e-07 9.292633576815e-03 2.322765677715e-04 2.885356464699e-01 2.158461032781e-06 0
487 7.702602906923e-01 1.063952381178e-01 -3.390904110511e-07 3.390904110511e-07 2.716367456068e-03 1.050305904997e-03 1.696921775260e-01 2.853016779251e-06 0
488 7.723836465305e-01 7.578485423021e-02 -3.561189861653e-07 3.561189861653e-07 2.446199879552e-03 8.358197103140e-04 1.253698582679e-01 2.044582074697e-06 0
489 7.501094162458e-01 3.358086910153e-01 3.130185612556e-07 3.130185612556e-07 5.567566566724e-03 9.008216386050e-04 3.189939661599e-01 5.015384437678e-06 0
490 7.244514353895e-01 4.085399053211e-01 6.484050075007e-07 6.484050075007e-07 7.623025088770e-03 4.012738356724e-04 3.033240715121e-01 3.058920516798e-06 0
491 3.380206104965e-01 7.035414902385e-01 -1.162899404832e-07 1.162899404832e-07 1.997101903091e-02 1.056478836703e-05 2.048735525559e-01 2.109895895356e-07 0
492 3.629643496862e-01 7.037358907159e-01 -1.182643911120e-07 1.182643911120e-07 2.388358124652e-02 1.054823593313e-05 2.080447875389e-01 2.519296499163e-07 0
493 3.503769934125e-01 7.253124998182e-01 -8.787355591496e-08 8.787355591496e-08 2.861586748295e-02 9.774275282184e-06 2.076241398092e-01 2.796993662169e-07 0
494 3.504539845318e-01 7.108632935909e-01 -9.865384685792e-08 9.865384685792e-08 2.397597129963e-02 1.029864784297e-05 2.068470331553e-01 2.469200851081e-07 0
495 4.004992927276e-01 6.678505246605e-01 -7.383087434143e-08 7.383087434143e-08 1.443503507453e-02 1.206928527476e-05 2.113690516783e-01 1.742205562657e-07 0
496 4.129384566086e-01 6.895138632175e-01 -2.422726132849e-08 2.422726132849e-08 1.996028268760e-02 1.120110806123e-05 2.142662329053e-01 2.235772833166e-07 0
497 3.879723787716e-01 6.894379702802e-01 -8.720322654363e-08 8.720322654363e-08 1.984973658646e-02 1.113317944486e-05 2.106692301947e-01 2.209906793503e-07 0
498 4.004700427026e-01 6.822674527194e-01 -8.430939279959e-08 8.430939279959e-08 2.013132717004e-02 1.148490964667e-05 2.121022601589e-01 2.312064736156e-07 0
499 3.254629956642e-01 7.106349238207e-01 -8.713887903141e-08 8.713887903141e-08 2.047770110136e-02 1.037674967264e-05 2.038007742405e-01 2.124919781999e-07 0
500 3.378193785802e-01 7.324059334004e-01 -6.134494247519e-08 6.134494247519e-08 2.855848117308e-02 9.601018756941e-06 2.065087714893e-01 2.741905134125e-07 0
501 3.127338903568e-01 7.321096250448e-01 -3.385770829862e-08 3.385770829862e-08 2.274165490594e-02 9.719046373129e-06 2.036593316245e-01 2.210271986325e-07 0
502 3.253387548671e-01 7.250501607553e-01 -6.847280305506e-08 6.847280305506e-08 2.229607681695e-02 9.895756344640e-06 2.046567872881e-01 2.206365436219e-07 0
503 4.129944231645e-01 6.606683469846e-01 -9.623246388218e-08 9.623246388218e-08 1.681389029581e-02 1.287541257882e-05 2.129243773940e-01 2.164857746136e-07 0
504 4.379529005191e-01 6.607092595767e-01 6.250680627323e-09 6.250680627323e-09 1.482936794399e-02 1.302794321738e-05 2.169261038813e-01 1.931961635240e-07 0
505 4.254335870455e-01 6.823316855417e-01 -1.348604669192e-08 1.348604669192e-08 1.937221810704e-02 1.160695258966e-05 2.158325730303e-01 2.248524171249e-07 0
506 4.254603035764e-01 6.679030973677e-01 -8.843387694940e-10 8.843387694940e-10 1.428979799266e-02 1.226681377395e-05 2.152270231190e-01 1.752902908433e-07 0
507 6.502332202928e-01 5.094727150495e-01 1.714144574127e-06 1.714144574127e-06 1.323163369000e-02 1.331265928015e-04 2.663159332769e-01 1.761482310346e-06 0
508 4.754331332385e-01 6.427224951509e-01 1.935404808134e-06 1.935404808134e-06 3.792998176957e-02 5.741377155499e-05 2.226179776463e-01 2.177703308403e-06 1
509 5.004287767573e-01 6.247154415435e-01 2.110784926473e-06 2.110784926473e-06 3.650045334021e-02 6.323169129081e-05 2.269510260077e-01 2.307985397583e-06 1
510 2.745229275374e-01 7.677247036920e-01 8.105492568042e-08 8.105492568042e-08 1.717680942056e-02 9.111624838657e-06 2.018532666705e-01 1.565086433652e-07 0
511 2.621173876877e-01 7.454870687703e-01 6.860901077341e-08 6.860901077341e-08 1.393332439643e-02 9.896523945841e-06 1.993875998491e-01 1.378914785344e-07 0
512 2.874054785530e-01 7.461438080931e-01 3.067588202455e-08 3.067588202455e-08 1.748948593393e-02 9.653654397248e-06 2.018472393403e-01 1.688374527917e-07 0
513 2.746819312594e-01 7.531185268518e-01 5.842770111706e-08 5.842770111706e-08 1.802051372498e-02 9.532029367020e-06 2.010289352801e-01 1.717720660353e-07 0
514 6.750741998180e-01 4.950481356891e-01 1.329155275951e-06 1.329155275951e-06 1.192328028831e-02 1.525861125912e-04 2.748920258586e-01 1.819326988528e-06 0
515 7.497662651087e-01 3.650350552862e-01 3.641450385872e-07 3.641450385872e-07 6.275151613241e-03 6.896479819903e-04 3.169218778339e-01 4.327645646755e-06 0
516 1.482827579525e-02 7.753763059444e-01 1.325262580273e-06 1.325262580273e-06 2.195620611634e-02 4.046957676961e-05 1.893367180506e-01 8.885583689948e-07 0
517 5.504009606489e-01 5.959117649134e-01 2.485388671863e-06 2.485388671863e-06 2.668047599488e-02 7.786032431462e-05 2.370168546594e-01 2.077350513830e-06 0
518 2.492448442502e-01 7.524870109114e-01 7.589933333761e-08 7.589933333761e-08 1.526013682973e-02 9.344556745234e-06 1.986824309884e-01 1.425992145454e-07 0
519 2.616503840999e-01 7.747246458331e-01 9.764627170402e-08 9.764627170402e-08 1.706449172918e-02 9.185237167248e-06 2.010826973964e-01 1.567414036710e-07 0
520 2.359153048030e-01 7.741435766573e-01 1.094839011532e-07 1.094839011532e-07 1.409552652331e-02 9.421166270376e-06 1.988914293764e-01 1.327962990446e-07 0
521 2.489368443844e-01 7.671184111339e-01 1.009269844588e-07 1.009269844588e-07 1.435307636953e-02 9.409188109598e-06 1.995518709240e-01 1.350507955124e-07 0
522 7.402090832385e-02 7.768120171057e-01 1.322092685802e-06 1.322092685802e-06 2.789941221799e-02 3.973858533234e-05 1.903717471871e-01 1.108683173147e-06 0
523 1.010114009201e-01 7.774554340267e-01 1.047394950468e-06 1.047394950468e-06 2.638394581724e-02 3.527395305213e-05 1.912401604465e-01 9.306660660875e-07 0
524 5.753734573604e-01 5.815138036597e-01 2.376694566391e-06 2.376694566391e-06 2.273558785535e-02 8.545552688679e-05 2.428110455487e-01 1.942881639260e-06 0
525 7.735003086124e-01 2.376071178514e-01 9.291901665599e-07 9.291901665599e-07 2.778192500717e-03 1.099350792683e-03 3.018850053410e-01 3.054208127889e-06 0
526 7.764951120439e-01 2.114615170923e-01 -4.474169970709e-07 4.474169970709e-07 2.613104346651e-03 1.189824377447e-03 2.855651652444e-01 3.109135252456e-06 0
527 7.745350393118e-01 2.919272126836e-01 -7.529329798938e-08 7.529329798938e-08 4.320892756479e-03 1.169541028481e-03 3.215697340051e-01 5.053461358368e-06 0
528 1.448914322735e-01 7.945304855361e-01 1.621207099925e-06 1.621207099925e-06 3.753990788412e-02 3.906525699317e-05 1.942161042913e-01 1.466506148993e-06 0
529 7.917645852353e-01 1.558195404587e-01 -4.831135925040e-07 4.831135925040e-07 3.280360288070e-03 1.458036565851e-03 2.347997571464e-01 4.782885249170e-06 0
530 7.746943244350e-01 3.208394772651e-01 4.329354455344e-07 4.329354455344e-07 5.152568884487e-03 1.016517871292e-03 3.247726299928e-01 5.237678354144e-06 0
531 6.252626932665e-01 5.527226622346e-01 1.924922819360e-06 1.924922819360e-06 1.724937742687e-02 1.038648951780e-04 2.559671218614e-01 1.791604778328e-06 0
532 7.965592659009e-01 1.248379508516e-01 2.565323812752e-07 2.565323812752e-07 2.900711974358e-03 1.363152978799e-03 1.970636966262e-01 3.954114168483e-06 0
533 1.963486887282e-01 8.104671794847e-01 1.710360931521e-07 1.710360931521e-07 1.450200242421e-02 9.750313734557e-06 1.980459446812e-01 1.413990734154e-07 0
534 1.833945384158e-01 7.874250061998e-01 1.317085439756e-07 1.317085439756e-07 1.203097575515e-02 1.064999830467e-05 1.959450689746e-01 1.281298713959e-07 0
535 2.096849045618e-01 7.882796824453e-01 1.377849684810e-07 1.377849684810e-07 1.294136450018e-02 9.918450740341e-06 1.977375603111e-01 1.283582863078e-07 0
536 1.964760439019e-01 7.953906227100e-01 1.365751188308e-07 1.365751188308e-07 1.251760565756e-02 9.803880218005e-06 1.972419317773e-01 1.227211064829e-07 0
537 7.995189874626e-01 3.033284956308e-02 -1.518385250781e-07 1.518385250781e-07 2.102013114297e-03 5.257511809575e-04 5.508991022309e-02 1.105135877230e-06 0
538 7.988123329530e-01 6.111329357067e-02 -8.027809383331e-09 8.027809383331e-09 2.253214794140e-03 6.520005212233e-04 1.041258206224e-01 1.469097220207e-06 0
539 7.242851862449e-01 4.660715613928e-01 3.554939220926e-07 3.554939220926e-07 9.489735625216e-03 1.852585773226e-04 2.926114852477e-01 1.758054921095e-06 0
540 6.501997255950e-01 5.383319240068e-01 1.593900521562e-06 1.593900521562e-06 1.522193231759e-02 1.146316476480e-04 2.633030443206e-01 1.744915181952e-06 0
541 3.754212464188e-01 7.110331228391e-01 -8.176050007164e-08 8.176050007164e-08 2.706572139869e-02 1.029362642508e-05 2.100555137316e-01 2.786044250035e-07 0
542 3.878415138743e-01 7.345334981058e-01 1.745435487780e-08 1.745435487780e-08 3.560239373614e-02 8.446122774843e-06 2.126554960004e-01 3.007021885738e-07 0
543 3.628338901452e-01 7.326097319413e-01 -6.437118445446e-08 6.437118445446e-08 3.260963950618e-02 9.507480388066e-06 2.095089587772e-01 3.100355080669e-07 0
544 3.753677779970e-01 7.254577578371e-01 -7.456304136895e-08 7.456304136895e-08 3.203578493520e-02 9.786285516061e-06 2.107403925702e-01 3.135113381070e-07 0
545 4.129051356260e-01 7.039421103881e-01 -3.754310786571e-08 3.754310786571e-08 2.667671864186e-02 1.055586520436e-05 2.148648953426e-01 2.815958460781e-07 0
546 4.003660087972e-01 7.255635133427e-01 -2.987270814335e-08 2.987270814335e-08 3.225878082612e-02 9.531420867694e-06 2.140029023326e-01 3.074720167325e-07 0
547 3.879390577890e-01 7.038662174508e-01 -9.518936888562e-08 9.518936888562e-08 2.661927109741e-02 1.054960638557e-05 2.113818395547e-01 2.808228323485e-07 0
548 4.004034007374e-01 7.111239470605e-01 -3.160484988252e-08 3.160484988252e-08 2.820975980416e-02 1.024215385137e-05 2.134159283817e-01 2.889287000244e-07 0
549 7.486817786295e-01 4.232241941187e-01 1.821627782876e-07 1.821627782876e-07 7.889491996453e-03 3.217334627174e-04 3.070533908995e-01 2.538313579100e-06 0
550 4.379060313811e-01 6.895643907491e-01 5.130610541693e-08 5.130610541693e-08 1.907127433355e-02 1.132615729266e-05 2.180022707537e-01 2.160042528732e-07 0
551 4.504253448547e-01 6.679419647841e-01 7.500054939660e-08 7.500054939660e-08 1.413859223117e-02 1.251785888345e-05 2.192295362877e-01 1.769849023605e-07 0
552 4.628842005069e-01 6.895991678144e-01 1.187744454755e-07 1.187744454755e-07 1.754458369814e-02 1.149118951291e-05 2.218574802501e-01 2.016081362004e-07 0
553 4.504051922476e-01 6.823685077826e-01 6.224440407956e-08 6.224440407956e-08 1.743193059741e-02 1.178210753533e-05 2.196971558604e-01 2.053848808471e-07 0
554 3.250576045558e-01 7.684671343649e-01 1.889330511678e-08 1.889330511678e-08 3.206272696045e-02 8.607718991762e-06 2.069032811162e-01 2.759869437851e-07 0
555 3.126325425797e-01 7.465676776809e-01 -7.632906998624e-09 7.632906998624e-09 2.349442667130e-02 9.336232170346e-06 2.044712297012e-01 2.193494221124e-07 0
556 3.377180308031e-01 7.468639860365e-01 -3.586477186442e-08 3.586477186442e-08 3.174780585433e-02 9.173883191444e-06 2.072442151996e-01 2.912506624923e-07 0
557 3.251360593128e-01 7.539662660274e-01 -9.594149562543e-09 9.594149562543e-09 3.057470197665e-02 9.042685358575e-06 2.062059291139e-01 2.764774099070e-07 0
558 4.753824883867e-01 6.824004493554e-01 1.265740971356e-07 1.265740971356e-07 1.518604525034e-02 1.199681904503e-05 2.236731565288e-01 1.821842368781e-07 0
559 4.629236327345e-01 6.607432463251e-01 6.251543442490e-08 6.251543442490e-08 1.504793269631e-02 1.325589096607e-05 2.210681610667e-01 1.994737550871e-07 0
560 4.878991829003e-01 6.607695169129e-01 1.695685047146e-07 1.695685047146e-07 1.288292617559e-02 1.378341777283e-05 2.253240721425e-01 1.775707536147e-07 0
561 4.754017680072e-01 6.679710708645e-01 1.442224125306e-07 1.442224125306e-07 1.375066427528e-02 1.285567867433e-05 2.233543433622e-01 1.767741214816e-07 0
562 1.721766271106e-01 8.083943968116e-01 1.628934201133e-06 1.628934201133e-06 3.920998522998e-02 3.938893650306e-05 1.963780052447e-01 1.544439618510e-06 0
563 1.177052296691e-01 8.020262116688e-01 1.202339912017e-06 1.202339912017e-06 2.786822120339e-02 3.604402075450e-05 1.934589659461e-01 1.004482743446e-06 0
564 2.870939784845e-01 7.752434356943e-01 7.042385860400e-08 7.042385860400e-08 2.168977642055e-02 8.786518555757e-06 2.034296951074e-01 1.905776229894e-07 0
565 2.999765295001e-01 7.536625400953e-01 2.280919361693e-08 2.280919361693e-08 2.340343309898e-02 9.289443891219e-06 2.035438128645e-01 2.174048786349e-07 0
566 3.124015914761e-01 7.755619967793e-01 3.988148050196e-08 3.988148050196e-08 2.964187124107e-02 8.580272361356e-06 2.059266639426e-01 2.543353285486e-07 0
567 2.998240331536e-01 7.681559908563e-01 4.994455761367e-08 4.994455761367e-08 2.319898398365e-02 8.888752236399e-06 2.043003167392e-01 2.062100207668e-07 0
568 5.253868952272e-01 6.391633028191e-01 2.612524055760e-06 2.612524055760e-06 3.739810313066e-02 6.157923825594e-05 2.318301722202e-01 2.302946703003e-06 1
569 5.503697834638e-01 6.247596481822e-01 2.549230346432e-06 2.549230346432e-06 3.077345802257e-02 6.756342434717e-05 2.366846702647e-01 2.079160203009e-06 0
570 7.001059397962e-01 5.095261422200e-01 8.099693715436e-07 8.099693715436e-07 1.234258386135e-02 1.332283016755e-04 2.791429929226e-01 1.644381486135e-06 0
571 2.971189797185e-02 8.008255932751e-01 1.337326942928e-06 1.337326942928e-06 2.788100508986e-02 3.937515315678e-05 1.911641398640e-01 1.097818845578e-06 0
572 5.929670634402e-02 8.014744493043e-01 1.339290983917e-06 1.339290983917e-06 2.849923346507e-02 3.874966027649e-05 1.916571511262e-01 1.104335614912e-06 0
573 7.741389730418e-01 3.801224162891e-01 -6.680034940153e-08 6.680034940153e-08 6.587684499838e-03 5.996605349875e-04 3.204613003727e-01 3.950374411502e-06 0
574 7.485379836748e-01 4.518542555164e-01 1.087543685366e-07 1.087543685366e-07 8.394040408472e-03 2.519235010631e-04 3.011075394512e-01 2.114656047767e-06 0
575 2.614880918054e-01 7.893991270898e-01 1.174631264634e-07 1.174631264634e-07 1.652858843547e-02 8.939986337262e-06 2.018471734046e-01 1.477653547873e-07 0
576 2.485956750723e-01 8.111849359383e-01 1.248690055519e-07 1.248690055519e-07 1.479751737373e-02 8.587217060328e-06 2.018458417580e-01 1.270694936422e-07 0
577 2.357530125085e-01 7.888180579141e-01 1.230719191431e-07 1.230719191431e-07 1.370167882092e-02 9.165180491160e-06 1.997070392303e-01 1.255783594257e-07 0
578 2.486122597954e-01 7.964673736474e-01 1.195396657718e-07 1.195396657718e-07 1.500660459607e-02 8.905963439923e-06 2.011329786193e-01 1.336482718900e-07 0
579 6.002876094529e-01 5.959486967553e-01 2.141142364759e-06 2.141142364759e-06 2.339901134732e-02 8.184058590100e-05 2.477176709340e-01 1.914988798169e-06 0
580 7.975856489179e-01 2.494107983309e-01 -5.803045763440e-07 5.803045763440e-07 2.922580016687e-03 1.115618672093e-03 3.112999571824e-01 3.260484837301e-06 0
581 7.246406945821e-01 4.949444017830e-01 3.330886672029e-07 3.330886672029e-07 1.122702358049e-02 1.634488005325e-04 2.872758112058e-01 1.835043537780e-06 0
582 7.996018113548e-01 2.757478829637e-01 -1.465107068640e-07 1.465107068640e-07 4.159222136263e-03 1.333950239568e-03 3.212808149923e-01 5.548195365085e-06 0
583 2.355719100288e-01 8.183870785595e-01 1.444371458816e-07 1.444371458816e-07 1.487802658269e-02 9.058619434887e-06 2.011727669900e-01 1.347743807547e-07 0
584 2.093930316314e-01 8.182076975747e-01 1.559930739373e-07 1.559930739373e-07 1.472046523473e-02 9.127176204427e-06 1.992943881474e-01 1.343562800085e-07 0
585 2.227292474650e-01 7.960202005353e-01 1.303729415280e-07 1.303729415280e-07 1.344791437376e-02 9.352610245117e-06 1.991065211328e-01 1.257731017475e-07 0
586 2.225647297084e-01 8.108716588898e-01 1.287838059579e-07 1.287838059579e-07 1.319403777722e-02 8.876730596543e-06 1.998581448083e-01 1.171199188290e-07 0
587 8.014171199906e-01 2.048718763160e-01 2.404577621980e-07 2.404577621980e-07 2.765009592800e-03 1.069508544366e-03 2.834473381690e-01 2.957201384752e-06 0
588 6.252150743734e-01 5.815534386190e-01 1.808864099560e-06 1.808864099560e-06 2.006529558173e-02 8.977075095931e-05 2.539036814679e-01 1.801276652592e-06 0
589 8.119898253749e-01 1.777572677450e-01 1.098151517395e-07 1.098151517395e-07 3.002533468271e-03 1.668533472301e-03 2.592155395434e-01 5.009827593516e-06 0
590 7.733438001446e-01 4.092863613095e-01 -1.684843026576e-07 1.684843026576e-07 7.458496192574e-03 4.294452358905e-04 3.150673559404e-01 3.203015656808e-06 0
591 8.008274938813e-01 3.354151401732e-01 -1.545332621631e-07 1.545332621631e-07 5.437730769461e-03 9.826780545041e-04 3.287819171015e-01 5.343538693450e-06 0
592 8.244947858866e-01 1.098145156641e-01 8.284936915483e-07 8.284936915483e-07 2.544784541330e-03 1.216465318245e-03 1.770255124687e-01 3.095642136934e-06 0
593 8.249794213595e-01 1.524265790447e-02 1.649973016868e-07 1.649973016868e-07 1.847103788823e-03 3.240705058419e-04 3.215608324291e-02 5.985918591865e-07 0
594 8.246244971004e-01 7.670024227073e-02 -2.382406737036e-08 2.382406737036e-08 2.256369284960e-03 8.027616956110e-04 1.283576369433e-01 1.811326833119e-06 0
595 6.749881053484e-01 5.527920864883e-01 1.046270820564e-06 1.046270820564e-06 1.539868142111e-02 1.042678038785e-04 2.674871870156e-01 1.605586694404e-06 0
596 3.940647821343e-01 7.435878962986e-01 1.028180853842e-09 1.028180853842e-09 1.092951560223e-02 2.294329543452e-06 2.138779230972e-01 2.507591054183e-08 0
597 3.877804316072e-01 7.544026897146e-01 -1.511622715687e-09 1.511622715687e-09 1.161473569452e-02 2.172035339082e-06 2.134948283339e-01 2.522761638259e-08 0
598 3.815576284934e-01 7.435275529038e-01 -4.132892343272e-09 4.132892343272e-09 1.103525690137e-02 2.355719214217e-06 2.123035711659e-01 2.599596671638e-08 0
599 3.878009474116e-01 7.471727129723e-01 -1.134499890224e-09 1.134499890224e-09 1.052171380667e-02 2.220935080020e-06 2.132254792975e-01 2.336804329515e-08 0
600 3.752117305528e-01 7.760322765465e-01 -6.837275504288e-10 6.837275504288e-10 1.262395990926e-02 1.997229671127e-06 2.127778665092e-01 2.521294729790e-08 0
601 3.689889274391e-01 7.651571397357e-01 -2.175851464197e-09 2.175851464197e-09 1.192493986101e-02 2.095176453097e-06 2.116516071900e-01 2.498485320139e-08 0
602 3.814960810800e-01 7.652174831306e-01 -1.414978719761e-09 1.414978719761e-09 1.224059693167e-02 2.081032287747e-06 2.131289347523e-01 2.547307743610e-08 0
603 3.752322463573e-01 7.688022998043e-01 -1.197751723081e-09 1.197751723081e-09 1.212809374125e-02 2.058484054622e-06 2.125194257349e-01 2.496548757931e-08 0
604 3.643474698593e-01 7.479633161998e-01 -2.507858093006e-08 2.507858093006e-08 3.729983870271e-02 8.709965217972e-06 2.101673775152e-01 3.248802977366e-07 0
605 3.690094432435e-01 7.579271629935e-01 9.545969573532e-10 9.545969573532e-10 1.136533651391e-02 2.161916419395e-06 2.113670272022e-01 2.457090762136e-08 0
606 3.752937937707e-01 7.471123695775e-01 -5.469983454264e-09 5.469983454264e-09 1.127714471057e-02 2.324808428661e-06 2.116788389222e-01 2.621720107436e-08 0
607 3.815165968845e-01 7.579875063883e-01 -1.325326875116e-09 1.325326875116e-09 1.172049455790e-02 2.151451834669e-06 2.128646372831e-01 2.521607951982e-08 0
608 3.752732779662e-01 7.543423463197e-01 -2.383538218462e-09 2.383538218462e-09 1.080784874416e-02 2.194488725417e-06 2.119703059265e-01 2.371770221507e-08 0
609 1.058114123454e-01 8.268340888974e-01 1.791611378648e-06 1.791611378648e-06 3.519989164914e-02 4.270060696755e-05 1.944031940859e-01 1.503056738610e-06 0
610 8.006152936251e-01 3.654717149263e-01 -6.279362478567e-07 6.279362478567e-07 6.493018394711e-03 7.688800242782e-04 3.265345757496e-01 4.992352140964e-06 0
611 4.253783102836e-01 7.111907688530e-01 3.281358898120e-08 3.281358898120e-08 2.718787708778e-02 1.024216384886e-05 2.169113238584e-01 2.784626918358e-07 0
612 4.378317564196e-01 7.328608513105e-01 4.659187420249e-08 4.659187420249e-08 3.267174846103e-02 9.292006382809e-06 2.193268026031e-01 3.035860952374e-07 0
613 4.128356134260e-01 7.346159836998e-01 4.575150811858e-08 4.575150811858e-08 3.559552802579e-02 8.750171125543e-06 2.159332784106e-01 3.114669615298e-07 0
614 4.253497500527e-01 7.256212639904e-01 2.062234950532e-08 2.062234950532e-08 3.212832430632e-02 9.483962195423e-06 2.173910273698e-01 3.047038131234e-07 0
615 3.375679693727e-01 7.758159950240e-01 1.302872477310e-08 1.302872477310e-08 3.568251665907e-02 8.266350538549e-06 2.085664989014e-01 2.949641908015e-07 0
616 3.502283956201e-01 7.542128466956e-01 -2.360893602306e-08 2.360893602306e-08 3.538726993265e-02 8.815992493392e-06 2.090197104377e-01 3.119739060879e-07 0
617 3.689326082980e-01 7.796126868030e-01 -1.246591779988e-10 1.246591779988e-10 1.255402778789e-02 1.985636037674e-06 2.121856798218e-01 2.492772999360e-08 0
618 3.563795920606e-01 7.795391241564e-01 2.992947900914e-09 2.992947900914e-09 1.193056455655e-02 2.011637180922e-06 2.107729176604e-01 2.399996725135e-08 0
619 3.627098051842e-01 7.687375499922e-01 -2.811115877992e-09 2.811115877992e-09 1.187652247894e-02 2.084063832804e-06 2.110661918827e-01 2.475143095785e-08 0
620 3.626740018476e-01 7.759631203172e-01 3.335661717458e-13 3.335661717458e-13 1.153968222800e-02 2.024409052122e-06 2.113416437309e-01 2.336103716098e-08 0
621 3.517214405594e-01 7.695763789670e-01 5.861901316224e-09 5.861901316224e-09 3.976591747119e-02 8.318901549539e-06 2.096430188974e-01 3.308087524699e-07 1
622 4.378840756018e-01 7.039952268899e-01 3.340963551682e-08 3.340963551682e-08 2.407253226670e-02 1.061983597930e-05 2.184799713888e-01 2.556463442787e-07 0
623 4.628622447276e-01 7.040300039552e-01 9.553540882933e-08 9.553540882933e-08 2.032639002638e-02 1.074343295365e-05 2.222037174165e-01 2.183752084381e-07 0
624 4.503375217378e-01 7.256653093474e-01 5.705823864695e-08 5.705823864695e-08 2.873909730837e-02 9.686402798650e-06 2.208881435997e-01 2.783784725985e-07 0
625 4.503612806891e-01 7.112301800642e-01 9.081509957360e-08 9.081509957360e-08 2.424384876725e-02 1.033135985712e-05 2.205233666791e-01 2.504719259362e-07 0
626 7.000533400245e-01 5.384108840620e-01 6.324904932557e-07 6.324904932557e-07 1.382729759689e-02 1.206147536078e-04 2.747917670022e-01 1.667776092711e-06 0
627 5.128434756657e-01 6.896486659948e-01 2.298264183936e-07 2.298264183936e-07 1.634029189954e-02 1.233717003504e-05 2.298188680155e-01 2.015929595868e-07 0
628 4.878624491195e-01 6.896268042728e-01 1.621013578461e-07 1.621013578461e-07 1.582042308451e-02 1.165439431819e-05 2.258056846914e-01 1.843774489076e-07 0
629 5.003791436331e-01 6.679958718304e-01 1.833797253078e-07 1.833797253078e-07 1.329035914532e-02 1.348062140824e-05 2.275721096702e-01 1.791623000176e-07 0
630 5.003616894727e-01 6.824237806993e-01 1.577802760585e-07 1.577802760585e-07 1.310685767248e-02 1.193063103920e-05 2.277322681952e-01 1.563730829736e-07 0
631 5.222316337396e-01 6.698176896719e-01 9.881544377385e-07 9.881544377385e-07 3.314227900266e-02 4.205084011982e-05 2.318646432551e-01 1.393660675547e-06 0
632 1.692103275273e-01 8.406794463443e-01 1.799616619692e-06 1.799616619692e-06 3.620275227428e-02 3.939647449783e-05 1.979038797617e-01 1.426260806725e-06 0
633 2.996207699070e-01 8.117580708046e-01 9.417485956291e-08 9.417485956291e-08 2.550600303518e-02 7.865535641216e-06 2.062692033902e-01 2.006183759382e-07 0
634 2.870050385863e-01 7.897673183716e-01 9.385254874978e-08 9.385254874978e-08 2.133935707638e-02 8.482125253564e-06 2.041387811194e-01 1.810030995524e-07 0
635 3.123126515778e-01 7.900858794567e-01 6.883780271316e-08 6.883780271316e-08 3.002256519631e-02 8.228331776125e-06 2.065773994211e-01 2.470356272056e-07 0
636 2.996461533570e-01 7.972037562110e-01 7.811431986070e-08 7.811431986070e-08 2.562117474256e-02 8.193791799890e-06 2.056615071559e-01 2.099345715091e-07 0
637 8.153899045956e-01 2.291414667897e-01 1.661394548412e-06 1.661394548412e-06 3.299634253928e-03 1.440054290952e-03 3.010349870086e-01 4.751652465942e-06 0
638 7.439338161656e-02 8.269257434539e-01 1.396650150600e-06 1.396650150600e-06 3.042884663388e-02 3.792186536969e-05 1.934620735849e-01 1.153918625405e-06 0
639 5.753115341099e-01 6.391924897821e-01 2.403872956820e-06 2.403872956820e-06 3.325896931523e-02 6.448591142884e-05 2.411875637551e-01 2.144734949476e-06 0
640 2.613792786115e-01 8.187088764746e-01 1.235952928582e-07 1.235952928582e-07 1.620332923264e-02 8.359839004817e-06 2.032145000834e-01 1.354572237269e-07 0
641 2.742716953447e-01 7.969230676261e-01 1.045668244864e-07 1.045668244864e-07 1.897921402824e-02 8.536725291970e-06 2.033275953511e-01 1.620203364166e-07 0
642 2.868874266654e-01 8.189138200591e-01 9.787959139734e-08 9.787959139734e-08 2.077652813610e-02 7.938185863920e-06 2.054010831038e-01 1.649279419513e-07 0
643 2.741794668739e-01 8.115152547199e-01 1.196238028469e-07 1.196238028469e-07 1.892245562901e-02 8.259617582480e-06 2.039810841082e-01 1.562922472171e-07 0
644 1.488362217661e-02 8.254492873307e-01 1.329310354448e-06 1.329310354448e-06 2.328389428522e-02 3.830696421719e-05 1.924953776335e-01 8.919353052208e-07 0
645 6.002568633874e-01 6.247794996089e-01 2.016982423696e-06 2.016982423696e-06 2.722133244685e-02 7.075802245036e-05 2.464189821974e-01 1.926127652403e-06 0
646 7.706343509326e-01 4.650040943288e-01 -3.453701958569e-07 3.453701958569e-07 8.205321720898e-03 1.279145376035e-04 3.026379888843e-01 1.049579933817e-06 0
647 8.214526537811e-01 2.890081024420e-01 6.922780364712e-08 6.922780364712e-08 3.981105155545e-03 1.208982782235e-03 3.259123741253e-01 4.813087587320e-06 0
648 7.512285138476e-01 5.094614839062e-01 -2.107414816841e-07 2.107414816841e-07 1.145348050008e-02 1.520193013560e-04 2.898848613772e-01 1.741150103717e-06 0
649 8.225190511845e-01 3.197630950700e-01 1.733723529857e-06 1.733723529857e-06 4.832876587633e-03 9.013571078196e-04 3.301222969694e-01 4.356147663478e-06 0
650 6.500324567448e-01 5.959448691946e-01 1.254777775581e-06 1.254777775581e-06 2.001351005727e-02 8.404622378656e-05 2.579885058313e-01 1.682059945028e-06 0
651 2.226555962011e-01 8.367353953256e-01 7.213315917803e-07 7.213315917803e-07 3.140361136622e-02 2.405314660979e-05 2.011952392934e-01 7.553556682686e-07 0
652 8.410405122110e-01 1.746691280012e-01 1.290488000323e-06 1.290488000323e-06 3.128402011817e-03 1.489876953369e-03 2.551708750693e-01 4.660934058278e-06 0
653 6.748684553913e-01 5.815742552918e-01 8.622418962339e-07 8.622418962339e-07 1.746830032272e-02 9.258185349207e-05 2.642653566843e-01 1.617247621234e-06 0
654 7.984602224440e-01 4.255658940886e-01 -4.123696137774e-07 4.123696137774e-07 7.418685582394e-03 3.484628584267e-04 3.155601259449e-01 2.585136383810e-06 0
655 8.497250344867e-01 1.227425362890e-01 -3.247748372740e-07 3.247748372740e-07 2.260628377091e-03 1.004999198143e-03 1.932735847252e-01 2.271929706276e-06 0
656 8.509707454024e-01 6.101258154594e-02 4.464853918463e-07 4.464853918463e-07 1.903388163200e-03 5.941462158440e-04 1.030773302059e-01 1.130890874447e-06 0
657 8.506190151518e-01 3.033544118728e-02 1.466463871687e-07 1.466463871687e-07 1.677198188429e-03 4.411947420094e-04 5.458702579747e-02 7.399710220427e-07 0
658 1.190772996025e-01 8.509274162394e-01 1.163710997602e-06 1.163710997602e-06 2.795215166116e-02 3.494605378888e-05 1.960406553336e-01 9.768173954660e-07 0
659 1.973825909381e-01 8.552458900932e-01 1.574936679577e-06 1.574936679577e-06 3.635160760080e-02 3.371544048498e-05 2.001260252814e-01 1.225610462598e-06 0
660 1.466539119717e-01 8.569070509624e-01 1.394917230030e-06 1.394917230030e-06 3.251009095870e-02 3.707360379796e-05 1.974465996523e-01 1.205266231639e-06 0
661 7.729693727683e-01 4.937384823285e-01 -2.439231360655e-07 2.439231360655e-07 1.027546023572e-02 1.315979542044e-04 2.968193526212e-01 1.352229545529e-06 0
662 4.189945277734e-01 7.797587258347e-01 1.100203356711e-09 1.100203356711e-09 1.308392934843e-02 1.886549868883e-06 2.181117143764e-01 2.468348519676e-08 0
663 4.064819689186e-01 7.797283047293e-01 4.250318180596e-10 4.250318180596e-10 1.344582408155e-02 1.907726552930e-06 2.165903964172e-01 2.565095562640e-08 0
664 4.127663194458e-01 7.689135113133e-01 7.964868103142e-10 7.964868103142e-10 1.266743467298e-02 1.993184080117e-06 2.170547938492e-01 2.524852912609e-08 0
665 4.127476053793e-01 7.761335139591e-01 2.333917187109e-10 2.333917187109e-10 1.312978566336e-02 1.928634133631e-06 2.172523434646e-01 2.532255279762e-08 0
666 3.814568512090e-01 7.796674625186e-01 -3.485063788182e-10 3.485063788182e-10 1.309520841893e-02 1.954026975447e-06 2.136262841012e-01 2.558839049970e-08 0
667 3.877412017362e-01 7.688526691026e-01 -7.076998086610e-10 7.076998086610e-10 1.267316322269e-02 2.036046458581e-06 2.140023895114e-01 2.580314909859e-08 0
668 3.939694100638e-01 7.796978836240e-01 -8.733541315907e-11 8.733541315907e-11 1.344916806801e-02 1.930620368935e-06 2.150945061601e-01 2.596523781733e-08 0
669 3.877224876697e-01 7.760726717484e-01 -6.611828827721e-10 6.611828827721e-10 1.313788396042e-02 1.973075247538e-06 2.142411081643e-01 2.592203364732e-08 0
670 4.003099027905e-01 7.472230822707e-01 -2.025496597183e-09 2.025496597183e-09 1.124169162337e-02 2.197927490443e-06 2.148036477366e-01 2.470842305809e-08 0
671 4.065381111181e-01 7.580682967920e-01 1.345886789221e-10 1.345886789221e-10 1.193266669557e-02 2.103203842223e-06 2.159528968261e-01 2.509683044209e-08 0
672 3.940255522633e-01 7.580378756866e-01 -8.875355070317e-10 8.875355070317e-10 1.193542522781e-02 2.122901721480e-06 2.143940717002e-01 2.533773476272e-08 0
673 4.002911887240e-01 7.544430849164e-01 -1.511478514230e-09 1.511478514230e-09 1.163567435323e-02 2.145449659999e-06 2.150502499206e-01 2.496375358499e-08 0
674 3.940068381968e-01 7.652578783324e-01 -1.008236317587e-09 1.008236317587e-09 1.255987591591e-02 2.057393759018e-06 2.146371462616e-01 2.584061032344e-08 0
675 4.065193970516e-01 7.652882994378e-01 -2.917710036437e-10 2.917710036437e-10 1.255705947586e-02 2.036260935328e-06 2.161742202657e-01 2.556944967330e-08 0
676 4.002350465245e-01 7.761030928538e-01 -3.204805833543e-10 3.204805833543e-10 1.331826389041e-02 1.950313439207e-06 2.157332895256e-01 2.597478905238e-08 0
677 4.002537605910e-01 7.688830902080e-01 -7.385965225127e-11 7.385965225127e-11 1.284142835559e-02 2.013993417022e-06 2.155148315419e-01 2.586255217331e-08 0
678 4.252547401099e-01 7.761619079465e-01 9.009912705851e-10 9.009912705851e-10 1.257449088198e-02 1.907338482771e-06 2.187952431629e-01 2.398381036045e-08 0
679 4.190265317823e-01 7.653166934252e-01 6.432955092979e-10 6.432955092979e-10 1.220227108887e-02 2.013993786004e-06 2.177372256820e-01 2.457529814813e-08 0
680 4.315228182647e-01 7.653410331766e-01 3.613671738134e-09 3.613671738134e-09 1.188485445151e-02 1.966730674876e-06 2.193229920615e-01 2.337430781621e-08 0
681 4.252680300523e-01 7.689398781827e-01 2.414186586435e-09 2.414186586435e-09 1.209380379148e-02 1.972340812271e-06 2.186184550393e-01 2.385310279354e-08 0
682 4.065701151270e-01 7.436262643825e-01 -1.592110636586e-09 1.592110636586e-09 1.087123450631e-02 2.280539341744e-06 2.154819462291e-01 2.479227798496e-08 0
683 4.190664016094e-01 7.436506041339e-01 5.576234152329e-09 5.576234152329e-09 1.106445611910e-02 2.282659702313e-06 2.171131499837e-01 2.525638811108e-08 0
684 4.127983234546e-01 7.544714789038e-01 2.968049145755e-10 2.968049145755e-10 1.158483116826e-02 2.127857438736e-06 2.166336318000e-01 2.465086917788e-08 0
685 4.128116133970e-01 7.472494491401e-01 2.163157049461e-09 2.163157049461e-09 1.049965313576e-02 2.192214700565e-06 2.164095343642e-01 2.301749395506e-08 0
686 4.362404893087e-01 7.481978398944e-01 -4.275185801216e-08 4.275185801216e-08 3.726105021845e-02 6.404092072601e-06 2.197017619400e-01 2.386231963208e-07 1
687 4.253078998794e-01 7.472737888915e-01 -1.676152374426e-09 1.676152374426e-09 1.125403497236e-02 2.245649416007e-06 2.180418798720e-01 2.527261706341e-08 0
688 4.315361082070e-01 7.581190034128e-01 5.129919576914e-10 5.129919576914e-10 1.129139795463e-02 2.172405918750e-06 2.191463116189e-01 2.452949974760e-08 0
689 4.190398217246e-01 7.580946636614e-01 7.132336180519e-10 7.132336180519e-10 1.168601008020e-02 2.081004940504e-06 2.175375541733e-01 2.431864471168e-08 0
690 4.252946099370e-01 7.544958186552e-01 -7.467735115028e-10 7.467735115028e-10 1.076955094837e-02 2.066052687195e-06 2.182418951160e-01 2.225045967676e-08 0
691 8.221967057386e-01 3.810579066486e-01 -4.670323978003e-07 4.670323978003e-07 5.824328556688e-03 5.702294254730e-04 3.263581214975e-01 3.321203526646e-06 0
692 7.958945681868e-01 4.526535657103e-01 -1.017795184632e-06 1.017795184632e-06 8.408340781973e-03 2.783906708841e-04 3.092056264603e-01 2.340803631316e-06 0
693 3.500216067847e-01 8.193235347295e-01 -2.578406374109e-10 2.578406374109e-10 1.132371991496e-02 1.807373014156e-06 2.114764750036e-01 2.046618579416e-08 0
694 3.437641713126e-01 8.084242313860e-01 1.215447329230e-09 1.215447329230e-09 1.147228264991e-02 1.895425489067e-06 2.104747831591e-01 2.174485695242e-08 0
695 3.563171875501e-01 8.084977940327e-01 1.170317346972e-09 1.170317346972e-09 1.194053778079e-02 1.803839047840e-06 2.117893032250e-01 2.153880830119e-08 0
696 3.500343218825e-01 8.120818533827e-01 4.212854271423e-10 4.212854271423e-10 1.087155712700e-02 1.767863873588e-06 2.112467524730e-01 1.921943309447e-08 0
697 3.390869885808e-01 7.911976521949e-01 3.592969508842e-08 3.592969508842e-08 3.819881888773e-02 7.829360902866e-06 2.091559732170e-01 2.990723391352e-07 0
698 3.689083490808e-01 7.868463126389e-01 1.817823791220e-10 1.817823791220e-10 1.274327252345e-02 1.933524535926e-06 2.124373473320e-01 2.463943009207e-08 0
699 3.626127683154e-01 7.976720533358e-01 9.968310142702e-10 9.968310142702e-10 1.247058778116e-02 1.868098392812e-06 2.121089210822e-01 2.329628499141e-08 0
700 3.563553328434e-01 7.867727499923e-01 4.103141152720e-10 4.103141152720e-10 1.208904670002e-02 1.961512412970e-06 2.110422672142e-01 2.371281516306e-08 0
701 3.626254834132e-01 7.904303719890e-01 3.917016830803e-10 3.917016830803e-10 1.230799247037e-02 1.921646763750e-06 2.118628145170e-01 2.365161389895e-08 0
702 3.500724671758e-01 7.903568093424e-01 -6.705055222030e-10 6.705055222030e-10 1.156225478503e-02 1.956104334322e-06 2.104924747167e-01 2.261697669952e-08 0
703 3.563299026478e-01 8.012561126859e-01 1.275991931250e-09 1.275991931250e-09 1.199719335229e-02 1.861696779649e-06 2.115510547167e-01 2.233513622879e-08 0
704 3.437768864104e-01 8.011825500393e-01 5.895080396548e-09 5.895080396548e-09 1.158504183284e-02 1.941282709648e-06 2.102214183949e-01 2.248984140063e-08 0
705 3.500597520780e-01 7.975984906892e-01 2.533883779294e-09 2.533883779294e-09 1.105280985365e-02 1.911200167668e-06 2.107550220155e-01 2.112413204551e-08 0
706 8.562559892304e-01 1.507392898012e-01 6.615466154733e-07 6.615466154733e-07 2.035707923993e-03 9.983599809504e-04 2.275843751479e-01 2.032369324218e-06 0
707 7.244900997685e-01 5.530127062190e-01 7.890034552981e-08 7.890034552981e-08 1.392598295541e-02 9.988300762182e-05 2.774859733760e-01 1.390969061677e-06 0
708 4.628179170890e-01 7.328969386577e-01 1.139777898265e-07 1.139777898265e-07 2.868763065912e-02 9.380149773607e-06 2.228123584255e-01 2.690942722324e-07 0
709 4.753426400788e-01 7.112616332656e-01 1.413684767452e-07 1.413684767452e-07 2.085566232871e-02 1.043971274882e-05 2.242288023866e-01 2.177271238982e-07 0
710 4.878056570066e-01 7.329217441314e-01 1.377698894113e-07 1.377698894113e-07 2.302325684935e-02 9.425101010843e-06 2.263706180693e-01 2.169965214037e-07 0
711 4.753220713915e-01 7.256934386849e-01 1.084078350140e-07 1.084078350140e-07 2.253024956153e-02 9.734054816566e-06 2.244710085371e-01 2.193106842628e-07 0
712 5.003075735186e-01 7.257172629080e-01 1.269821734240e-07 1.269821734240e-07 1.714695630288e-02 9.829814661112e-06 2.281172218064e-01 1.685514024595e-07 0
713 4.878445565909e-01 7.040571520422e-01 1.379287780756e-07 1.379287780756e-07 1.637258382080e-02 1.086914576179e-05 2.260132125647e-01 1.779560000453e-07 0
714 5.128255831371e-01 7.040790137642e-01 1.468427865453e-07 1.468427865453e-07 1.317673727826e-02 1.088043070637e-05 2.298808002228e-01 1.433685768921e-07 0
715 5.003259044155e-01 7.112844762381e-01 1.601114230548e-07 1.601114230548e-07 1.742482746723e-02 1.056393803167e-05 2.280033771142e-01 1.840747975764e-07 0
716 8.414154985494e-01 2.295497040898e-01 3.307631289909e-07 3.307631289909e-07 3.331439308248e-03 1.477812622982e-03 3.004231923556e-01 4.923243062428e-06 0
717 3.122282645522e-01 8.191304600619e-01 6.348651047969e-08 6.348651047969e-08 2.872554112234e-02 7.510944374159e-06 2.077340971803e-01 2.157559414875e-07 0
718 3.249201462231e-01 7.974582687140e-01 5.182412468280e-08 5.182412468280e-08 3.398348301107e-02 7.808926605071e-06 2.081448098499e-01 2.653745246181e-07 0
719 3.390141269291e-01 8.183591347339e-01 -2.356757452057e-08 2.356757452057e-08 3.730760506211e-02 5.357304639634e-06 2.101982567024e-01 1.998682056928e-07 0
720 3.248611426475e-01 8.119485347256e-01 5.348106758822e-08 5.348106758822e-08 3.365633377393e-02 7.535517289378e-06 2.086927872119e-01 2.536178850505e-07 0
721 5.969201550284e-02 8.521016738175e-01 1.423811453461e-06 1.423811453461e-06 3.051404673028e-02 3.817943576173e-05 1.943744216982e-01 1.165009086969e-06 0
722 5.503145979885e-01 6.824566767411e-01 2.066296840268e-06 2.066296840268e-06 3.444689999815e-02 4.925241886687e-05 2.359933278479e-01 1.696593147374e-06 1
723 5.752880421510e-01 6.680361539730e-01 1.976304459777e-06 1.976304459777e-06 3.343769295924e-02 5.569262919086e-05 2.404564330821e-01 1.862233034977e-06 0
724 7.511305188058e-01 5.386450465003e-01 -4.361121359597e-07 4.361121359597e-07 1.364297649851e-02 1.356361342439e-04 2.845122199434e-01 1.850480591839e-06 0
725 2.976706443505e-02 8.512740737235e-01 1.351281403329e-06 1.351281403329e-06 2.914893522225e-02 3.791876898463e-05 1.938997830713e-01 1.105291740840e-06 0
726 2.613768186523e-01 8.332869046589e-01 1.213894287976e-07 1.213894287976e-07 1.615514932103e-02 8.104355743052e-06 2.038121805817e-01 1.309270771797e-07 0
727 2.868849667062e-01 8.334918482433e-01 1.036736161048e-07 1.036736161048e-07 2.085955753628e-02 7.606609437213e-06 2.059570740833e-01 1.586705072115e-07 0
728 2.742618555078e-01 8.552351803632e-01 1.189246629712e-07 1.189246629712e-07 1.767512701819e-02 7.531544724862e-06 2.056406921627e-01 1.331210096551e-07 0
729 2.741745469554e-01 8.406713110885e-01 9.552125114086e-08 9.552125114086e-08 1.550850728623e-02 7.515803988174e-06 2.051359286596e-01 1.165589009125e-07 0
730 8.208368074546e-01 4.119881407905e-01 2.881020754834e-07 2.881020754834e-07 6.801144117129e-03 3.195186648090e-04 3.207792321459e-01 2.173092487479e-06 0
731 6.251508576426e-01 6.391589437351e-01 1.418384194157e-06 1.418384194157e-06 2.682108247399e-02 6.707533186264e-05 2.503429464618e-01 1.799033007858e-06 0
732 2.519535326407e-01 8.533311378424e-01 5.884277815582e-07 5.884277815582e-07 3.859528182544e-02 2.568305732173e-05 2.036439139456e-01 9.912448354710e-07 0
733 6.499989860794e-01 6.247195714571e-01 1.039456698786e-06 1.039456698786e-06 2.276630338887e-02 7.333410471189e-05 2.557419521895e-01 1.669546476622e-06 0
734 8.564934007804e-01 2.021919738722e-01 7.649262876377e-07 7.649262876377e-07 3.071986119903e-03 1.270354975758e-03 2.791567469458e-01 3.902512852878e-06 0
735 8.462950185480e-01 2.798064716902e-01 7.711976298117e-07 7.711976298117e-07 3.755619082570e-03 9.285974191546e-04 3.231169862468e-01 3.487458187402e-06 0
736 8.477357779426e-01 3.266614800818e-01 -8.126513980911e-07 8.126513980911e-07 4.019791425135e-03 7.890974377865e-04 3.303654228273e-01 3.172007114010e-06 0
737 6.994451079927e-01 5.958654284748e-01 3.154613449108e-07 3.154613449108e-07 1.714941154624e-02 8.309164428588e-05 2.672936733161e-01 1.424972803913e-06 0
738 8.776480102719e-01 1.055838298805e-01 3.087542389509e-07 3.087542389509e-07 1.895106704947e-03 5.958011635275e-04 1.669231396836e-01 1.129106779816e-06 0
739 8.787640099738e-01 7.696814853088e-02 3.423608227685e-07 3.423608227685e-07 1.708530498455e-03 6.575173318194e-04 1.255586432571e-01 1.123388414676e-06 0
740 8.565762467768e-01 2.545183950071e-01 1.859486643691e-07 1.859486643691e-07 3.735052179940e-03 1.245028991593e-03 3.126798995106e-01 4.650248249139e-06 0
741 8.756395937923e-01 1.509278328281e-02 3.297216720354e-07 3.297216720354e-07 1.356869112644e-03 3.346228580496e-04 3.101328527627e-02 4.540394204722e-07 0
742 8.475984042805e-01 3.739524328009e-01 2.016611597874e-07 2.016611597874e-07 5.580031055949e-03 4.358339871164e-04 3.282107656872e-01 2.431967183348e-06 0
743 1.982546582715e-01 8.845228069741e-01 1.315858891988e-06 1.315858891988e-06 3.609008646931e-02 3.173362749790e-05 2.011891965261e-01 1.145269360384e-06 0
744 7.240015176938e-01 5.816850818284e-01 -3.394471766227e-08 3.394471766227e-08 1.517150954192e-02 9.152074168485e-05 2.732795671597e-01 1.388507805755e-06 0
745 1.036677408805e-01 8.784846080409e-01 1.293832436005e-06 1.293832436005e-06 2.896467457741e-02 3.971744617008e-05 1.965742476865e-01 1.150402903362e-06 0
746 4.189794494225e-01 7.869823266127e-01 4.571883516054e-10 4.571883516054e-10 1.337456418289e-02 1.825219373865e-06 2.182874910611e-01 2.441151366361e-08 0
747 4.127060060422e-01 7.978079144256e-01 1.489295024855e-10 1.489295024855e-10 1.381445413027e-02 1.745273372952e-06 2.177986881376e-01 2.410999895542e-08 0
748 4.064668905677e-01 7.869519055074e-01 7.781135163879e-11 7.781135163879e-11 1.375898962287e-02 1.847689607480e-06 2.167862287326e-01 2.542234213561e-08 0
749 4.127174486775e-01 7.905807155152e-01 6.259502405968e-10 6.259502405968e-10 1.370578533806e-02 1.805654681668e-06 2.176241003895e-01 2.474791546161e-08 0
750 4.001591192817e-01 8.194590900513e-01 -1.457955541488e-10 1.457955541488e-10 1.355944343181e-02 1.602300467012e-06 2.168679131450e-01 2.172630254320e-08 0
751 3.939200038072e-01 8.086030811331e-01 1.059171970070e-10 1.059171970070e-10 1.388664515751e-02 1.699109981860e-06 2.159038452394e-01 2.359493740167e-08 0
752 4.064325626620e-01 8.086335022384e-01 -4.048803006369e-11 4.048803006369e-11 1.387701659052e-02 1.671024760915e-06 2.173262185953e-01 2.318883833038e-08 0
753 4.001705619169e-01 8.122318911409e-01 -3.449749652522e-12 3.449749652522e-12 1.382509603441e-02 1.657100021498e-06 2.166992921556e-01 2.290956693584e-08 0
754 3.814417728581e-01 7.868910632967e-01 -1.428713839572e-10 1.428713839572e-10 1.339225927102e-02 1.897217301643e-06 2.138604190604e-01 2.540802599708e-08 0
755 3.939543317129e-01 7.869214844020e-01 -1.423018277686e-10 1.423018277686e-10 1.376404990766e-02 1.871840789176e-06 2.153098049157e-01 2.576411004141e-08 0
756 3.876808883327e-01 7.977470722149e-01 1.213297951646e-10 1.213297951646e-10 1.382920491182e-02 1.797521805484e-06 2.149020376496e-01 2.485829738150e-08 0
757 3.876923309679e-01 7.905198733045e-01 6.004604533821e-11 6.004604533821e-11 1.371450395537e-02 1.855213411843e-06 2.146907134575e-01 2.544333167479e-08 0
758 3.939314464424e-01 8.013758822227e-01 1.563742008133e-10 1.563742008133e-10 1.396088086948e-02 1.755368114383e-06 2.157145315586e-01 2.450648512699e-08 0
759 4.002048898227e-01 7.905502944099e-01 2.453435935323e-10 2.453435935323e-10 1.389927494246e-02 1.829662699122e-06 2.161445804373e-01 2.543098490706e-08 0
760 4.064440052972e-01 8.014063033281e-01 2.573051005817e-10 2.573051005817e-10 1.395547810959e-02 1.728561746875e-06 2.171542084656e-01 2.412290561959e-08 0
761 4.001934471874e-01 7.977774933202e-01 5.062020473740e-11 5.062020473740e-11 1.401464095970e-02 1.770545753922e-06 2.163378223002e-01 2.481356304393e-08 0
762 7.990647934859e-01 4.998882553079e-01 -8.386036740492e-07 8.386036740492e-07 9.195965350446e-03 1.217322580284e-04 2.992031104366e-01 1.119445626861e-06 0
763 3.562856506887e-01 8.229667252511e-01 2.797542278293e-09 2.797542278293e-09 1.162903500088e-02 1.671114094611e-06 2.122334262340e-01 1.943344429669e-08 0
764 3.625812314540e-01 8.121409845543e-01 9.954543750820e-10 9.954543750820e-10 1.224160673581e-02 1.753020147479e-06 2.125687991358e-01 2.145978324538e-08 0
765 3.688203469286e-01 8.229969934725e-01 6.353456170994e-10 6.353456170994e-10 1.228562822098e-02 1.658916474389e-06 2.135468415500e-01 2.038083105400e-08 0
766 3.625624096904e-01 8.193682344260e-01 1.854595468120e-09 1.854595468120e-09 1.197368584685e-02 1.700660476059e-06 2.127830667628e-01 2.036317427248e-08 0
767 3.751723929848e-01 7.904895031605e-01 1.096202584173e-10 1.096202584173e-10 1.319438999219e-02 1.885445399528e-06 2.132638175130e-01 2.487730191035e-08 0
768 3.814115084593e-01 8.013455120787e-01 2.329707399442e-10 2.329707399442e-10 1.360886911358e-02 1.786936009229e-06 2.142998978438e-01 2.431817826395e-08 0
769 3.688768122194e-01 8.013152438574e-01 5.645564130932e-10 5.645564130932e-10 1.288670149217e-02 1.817735036385e-06 2.129116011532e-01 2.342460880575e-08 0
770 3.751535712211e-01 7.977167530322e-01 3.968572052337e-10 3.968572052337e-10 1.329643290273e-02 1.829679083637e-06 2.134918106825e-01 2.432820516910e-08 0
771 3.938897394083e-01 8.230575299151e-01 -2.024386437700e-10 2.024386437700e-10 1.335090832818e-02 1.593994838055e-06 2.162564268947e-01 2.128127895845e-08 0
772 3.813550431684e-01 8.230272616938e-01 1.173020210470e-10 1.173020210470e-10 1.298620506237e-02 1.626356426975e-06 2.148884690909e-01 2.112019806521e-08 0
773 3.876506239338e-01 8.122015209969e-01 1.152806709027e-10 1.152806709027e-10 1.366330825692e-02 1.689604742384e-06 2.152967597906e-01 2.308559042754e-08 0
774 3.876318021702e-01 8.194287708686e-01 1.918151925212e-10 1.918151925212e-10 1.340807372213e-02 1.636319484408e-06 2.154805849806e-01 2.193989227990e-08 0
775 3.813926866957e-01 8.085727619504e-01 4.107262893322e-10 4.107262893322e-10 1.353981515803e-02 1.732117659263e-06 2.145051576512e-01 2.345255293838e-08 0
776 3.750971059303e-01 8.193985026473e-01 7.038814488450e-10 7.038814488450e-10 1.287633145641e-02 1.668395365758e-06 2.141180412124e-01 2.148281172983e-08 0
777 3.688579904558e-01 8.085424937291e-01 9.312270210044e-10 9.312270210044e-10 1.282254862647e-02 1.763706287577e-06 2.131330739012e-01 2.261520963526e-08 0
778 3.751159276939e-01 8.121712527756e-01 4.435010735855e-10 4.435010735855e-10 1.311013954287e-02 1.720731792163e-06 2.139187066137e-01 2.255903391111e-08 0
779 4.627517190009e-01 7.762065361212e-01 4.186846804071e-08 4.186846804071e-08 3.535323416080e-02 7.258286991665e-06 2.235465521466e-01 2.566039196227e-07 0
780 4.314972533104e-01 7.797815438191e-01 1.165272155088e-09 1.165272155088e-09 1.246145587301e-02 1.865909195586e-06 2.196547567092e-01 2.325194510384e-08 0
781 4.377653314651e-01 7.689606690492e-01 2.928105383603e-10 2.928105383603e-10 1.179001873831e-02 2.064204061455e-06 2.202042263032e-01 2.433700456426e-08 0
782 4.439965845842e-01 7.797952369157e-01 1.526380518940e-10 1.526380518940e-10 1.180190238994e-02 1.950077502992e-06 2.212179657393e-01 2.301462434314e-08 0
783 4.377530564533e-01 7.761791499280e-01 -2.265425701703e-10 2.265425701703e-10 1.144461623081e-02 1.862641911095e-06 2.203589889147e-01 2.131722184791e-08 0
784 4.502892127628e-01 7.545374003882e-01 5.031910576008e-08 5.031910576008e-08 3.510435373127e-02 8.123876794300e-06 2.215312573285e-01 2.851834446563e-07 0
785 4.487007119533e-01 7.698749606186e-01 -3.734523556782e-08 3.734523556782e-08 3.952249594137e-02 5.577274026157e-06 2.218137026898e-01 2.204277900627e-07 1
786 8.591970729404e-01 3.502533516369e-01 -2.284342780575e-07 2.284342780575e-07 5.171692218809e-03 6.766419609893e-04 3.298833662571e-01 3.499383964568e-06 0
787 8.140397465802e-01 4.728868741910e-01 -5.047759167152e-07 5.047759167152e-07 8.474772132807e-03 1.227415610710e-04 3.068661868087e-01 1.040206761302e-06 0
788 7.570048750966e-02 8.795672110624e-01 1.605614172481e-06 1.605614172481e-06 3.162688200333e-02 4.156144079913e-05 1.958340532645e-01 1.314458784043e-06 0
789 1.498196488030e-01 8.859891590056e-01 9.107644159317e-07 9.107644159317e-07 2.729730607460e-02 2.762835843229e-05 1.986597813335e-01 7.541797564650e-07 0
790 4.877849180894e-01 7.473565578397e-01 9.456434499305e-08 9.456434499305e-08 2.348485908110e-02 8.753274771282e-06 2.265244198576e-01 2.055694245017e-07 0
791 4.752596844100e-01 7.690008880992e-01 4.715858979756e-08 4.715858979756e-08 3.174415120164e-02 7.805381128687e-06 2.250767954331e-01 2.477751987355e-07 0
792 4.627971781718e-01 7.473317523661e-01 6.122729725894e-08 6.122729725894e-08 3.152862315245e-02 8.732730419510e-06 2.230795822004e-01 2.753309664887e-07 0
793 4.752805935570e-01 7.545630661017e-01 1.051323678781e-07 1.051323678781e-07 3.044862814415e-02 8.416638644134e-06 2.248932573739e-01 2.562751002989e-07 0
794 3.122058163377e-01 8.336230913344e-01 8.061003949326e-08 8.061003949326e-08 2.812791862115e-02 7.183356649497e-06 2.082393160759e-01 2.020528712637e-07 0
795 3.374125689527e-01 8.337495066735e-01 3.075859243410e-08 3.075859243410e-08 3.417118959312e-02 6.594921083118e-06 2.106532143958e-01 2.253562986829e-07 0
796 3.248303533651e-01 8.554287938040e-01 5.195572147868e-08 5.195572147868e-08 2.817654491373e-02 6.547203595704e-06 2.100716164502e-01 1.844775761737e-07 0
797 3.248162462185e-01 8.409337972706e-01 3.808716223959e-08 3.808716223959e-08 2.995699473263e-02 6.855338429962e-06 2.096544817275e-01 2.053653372368e-07 0
798 5.377773738918e-01 7.329549876129e-01 1.467204360998e-07 1.467204360998e-07 1.644240026605e-02 1.046527610640e-05 2.336035064160e-01 1.720742586361e-07 0
799 5.127907778439e-01 7.329417218007e-01 1.357182309019e-07 1.357182309019e-07 1.827149602618e-02 9.539767572902e-06 2.299765366772e-01 1.743058252989e-07 0
800 5.253087874623e-01 7.113034726569e-01 1.898606848163e-07 1.898606848163e-07 1.628457730197e-02 1.123438710770e-05 2.318197954247e-01 1.829472452956e-07 0
801 5.252923130660e-01 7.257333940235e-01 1.204369147478e-07 1.204369147478e-07 1.363795716642e-02 9.921053257844e-06 2.318002093895e-01 1.353028993763e-07 0
802 8.626667964080e-01 3.024818571152e-01 7.863701628676e-07 7.863701628676e-07 3.635537758024e-03 8.219465454185e-04 3.269895213706e-01 2.988217700947e-06 0
803 5.471640828727e-01 7.131157975905e-01 5.628947555659e-07 5.628947555659e-07 3.584733784827e-02 3.473304369166e-05 2.356647883912e-01 1.245087151714e-06 1
804 8.858202269146e-01 1.523210748203e-01 2.293935518046e-07 2.293935518046e-07 1.893251066576e-03 7.291190179139e-04 2.255404708406e-01 1.380405358326e-06 0
805 2.869727505349e-01 8.625720623812e-01 6.515360814448e-08 6.515360814448e-08 1.508048465041e-02 6.890095518965e-06 2.069208758423e-01 1.039059797136e-07 0
806 2.995958617333e-01 8.408287302614e-01 7.409806076680e-08 7.409806076680e-08 2.128624309299e-02 7.202021818509e-06 2.073315228766e-01 1.533039871898e-07 0
807 3.122203987606e-01 8.626344327309e-01 4.154262073966e-08 4.154262073966e-08 2.108177187801e-02 6.607281985938e-06 2.091155435023e-01 1.392932115612e-07 0
808 2.995963370096e-01 8.553450751245e-01 7.511565971267e-08 7.511565971267e-08 2.120571990409e-02 6.918237964824e-06 2.077895380900e-01 1.467062165119e-07 0
809 1.488344225844e-02 8.758247863928e-01 1.252080204547e-06 1.252080204547e-06 2.330132107695e-02 3.624126843650e-05 1.948245612449e-01 8.444694320748e-07 0
810 6.002362118029e-01 6.824363161952e-01 1.457945505345e-06 1.457945505345e-06 3.628864402592e-02 5.302946565320e-05 2.441835382499e-01 1.924367401974e-06 1
811 7.726927044974e-01 5.543845814928e-01 -5.607632511510e-07 5.607632511510e-07 1.159096611620e-02 9.105576922783e-05 2.851310280093e-01 1.055424335805e-06 0
812 1.732481316920e-01 8.990384712685e-01 1.049111829135e-06 1.049111829135e-06 2.854449423737e-02 3.072612792300e-05 2.002047715880e-01 8.770617814346e-07 0
813 6.251536980170e-01 6.679720961306e-01 1.108366313281e-06 1.108366313281e-06 2.969557302861e-02 5.825752880443e-05 2.488447569015e-01 1.729990701078e-06 0
814 8.458017787853e-01 4.210050013842e-01 -1.069023010704e-06 1.069023010704e-06 6.437756194323e-03 3.108694780435e-04 3.203555666501e-01 2.001301907900e-06 0
815 8.851308197474e-01 2.014418040015e-01 1.037693780192e-06 1.037693780192e-06 2.805969399501e-03 1.093848779966e-03 2.743565799813e-01 3.069306204266e-06 0
816 6.747846658454e-01 6.389548049522e-01 4.687332222273e-07 4.687332222273e-07 2.196746717273e-02 6.854042011096e-05 2.589053274334e-01 1.505659428792e-06 0
817 2.490477181266e-01 8.842879574712e-01 9.289623876629e-07 9.289623876629e-07 3.298546083794e-02 2.840168419875e-05 2.045669420169e-01 9.368426418695e-07 0
818 8.983768945180e-01 1.248454058388e-01 7.097432288755e-07 7.097432288755e-07 1.677721732538e-03 8.656443073906e-04 1.901678164854e-01 1.452310267157e-06 0
819 6.993947891122e-01 6.244712758727e-01 1.535877717807e-07 1.535877717807e-07 1.909240203586e-02 7.387957022907e-05 2.642212236322e-01 1.410538457050e-06 0
820 1.232101795494e-01 8.987634154309e-01 1.191397549140e-06 1.191397549140e-06 2.812662911977e-02 3.812654688125e-05 1.979510229880e-01 1.072371243747e-06 0
821 2.238771752915e-01 8.988131032260e-01 9.672896171675e-07 9.672896171675e-07 2.899734912874e-02 2.964294872393e-05 2.031972596221e-01 8.595669333534e-07 0
822 9.041105852918e-01 5.989108543740e-02 6.169781563659e-07 6.169781563659e-07 1.418912794093e-03 6.030756263105e-04 9.783759770167e-02 8.557117219776e-07 0
823 9.013378993609e-01 2.869286054799e-02 1.583400492104e-07 1.583400492104e-07 1.137202670728e-03 2.711755453494e-04 4.990076474638e-02 3.083815544075e-07 0
824 8.111030298474e-01 5.242542069095e-01 -1.228171695233e-06 1.228171695233e-06 1.148294189184e-02 1.337720213264e-04 2.955421708098e-01 1.536096347645e-06 0
825 8.624398290536e-01 3.980478759329e-01 9.409505193325e-08 9.409505193325e-08 5.522348913299e-03 3.387544370036e-04 3.248012155424e-01 1.870720197062e-06 0
826 8.992421688622e-01 1.755007431496e-01 8.599818513348e-07 8.599818513348e-07 2.304238475257e-03 9.185022150478e-04 2.481783738777e-01 2.116448143522e-06 0
827 8.863124770406e-01 2.522175039613e-01 1.094058752172e-06 1.094058752172e-06 3.458353959776e-03 9.946034720180e-04 3.076485109943e-01 3.439690855860e-06 0
828 7.480317521748e-01 5.957103245741e-01 -3.287755867694e-07 3.287755867694e-07 1.440007202978e-02 7.590877888924e-05 2.751349003259e-01 1.093091883698e-06 0
829 8.406951077372e-01 4.715767033437e-01 -9.377339187673e-07 9.377339187673e-07 9.811782571333e-03 1.477723870771e-04 3.093860679482e-01 1.449910532048e-06 0
830 7.987598506241e-01 5.484524618998e-01 -6.960239053108e-07 6.960239053108e-07 1.202616024407e-02 9.811676156414e-05 2.895011382988e-01 1.179967897200e-06 0
831 4.252283204341e-01 7.906054977783e-01 1.099783172214e-09 1.099783172214e-09 1.313508964806e-02 1.781455464257e-06 2.191267296187e-01 2.339957722705e-08 0
832 4.314623746139e-01 8.014445901694e-01 8.423115245561e-10 8.423115245561e-10 1.281950056894e-02 1.678475566991e-06 2.201013197806e-01 2.151721848600e-08 0
833 4.189548770538e-01 8.014310855911e-01 4.868771287021e-10 4.868771287021e-10 1.355280171254e-02 1.701509115246e-06 2.186172978599e-01 2.306021565101e-08 0
834 4.252151907006e-01 7.978270578463e-01 3.584674844742e-10 3.584674844742e-10 1.323213635714e-02 1.719997663203e-06 2.192818158186e-01 2.275924361346e-08 0
835 4.439304829736e-01 8.231227749517e-01 -9.876860108931e-10 9.876860108931e-10 1.155069049666e-02 1.471313148259e-06 2.219389101626e-01 1.699468279921e-08 0
836 4.314229854135e-01 8.231092703734e-01 -3.733335182546e-10 3.733335182546e-10 1.222125407644e-02 1.505067341023e-06 2.204893864658e-01 1.839381037680e-08 0
837 4.376964287938e-01 8.122836825606e-01 3.568773021909e-10 3.568773021909e-10 1.217178841674e-02 1.578270440773e-06 2.210379532150e-01 1.921037386949e-08 0
838 4.376832990603e-01 8.195052426286e-01 -6.788100374459e-10 6.788100374459e-10 1.190127591243e-02 1.520195950536e-06 2.211554386504e-01 1.809227144829e-08 0
839 4.064079902932e-01 8.230822612168e-01 -3.898121059628e-10 3.898121059628e-10 1.330435036745e-02 1.558411745072e-06 2.176467801292e-01 2.073365587320e-08 0
840 4.126814336735e-01 8.122566734039e-01 -8.525629340539e-12 8.525629340539e-12 1.361063094727e-02 1.627391535851e-06 2.181247084187e-01 2.214982560118e-08 0
841 4.189154878534e-01 8.230957657951e-01 -4.429993789328e-10 4.429993789328e-10 1.292696741156e-02 1.530719254346e-06 2.190579768048e-01 1.978755791719e-08 0
842 4.126683039400e-01 8.194782334720e-01 -3.793613731567e-10 3.793613731567e-10 1.335192219264e-02 1.571668787234e-06 2.182765210089e-01 2.098479935974e-08 0
843 4.251758015002e-01 8.194917380503e-01 -4.610456893203e-10 4.610456893203e-10 1.281124476298e-02 1.545530882211e-06 2.197062931938e-01 1.980017442075e-08 0
844 4.189417473203e-01 8.086526456591e-01 -6.878873381296e-11 6.878873381296e-11 1.347790394223e-02 1.643146281252e-06 2.187711779861e-01 2.214616774174e-08 0
845 4.314492448804e-01 8.086661502374e-01 4.170980859904e-11 4.170980859904e-11 1.275411252745e-02 1.619053948764e-06 2.202369301950e-01 2.064959625056e-08 0
846 4.251889312336e-01 8.122701779823e-01 1.360839415592e-10 1.360839415592e-10 1.304727955896e-02 1.601928633717e-06 2.195714296221e-01 2.090081071760e-08 0
847 4.611653189870e-01 7.915474897451e-01 -3.834699057130e-08 3.834699057130e-08 3.783872051708e-02 5.143251628798e-06 2.237502803424e-01 1.946140609311e-07 1
848 4.501880745250e-01 8.195188100463e-01 -7.606809750122e-10 7.606809750122e-10 1.120673699274e-02 1.524036765390e-06 2.226214454749e-01 1.707947919698e-08 0
849 4.439540203452e-01 8.086797176551e-01 4.704848693116e-10 4.704848693116e-10 1.181788141794e-02 1.596560650034e-06 2.217212692496e-01 1.886796443866e-08 0
850 4.564533516190e-01 8.086934107517e-01 4.261220260296e-09 4.261220260296e-09 1.137931944113e-02 1.610662169764e-06 2.232215956331e-01 1.832823934149e-08 0
851 4.501984821630e-01 8.122973128177e-01 1.770733595837e-09 1.770733595837e-09 1.076614233522e-02 1.550324752295e-06 2.225214207380e-01 1.669101694902e-08 0
852 4.314859119854e-01 7.870015328728e-01 9.046378206196e-10 9.046378206196e-10 1.262571940858e-02 1.801997762413e-06 2.198103342056e-01 2.275151812313e-08 0
853 4.439852432593e-01 7.870152259694e-01 3.244026174186e-09 3.244026174186e-09 1.197879781895e-02 1.756646841281e-06 2.213524247012e-01 2.104251735100e-08 0
854 4.377199661653e-01 7.978406252640e-01 6.968858163077e-10 6.968858163077e-10 1.234682464384e-02 1.696973870627e-06 2.207849984181e-01 2.095223880581e-08 0
855 4.377303738033e-01 7.906191280354e-01 2.235240854361e-09 2.235240854361e-09 1.219426418383e-02 1.760234159831e-06 2.206492228993e-01 2.146476037038e-08 0
856 4.439644279832e-01 8.014582204266e-01 7.148077221828e-10 7.148077221828e-10 1.187417248066e-02 1.655299875170e-06 2.216040313314e-01 1.965531622498e-08 0
857 4.502297050772e-01 7.906328211320e-01 5.596498122767e-10 5.596498122767e-10 1.145067408976e-02 1.831914064970e-06 2.221902201738e-01 2.097665091842e-08 0
858 4.564637592570e-01 8.014719135232e-01 -1.493073416184e-09 1.493073416184e-09 1.141616805650e-02 1.687279920516e-06 2.231234836401e-01 1.926227113097e-08 0
859 4.502192974391e-01 7.978543183606e-01 -6.110409468268e-10 6.110409468268e-10 1.092590519583e-02 1.646315718575e-06 2.223058915538e-01 1.798748946355e-08 0
860 3.562738195577e-01 8.301956439007e-01 5.551579842862e-10 5.551579842862e-10 1.136447716392e-02 1.713174704766e-06 2.124406518266e-01 1.946933481013e-08 0
861 3.688085157975e-01 8.302259121221e-01 4.843440811554e-10 4.843440811554e-10 1.199632555079e-02 1.609904938606e-06 2.137403405348e-01 1.931294374934e-08 0
862 3.625339069300e-01 8.410566591526e-01 -2.242967369108e-09 2.242967369108e-09 1.152666752843e-02 1.596382436750e-06 2.133709305347e-01 1.840096959665e-08 0
863 3.625387474284e-01 8.338260717251e-01 -8.081126292849e-10 8.081126292849e-10 1.090823651170e-02 1.582348975594e-06 2.131838993381e-01 1.726063686983e-08 0
864 3.938779082773e-01 8.302864485647e-01 -1.738322602127e-10 1.738322602127e-10 1.291260785908e-02 1.542730800070e-06 2.164208802868e-01 1.992067785342e-08 0
865 3.876032994098e-01 8.411171955952e-01 -1.307971040938e-09 1.307971040938e-09 1.230708401019e-02 1.476476659655e-06 2.159847341371e-01 1.817112228946e-08 0
866 3.813432120374e-01 8.302561803434e-01 3.060069155560e-10 3.060069155560e-10 1.258386437112e-02 1.576831869912e-06 2.150677048534e-01 1.984263838704e-08 0
867 3.876081399082e-01 8.338866081678e-01 -6.865329102467e-10 6.865329102467e-10 1.245715397144e-02 1.535140298990e-06 2.158244044130e-01 1.912347907229e-08 0
868 3.750601322977e-01 8.537404553720e-01 3.644779888177e-08 3.644779888177e-08 3.900413695682e-02 4.776927658813e-06 2.149857721691e-01 1.863199406372e-07 1
869 3.813335310406e-01 8.447173551983e-01 -3.651450852636e-10 3.651450852636e-10 1.177864653727e-02 1.523782169914e-06 2.154020400925e-01 1.794809157921e-08 0
870 3.687988348008e-01 8.446870869770e-01 3.923386880139e-09 3.923386880139e-09 1.171235368729e-02 1.548450658240e-06 2.141013473903e-01 1.813600177664e-08 0
871 3.750734436683e-01 8.338563399465e-01 4.930428335228e-10 4.930428335228e-10 1.209554564033e-02 1.569570525529e-06 2.144909193988e-01 1.898481192726e-08 0
872 3.750686031699e-01 8.410869273739e-01 1.713914943356e-09 1.713914943356e-09 1.119882018684e-02 1.510537347949e-06 2.146648323591e-01 1.691623614519e-08 0
873 8.878080326863e-01 3.016199000380e-01 7.082343206921e-07 7.082343206921e-07 3.909574142536e-03 7.349902397614e-04 3.240956123057e-01 2.873498836387e-06 0
874 8.560612273308e-01 4.462416107358e-01 -9.425142265256e-07 9.425142265256e-07 8.311682352304e-03 2.660142252736e-04 3.155883022246e-01 2.211025741668e-06 0
875 3.374059958183e-01 8.627116090849e-01 8.588778829754e-09 8.588778829754e-09 2.868211458676e-02 6.163042063482e-06 2.114394645394e-01 1.767690786678e-07 0
876 3.515584033193e-01 8.401307992979e-01 -3.318620124564e-08 3.318620124564e-08 3.731212292709e-02 4.924021825048e-06 2.121060921239e-01 1.837257076319e-07 0
877 3.625083861507e-01 8.627543524581e-01 1.293279041607e-09 1.293279041607e-09 3.439954936568e-02 5.679463947200e-06 2.138753339257e-01 1.953710004223e-07 0
878 3.499675311250e-01 8.554994278325e-01 1.079186603995e-08 1.079186603995e-08 3.387543364697e-02 6.017556481791e-06 2.124738993433e-01 2.038473353158e-07 0
879 5.930108623567e-02 9.044966922692e-01 1.573800588989e-06 1.573800588989e-06 3.171511631548e-02 4.138451303483e-05 1.963079345950e-01 1.312514644559e-06 0
880 5.002699704688e-01 7.545848507771e-01 1.088890335982e-07 1.088890335982e-07 2.326455174323e-02 8.447436427134e-06 2.283086848523e-01 1.965258218567e-07 0
881 5.127373876894e-01 7.762449241154e-01 6.581760227353e-08 6.581760227353e-08 2.145081480743e-02 7.534090862436e-06 2.300687130173e-01 1.616123878325e-07 0
882 4.877447367894e-01 7.762291810365e-01 7.531361516218e-08 7.531361516218e-08 2.920605420026e-02 7.504843375699e-06 2.267891903613e-01 2.191868623951e-07 0
883 5.002506983158e-01 7.690196519763e-01 6.189703912409e-08 6.189703912409e-08 2.286943897943e-02 7.813614047416e-06 2.283890599614e-01 1.786929696662e-07 0
884 7.700825199410e-01 5.827774839572e-01 -3.804233258048e-07 3.804233258048e-07 1.178831217785e-02 6.968873989567e-05 2.800951432393e-01 8.215126211709e-07 0
885 8.997891477801e-01 2.264986431732e-01 1.005897217877e-06 1.005897217877e-06 2.989634986874e-03 9.749645457050e-04 2.905613671649e-01 2.914788116802e-06 0
886 8.882539802965e-01 3.501625386278e-01 4.191441328834e-07 4.191441328834e-07 4.950785529237e-03 5.035294479528e-04 3.281353296152e-01 2.492866304469e-06 0
887 5.377605097592e-01 7.473877617736e-01 7.278520827157e-08 7.278520827157e-08 1.376699023284e-02 8.537131443327e-06 2.335195012154e-01 1.175306051968e-07 0
888 5.252413309318e-01 7.690345692996e-01 5.283415760321e-08 5.283415760321e-08 1.684769345417e-02 7.874617305711e-06 2.317283317993e-01 1.326691384355e-07 0
889 5.127739137113e-01 7.473744959613e-01 9.484548153694e-08 9.484548153694e-08 1.735498919488e-02 8.811359819864e-06 2.300132730155e-01 1.529210544660e-07 0
890 5.252585848008e-01 7.545989423449e-01 9.214776246246e-08 9.214776246246e-08 1.790771395445e-02 8.477958467122e-06 2.317537209040e-01 1.518208551470e-07 0
891 2.840899205223e-02 9.015818676936e-01 1.153738069340e-06 1.153738069340e-06 2.763940725531e-02 3.411687711329e-05 1.957902987145e-01 9.429702608136e-07 0
892 5.752565936454e-01 7.293441754798e-01 1.242127930208e-06 1.242127930208e-06 3.311012850440e-02 3.907917663421e-05 2.391842008783e-01 1.293916560205e-06 0
893 2.997122460271e-01 8.988256675792e-01 2.966556992262e-08 2.966556992262e-08 1.451532879222e-02 6.397286428992e-06 2.088923446269e-01 9.285871589483e-08 0
894 2.870018466083e-01 8.770712967106e-01 7.680571335477e-08 7.680571335477e-08 1.632693666558e-02 6.906742945035e-06 2.073270251280e-01 1.127659546290e-07 0
895 3.122494948341e-01 8.771336670604e-01 3.875528307524e-08 3.875528307524e-08 2.007548139567e-02 6.339348258722e-06 2.094878459908e-01 1.272654680286e-07 0
896 2.996545291565e-01 8.843435437834e-01 2.770489401523e-08 2.770489401523e-08 1.422860010300e-02 6.370564802788e-06 2.085687013484e-01 9.064421900909e-08 0
897 6.002338883273e-01 7.112820637538e-01 8.213035195190e-07 8.213035195190e-07 3.193703253678e-02 4.597709239821e-05 2.432416798998e-01 1.468371895868e-06 0
898 6.500843192045e-01 6.822588131514e-01 5.152856147044e-07 5.152856147044e-07 2.813903600904e-02 5.538987604742e-05 2.520198536519e-01 1.558617716635e-06 0
899 9.011724850901e-01 2.766436235671e-01 9.682158125787e-07 9.682158125787e-07 3.684304576114e-03 8.481937531070e-04 3.154529832189e-01 3.125004126004e-06 0
900 9.259751766722e-01 1.223150375758e-01 9.365530858996e-07 9.365530858996e-07 1.826683404816e-03 7.573916180214e-04 1.830351668838e-01 1.383514699586e-06 0
901 2.776377329519e-01 8.969882136815e-01 -3.313267592565e-08 3.313267592565e-08 3.445240195918e-02 2.249492572220e-05 2.068540370753e-01 7.750042230233e-07 0
902 6.748671585961e-01 6.676808942510e-01 2.414033219153e-07 2.414033219153e-07 2.426588769950e-02 6.014663104353e-05 2.567039688994e-01 1.459511394406e-06 0
903 1.738154084345e-01 9.277781934025e-01 9.098500970151e-07 9.098500970151e-07 2.571323573887e-02 3.053546251003e-05 2.009069061436e-01 7.851655459160e-07 0
904 1.214008630460e-01 9.261702870477e-01 1.269339217858e-06 1.269339217858e-06 2.788757820049e-02 3.743363659494e-05 1.985626904157e-01 1.043933467870e-06 0
905 7.239584099582e-01 6.383699103584e-01 -2.328016483794e-07 2.328016483794e-07 1.831378716496e-02 6.768164166191e-05 2.665125260004e-01 1.239507180371e-06 0
906 9.019339215770e-01 3.257087099955e-01 7.616062671038e-07 7.616062671038e-07 4.321921594948e-03 6.315353802879e-04 3.258306561774e-01 2.729446398040e-06 0
907 8.876692292733e-01 3.987238585448e-01 8.246744756085e-09 8.246744756085e-09 5.914471502977e-03 2.913130801541e-04 3.241830186785e-01 1.722962911016e-06 0
908 9.317612919637e-01 6.926829916694e-02 1.846445123351e-07 1.846445123351e-07 1.116310406173e-03 3.319493104232e-04 1.094122293183e-01 3.705584695475e-07 0
909 7.480389633197e-01 6.237893057062e-01 -4.205830587469e-07 4.205830587469e-07 1.592790083609e-02 7.061583545825e-05 2.714982541830e-01 1.124762024637e-06 0
910 9.256983055685e-01 1.360007726518e-02 1.851794650251e-07 1.851794650251e-07 7.832777397225e-04 2.553206453718e-04 2.682013932856e-02 1.999869780113e-07 0
911 2.242646237151e-01 9.277799184504e-01 6.942250076513e-07 6.942250076513e-07 2.725181423244e-02 2.840453631442e-05 2.038451724621e-01 7.740751469991e-07 0
912 8.412957241477e-01 5.243980497933e-01 -1.031001735122e-06 1.031001735122e-06 1.109413213837e-02 9.057515387052e-05 2.983199436197e-01 1.004852725493e-06 0
913 9.018847118563e-01 3.745376024037e-01 3.615941049853e-07 3.615941049853e-07 5.493784118271e-03 4.194296872639e-04 3.260316709459e-01 2.304256154621e-06 0
914 9.279402797198e-01 1.750964667894e-01 1.027980110991e-06 1.027980110991e-06 2.192795018715e-03 7.683380637885e-04 2.428881378512e-01 1.684807878965e-06 0
915 8.559128489432e-01 4.987219273444e-01 -1.008615890403e-06 1.008615890403e-06 9.933196656858e-03 1.313755534787e-04 3.045454987648e-01 1.304979208607e-06 0
916 9.415181959732e-01 9.684631827120e-02 4.863555777022e-07 4.863555777022e-07 1.314670880225e-03 4.776949181378e-04 1.474557162086e-01 6.280115985070e-07 0
917 4.063972352764e-01 8.303046477539e-01 -5.825713917332e-10 5.825713917332e-10 1.286389318939e-02 1.505232989775e-06 2.177959814920e-01 1.936315640561e-08 0
918 4.189047328365e-01 8.303181523323e-01 -8.562561567819e-10 8.562561567819e-10 1.252146608860e-02 1.476689477379e-06 2.191915094663e-01 1.849031721439e-08 0
919 4.126384136060e-01 8.411462195525e-01 -2.113378714562e-09 2.113378714562e-09 1.225609878912e-02 1.401250878783e-06 2.186907559982e-01 1.717386919871e-08 0
920 4.126467939063e-01 8.339230065462e-01 -1.215571425235e-09 1.215571425235e-09 1.240104282882e-02 1.463182055334e-06 2.185593781775e-01 1.814498333455e-08 0
921 4.439197279568e-01 8.303451614889e-01 1.199805188566e-09 1.199805188566e-09 1.131324525110e-02 1.440293331267e-06 2.220398559412e-01 1.629439169015e-08 0
922 4.376534087262e-01 8.411732287092e-01 -2.735718495313e-09 2.735718495313e-09 1.145615879919e-02 1.398130672598e-06 2.214749951629e-01 1.601720700731e-08 0
923 4.314122303966e-01 8.303316569106e-01 -7.455337313362e-10 7.455337313362e-10 1.192748153210e-02 1.452943901005e-06 2.206068048100e-01 1.732996154641e-08 0
924 4.376617890265e-01 8.339500157029e-01 -6.495931781339e-10 6.495931781339e-10 1.084852051196e-02 1.406852279408e-06 2.213738985164e-01 1.526226581046e-08 0
925 4.251312456406e-01 8.538003468919e-01 1.455735855129e-09 1.455735855129e-09 3.879010713008e-02 4.423676385210e-06 2.202886661095e-01 1.715948808911e-07 1
926 4.313954697960e-01 8.447780829231e-01 -2.367786398518e-09 2.367786398518e-09 1.161129478413e-02 1.384286517332e-06 2.208245096396e-01 1.607335881844e-08 0
927 4.188879722359e-01 8.447645783448e-01 7.211774167585e-10 7.211774167585e-10 1.173855331377e-02 1.388268697846e-06 2.194395083102e-01 1.629626612350e-08 0
928 4.251542914664e-01 8.339365111246e-01 -7.017896519224e-10 7.017896519224e-10 1.203032899544e-02 1.438768602267e-06 2.199573531636e-01 1.730885963357e-08 0
929 4.251459111661e-01 8.411597241308e-01 -9.182425705572e-10 9.182425705572e-10 1.113302798628e-02 1.378129588569e-06 2.200738624606e-01 1.534275527826e-08 0
930 4.001365331338e-01 8.339103952380e-01 -3.098653092941e-10 3.098653092941e-10 1.275888837134e-02 1.496523801554e-06 2.171816834945e-01 1.909398012909e-08 0
931 4.063777114634e-01 8.447519670366e-01 -1.337497806588e-09 1.337497806588e-09 1.216001827154e-02 1.430863671329e-06 2.180729522147e-01 1.739932838743e-08 0
932 3.938619242663e-01 8.447411422686e-01 1.750740241241e-09 1.750740241241e-09 1.218721527517e-02 1.474981963179e-06 2.167267975681e-01 1.797592271225e-08 0
933 4.001253896212e-01 8.411345015144e-01 2.486997191202e-10 2.486997191202e-10 1.178239955201e-02 1.436769047383e-06 2.173271888319e-01 1.692858698023e-08 0
934 4.126077462804e-01 8.628176451116e-01 -2.280655749646e-08 2.280655749646e-08 3.665902476083e-02 4.929860217319e-06 2.190438675978e-01 1.807238677741e-07 0
935 3.875761718861e-01 8.627959955755e-01 -1.374424122923e-08 1.374424122923e-08 3.670427876045e-02 5.271340626416e-06 2.164152528750e-01 1.934807557933e-07 0
936 4.001058884741e-01 8.537766874981e-01 1.851400640817e-08 1.851400640817e-08 4.097902782947e-02 4.542474727730e-06 2.175953819138e-01 1.861461982824e-07 1
937 6.882314923339e-02 9.319992279136e-01 1.091538855819e-06 1.091538855819e-06 2.554642719594e-02 3.496392048637e-05 1.971633964467e-01 8.932032491897e-07 0
938 4.876857039200e-01 8.195430342658e-01 1.002208285697e-08 1.002208285697e-08 2.828664740093e-02 5.798299647378e-06 2.270956822677e-01 1.640144576503e-07 0
939 4.611262220144e-01 8.186249440266e-01 3.353712326483e-08 3.353712326483e-08 3.668098745130e-02 5.345475879871e-06 2.241011042934e-01 1.960773336708e-07 1
940 4.752178688802e-01 7.978774907862e-01 2.427549645929e-08 2.427549645929e-08 3.342663307024e-02 6.559134993680e-06 2.253944347392e-01 2.192497986919e-07 0
941 4.751969624974e-01 8.123162714758e-01 8.496346622975e-09 8.496346622975e-09 3.313962014528e-02 5.996915672798e-06 2.255305692443e-01 1.987355074398e-07 0
942 1.485776090421e-01 9.421357527565e-01 9.924965536315e-07 9.924965536315e-07 2.562373029386e-02 3.212708858906e-05 1.999567544129e-01 8.232158531331e-07 0
943 1.992093834376e-01 9.422293443326e-01 6.793656610394e-07 6.793656610394e-07 2.135664510666e-02 2.913589591534e-05 2.025449312175e-01 6.222449889284e-07 0
944 5.127182548095e-01 7.906815486950e-01 2.160959997151e-08 2.160959997151e-08 2.084192581474e-02 6.944628711318e-06 2.300890795049e-01 1.447394364122e-07 0
945 5.001934389493e-01 8.123313490958e-01 -4.312739952935e-09 4.312739952935e-09 2.479029770522e-02 6.063119075487e-06 2.285794506547e-01 1.503065269036e-07 0
946 4.877256039095e-01 7.906658056161e-01 2.119369825199e-08 2.119369825199e-08 2.931424805456e-02 6.913833786991e-06 2.269026634763e-01 2.026738386399e-07 0
947 5.002124325561e-01 7.978929011357e-01 3.316771651096e-08 3.316771651096e-08 2.506415659723e-02 6.621997327931e-06 2.285235128723e-01 1.659747780137e-07 0
948 3.499651907427e-01 8.988851780571e-01 -1.681774038112e-08 1.681774038112e-08 2.141464203251e-02 5.299914151517e-06 2.133564415948e-01 1.134957643578e-07 0
949 3.374002406525e-01 8.771748231106e-01 1.477093287335e-08 1.477093287335e-08 2.528949030457e-02 5.879232968656e-06 2.117709462808e-01 1.486828051591e-07 0
950 3.625026309849e-01 8.772175664838e-01 -1.993590969826e-09 1.993590969826e-09 3.048614568217e-02 5.475630100506e-06 2.141676180180e-01 1.669308569457e-07 0
951 3.499560207934e-01 8.844258558839e-01 -1.716528104472e-08 1.716528104472e-08 2.556210011498e-02 5.540523621611e-06 2.130981426202e-01 1.416274195051e-07 0
952 8.132732427428e-01 5.752589211200e-01 -9.144996936869e-07 9.144996936869e-07 1.315870664517e-02 7.668684305944e-05 2.864233100569e-01 1.009099671363e-06 0
953 9.633897856540e-02 9.417245349343e-01 1.420940409010e-06 1.420940409010e-06 3.015986137110e-02 3.942584880753e-05 1.980264468470e-01 1.189078134473e-06 0
954 7.949791712614e-01 5.950512330817e-01 -6.773260788844e-07 6.773260788844e-07 1.170597803160e-02 7.725190567010e-05 2.812410520553e-01 9.043091106731e-07 0
955 9.285117841985e-01 2.257130823503e-01 1.382787295659e-06 1.382787295659e-06 2.877585204844e-03 8.113620143969e-04 2.849804600269e-01 2.334763328401e-06 0
956 9.421166199265e-01 1.493864301971e-01 8.505492375881e-07 8.505492375881e-07 1.880763052173e-03 6.582820184131e-04 2.134391594216e-01 1.238072498141e-06 0
957 3.374186443630e-01 9.061015971057e-01 -2.760843305174e-08 2.760843305174e-08 1.809638128023e-02 5.420721737311e-06 2.123197745633e-01 9.809544737244e-08 0
958 3.123164454657e-01 9.060832426780e-01 -5.876563519000e-09 5.876563519000e-09 1.376269204163e-02 5.829669715595e-06 2.101019250792e-01 8.023194900012e-08 0
959 3.248536942727e-01 8.843912421592e-01 4.344108186003e-09 4.344108186003e-09 1.974303333955e-02 5.973262297926e-06 2.107762351601e-01 1.179303166938e-07 0
960 3.248629280338e-01 8.988586939809e-01 2.218484511997e-09 2.218484511997e-09 1.770093600851e-02 5.752125521082e-06 2.110661324918e-01 1.018180057616e-07 0
961 8.860523013973e-01 4.481711856166e-01 -3.935393803771e-07 3.935393803771e-07 7.802973331175e-03 1.543297621179e-04 3.158427674562e-01 1.204231018012e-06 0
962 5.627262840009e-01 7.762583752758e-01 2.706211358521e-08 2.706211358521e-08 1.360260782276e-02 7.950958027319e-06 2.366478485544e-01 1.081537638608e-07 0
963 5.377294235042e-01 7.762555391283e-01 4.848857411569e-08 4.848857411569e-08 1.649114652692e-02 7.667247546967e-06 2.333624170962e-01 1.264417027552e-07 0
964 5.502486023316e-01 7.546087316022e-01 8.233991782430e-08 8.233991782430e-08 1.511265123899e-02 8.844806434071e-06 2.352039123299e-01 1.336684749145e-07 0
965 5.502347699456e-01 7.690408820021e-01 3.932023474372e-08 3.932023474372e-08 1.388354071862e-02 8.122914333105e-06 2.350717383392e-01 1.127748118975e-07 0
966 1.352554979379e-02 9.257570813007e-01 9.227537061012e-07 9.227537061012e-07 1.960017751379e-02 3.158040397641e-05 1.963263679686e-01 6.189815238949e-07 0
967 5.877391214083e-01 7.473748920664e-01 2.840167085990e-08 2.840167085990e-08 1.412954161735e-02 9.879477771311e-06 2.404984055704e-01 1.395924923274e-07 0
968 5.752287084769e-01 7.690382135104e-01 1.950236813117e-08 1.950236813117e-08 1.183979134333e-02 8.462484805398e-06 2.383951011655e-01 1.001940543420e-07 0
969 5.627510268076e-01 7.473885698368e-01 7.526596609895e-08 7.526596609895e-08 1.161161556689e-02 9.965625913570e-06 2.370241142419e-01 1.157170169918e-07 0
970 5.752396188976e-01 7.546005584712e-01 4.917704842141e-08 4.917704842141e-08 1.249240014634e-02 9.225967042765e-06 2.386392344369e-01 1.152544720352e-07 0
971 6.252243768255e-01 7.256407254675e-01 4.015291394728e-07 4.015291394728e-07 3.107066155727e-02 4.429754807004e-05 2.463607934481e-01 1.376354123901e-06 0
972 6.501573214886e-01 7.110816949297e-01 2.042542070423e-07 2.042542070423e-07 2.960185076867e-02 4.845630068665e-05 2.504888271443e-01 1.434396181728e-06 0
973 9.291809152478e-01 2.758340085318e-01 1.447388769421e-06 1.447388769421e-06 3.615467227078e-03 6.936337367640e-04 3.108262949297e-01 2.507810042866e-06 0
974 9.010222530715e-01 4.236105588769e-01 -3.945346820283e-08 3.945346820283e-08 6.681912852282e-03 2.440099374099e-04 3.200731389130e-01 1.630453136864e-06 0
975 6.997876033590e-01 6.816984922984e-01 -1.759941070696e-07 1.759941070696e-07 2.314808763954e-02 5.692804456656e-05 2.592229685209e-01 1.317775364774e-06 0
976 2.746520071015e-01 9.277565505613e-01 7.984809327749e-08 7.984809327749e-08 2.699388243342e-02 2.478417222447e-05 2.074140615748e-01 6.690210312370e-07 0
977 9.425515670235e-01 2.002519668184e-01 1.208973284478e-06 1.208973284478e-06 2.458011326239e-03 7.341500958862e-04 2.635099056002e-01 1.804549250848e-06 0
978 7.242687314543e-01 6.668710374853e-01 -3.659092925278e-07 3.659092925278e-07 2.029439306877e-02 6.052761042437e-05 2.637508888966e-01 1.228371117465e-06 0
979 9.296494503549e-01 3.253989436382e-01 1.188104699746e-06 1.188104699746e-06 4.388895541899e-03 5.050091560766e-04 3.225906752102e-01 2.216432433723e-06 0
980 2.495900508755e-01 9.422115118503e-01 1.858233846050e-07 1.858233846050e-07 1.731116582498e-02 2.637422156254e-05 2.057814199530e-01 4.565685229739e-07 0
981 9.514547317082e-01 4.901021551298e-02 1.392793086757e-07 1.392793086757e-07 5.967498215173e-04 2.597702264521e-04 7.755214235626e-02 1.550178362708e-07 0
982 9.481644312440e-01 2.454021850063e-02 4.314164483492e-08 4.314164483492e-08 4.846353306434e-04 1.012550186310e-04 4.126572043034e-02 4.907175943356e-08 0
983 7.721811639242e-01 6.369968214434e-01 -6.404377841052e-07 6.404377841052e-07 1.577837304123e-02 6.464543785248e-05 2.729162952942e-01 1.019999833850e-06 0
984 8.554884535504e-01 5.502083993528e-01 -1.110563501013e-06 1.110563501013e-06 1.218796220335e-02 8.528042925344e-05 2.944053728511e-01 1.039394648426e-06 0
985 9.430435436167e-01 2.506223281030e-01 1.449088940991e-06 1.449088940991e-06 3.189571388338e-03 7.104294378396e-04 2.975418674155e-01 2.265965408367e-06 0
986 8.848131734311e-01 4.989726775090e-01 -7.410759904720e-07 7.410759904720e-07 9.703308435117e-03 7.849737925940e-05 3.058074761817e-01 7.616842823023e-07 0
987 8.398091513689e-01 5.768710156893e-01 -1.161645677420e-06 1.161645677420e-06 1.305328138214e-02 8.263751925223e-05 2.885367400721e-01 1.078690791522e-06 0
988 9.296242420728e-01 3.747305698416e-01 8.312691931122e-07 8.312691931122e-07 5.479746784125e-03 3.151175813675e-04 3.240884433924e-01 1.726764553120e-06 0
989 7.970706040997e-01 6.211915894359e-01 -8.061547102540e-07 8.061547102540e-07 1.476520692487e-02 7.246313671844e-05 2.777164722634e-01 1.069933208073e-06 0
990 4.626299496890e-01 8.628493184230e-01 -3.116536304531e-08 3.116536304531e-08 2.837051967932e-02 4.483619059557e-06 2.245105107320e-01 1.272026027637e-07 0
991 4.376249395112e-01 8.628377281126e-01 -3.170445429023e-08 3.170445429023e-08 3.406931170898e-02 4.743780682804e-06 2.217476079121e-01 1.616173427615e-07 0
992 4.485960203933e-01 8.402782888778e-01 9.027371484616e-09 9.027371484616e-09 3.692711590910e-02 4.787140239051e-06 2.228920858408e-01 1.767752824806e-07 1
993 4.501374890575e-01 8.556228800692e-01 -3.173055438961e-08 3.173055438961e-08 3.355644513437e-02 4.829550565135e-06 2.230501616543e-01 1.620625485626e-07 0
994 4.000623198685e-01 8.989236781887e-01 -4.228478185701e-08 4.228478185701e-08 2.516872116349e-02 4.384555262262e-06 2.182358920015e-01 1.103536488218e-07 0
995 3.875604044480e-01 8.772432897440e-01 -1.904568338348e-08 1.904568338348e-08 3.330981259980e-02 5.066650149036e-06 2.166641372302e-01 1.687691669731e-07 0
996 4.125919788423e-01 8.772649392802e-01 -3.108486337219e-08 3.108486337219e-08 3.326948256335e-02 4.669500870075e-06 2.192480278769e-01 1.553518777765e-07 0
997 4.000715677196e-01 8.844773024043e-01 -4.535731875984e-08 4.535731875984e-08 3.190810800393e-02 4.697454420615e-06 2.180491836511e-01 1.498868829965e-07 0
998 4.876663097629e-01 8.339825420458e-01 -2.534166515774e-08 2.534166515774e-08 2.757608011390e-02 5.291664842231e-06 2.271775848299e-01 1.459233736253e-07 0
999 4.751402922520e-01 8.556355219063e-01 -3.677968791747e-08 3.677968791747e-08 2.763217657202e-02 4.615480372335e-06 2.258636579957e-01 1.275357686131e-07 0
1000 4.626679205352e-01 8.339677971553e-01 -1.216165532186e-08 1.216165532186e-08 3.366858651357e-02 5.338129483108e-06 2.242528381550e-01 1.797272743227e-07 0
1001 4.751581741833e-01 8.411952870358e-01 -1.269714595058e-08 1.269714595058e-08 2.946554247835e-02 5.092084926498e-06 2.257644995382e-01 1.500410447051e-07 0
1002 8.995865062916e-01 4.737570283891e-01 -5.166505232264e-07 5.166505232264e-07 8.633807892525e-03 1.395823161337e-04 3.110556134300e-01 1.205126902692e-06 0
1003 1.491102193054e-01 9.710293452725e-01 8.727449462120e-07 8.727449462120e-07 2.273966032697e-02 3.158960460093e-05 2.003295485144e-01 7.183368784883e-07 0
1004 3.875393149897e-01 9.061389988677e-01 -5.339522824747e-08 5.339522824747e-08 2.462456516186e-02 4.476752609911e-06 2.170738639636e-01 1.102380863563e-07 0
1005 3.624999593271e-01 9.061262219964e-01 -4.368432665551e-08 4.368432665551e-08 2.212599492453e-02 4.939678178476e-06 2.146489829523e-01 1.092952943058e-07 0
1006 3.750373995692e-01 8.844586104231e-01 -3.637595657546e-08 3.637595657546e-08 3.027090931671e-02 5.118890371012e-06 2.155280069341e-01 1.549534662231e-07 0
1007 3.750255579620e-01 8.989079437624e-01 -3.297591074484e-08 3.297591074484e-08 2.414089565005e-02 4.837913077091e-06 2.157504330424e-01 1.167915547581e-07 0
1008 9.435319916218e-01 3.005005186453e-01 1.429123163593e-06 1.429123163593e-06 3.977299399463e-03 5.879806483001e-04 3.164009079904e-01 2.338575079380e-06 0
1009 9.720788433756e-01 9.898142671513e-02 4.292504465231e-07 4.292504465231e-07 1.115546911122e-03 4.013740439913e-04 1.478416775820e-01 4.477515749793e-07 0
1010 4.885429052307e-02 9.515671960558e-01 6.306545584215e-07 6.306545584215e-07 2.068892454017e-02 2.490039127370e-05 1.971448828938e-01 5.151623160823e-07 0
1011 5.252068152097e-01 7.979062530201e-01 2.209028986608e-08 2.209028986608e-08 1.828779960314e-02 6.708202454138e-06 2.316747863461e-01 1.226782621786e-07 0
1012 5.376798455102e-01 8.195646229163e-01 -1.248463553834e-08 1.248463553834e-08 1.484496124491e-02 5.944944063629e-06 2.331499639287e-01 8.825246422775e-08 0
1013 5.126819993495e-01 8.195560534208e-01 -1.079362744640e-09 1.079362744640e-09 1.997822748231e-02 5.821847971056e-06 2.301186235919e-01 1.163102031332e-07 0
1014 5.251895533565e-01 8.123423097857e-01 -1.212168061424e-08 1.212168061424e-08 1.799254914581e-02 6.146144892847e-06 2.316478986489e-01 1.105848140418e-07 0
1015 1.995968715861e-01 9.711045153651e-01 5.270305649735e-07 5.270305649735e-07 1.628234783267e-02 2.873670766959e-05 2.028896557789e-01 4.679010698419e-07 0
1016 9.710360054299e-01 1.494477138801e-01 9.827574381206e-07 9.827574381206e-07 1.769536550518e-03 5.829973771521e-04 2.103028770367e-01 1.031635167727e-06 0
1017 2.444878526690e-02 9.482398740186e-01 5.666528095343e-07 5.666528095343e-07 1.984409649380e-02 2.349664107360e-05 1.968256106397e-01 4.662696127448e-07 0
1018 5.501870709625e-01 8.123489681652e-01 -2.007890328807e-08 2.007890328807e-08 1.394482009632e-02 6.305334574910e-06 2.347149430643e-01 8.792675629420e-08 0
1019 5.377140406620e-01 7.906905982690e-01 1.177832908102e-08 1.177832908102e-08 1.563682205986e-02 7.076916537124e-06 2.332880620286e-01 1.106604846235e-07 0
1020 5.627109011586e-01 7.906934344166e-01 -1.057276106509e-09 1.057276106509e-09 1.287994587548e-02 7.295757240623e-06 2.364765184775e-01 9.396895837988e-08 0
1021 5.502040042610e-01 7.979110002836e-01 6.236304414537e-09 6.236304414537e-09 1.431750300911e-02 6.878728094922e-06 2.348264064362e-01 9.848621019792e-08 0
1022 9.437090392909e-01 3.500457397084e-01 1.159126317350e-06 1.159126317350e-06 4.924809082671e-03 4.176136191282e-04 3.231164541074e-01 2.056667344530e-06 0
1023 3.249234536903e-01 9.422265374066e-01 -5.202256734403e-08 5.202256734403e-08 1.267987006976e-02 5.353782109332e-06 2.116998498250e-01 6.788526152811e-08 0
1024 3.123338853201e-01 9.205420664899e-01 3.343436941146e-09 3.343436941146e-09 1.324254952050e-02 5.842942118530e-06 2.103443178315e-01 7.737545035007e-08 0
1025 3.374360842174e-01 9.205604209176e-01 -3.028785776266e-08 3.028785776266e-08 1.540989410658e-02 5.217774881765e-06 2.125380394747e-01 8.040535839997e-08 0
1026 3.248978077426e-01 9.277763416047e-01 -3.866703486258e-08 3.866703486258e-08 1.334125862293e-02 5.344331233614e-06 2.115271796375e-01 7.130010515423e-08 0
1027 9.878021771529e-02 9.721430436920e-01 9.678993003870e-07 9.678993003870e-07 2.516783000303e-02 3.155385396964e-05 1.984906851048e-01 7.941420326485e-07 0
1028 6.002383522782e-01 7.545799147388e-01 3.389333559868e-08 3.389333559868e-08 1.280316264903e-02 9.674611519979e-06 2.420259595574e-01 1.238656248564e-07 0
1029 6.127479502871e-01 7.762086605264e-01 -1.942495138914e-08 1.942495138914e-08 1.016604566125e-02 8.614626062327e-06 2.430917317595e-01 8.757668190424e-08 0
1030 5.877279393467e-01 7.762432361828e-01 3.541600572527e-09 3.541600572527e-09 1.162653996179e-02 8.228052405338e-06 2.398996540728e-01 9.566378009835e-08 0
1031 6.002380806373e-01 7.690106038160e-01 -5.453888292335e-09 5.453888292335e-09 1.040542989675e-02 8.661598437808e-06 2.416719830043e-01 9.012765533842e-08 0
1032 6.221227294762e-01 7.563244727779e-01 -5.401284240660e-07 5.401284240660e-07 2.773037513800e-02 3.505988807165e-05 2.453418201402e-01 9.722238485231e-07 0
1033 3.029731027099e-01 9.404115134944e-01 -5.566006315645e-07 5.566006315645e-07 3.296624892172e-02 2.033439927580e-05 2.096018833015e-01 6.703488681995e-07 0
1034 6.752206663009e-01 7.252804648992e-01 -2.091568671737e-07 2.091568671737e-07 2.894880086661e-02 4.651361077753e-05 2.531083166833e-01 1.346513255986e-06 0
1035 7.000681087797e-01 7.104751811683e-01 -3.617914901570e-07 3.617914901570e-07 2.515147961479e-02 5.052421390269e-05 2.571795055118e-01 1.270758736027e-06 0
1036 9.291121556332e-01 4.242705044661e-01 3.573075203149e-07 3.573075203149e-07 6.725914155777e-03 1.659430736510e-04 3.191982243170e-01 1.116118868122e-06 0
1037 9.712726976521e-01 2.000305005233e-01 1.463893480105e-06 1.463893480105e-06 2.397716168813e-03 6.473033067394e-04 2.597692776883e-01 1.552049604695e-06 0
1038 1.747355068462e-01 9.855469569511e-01 6.703589648469e-07 6.703589648469e-07 1.538156694218e-02 2.973025149922e-05 2.016268365727e-01 4.572978536432e-07 0
1039 7.492131921806e-01 6.803228625815e-01 -6.024096060886e-07 6.024096060886e-07 1.956936441389e-02 5.704374032739e-05 2.655813085436e-01 1.116309741998e-06 0
1040 9.854552095780e-01 1.245114297028e-01 6.642235838094e-07 6.642235838094e-07 1.164876325186e-03 4.710194133188e-04 1.800949563073e-01 5.486793632780e-07 0
1041 1.243747124591e-01 9.854823883215e-01 9.085377494301e-07 9.085377494301e-07 1.949833602128e-02 3.156056468970e-05 1.994188625767e-01 6.153784953412e-07 0
1042 7.730450712890e-01 6.650292511918e-01 -6.975259637635e-07 6.975259637635e-07 1.741332038430e-02 5.850350702158e-05 2.697995663563e-01 1.018740311372e-06 0
1043 9.757564261397e-01 5.207680491446e-02 6.008080103122e-08 6.008080103122e-08 4.407498010463e-04 1.466826777718e-04 8.107245565606e-02 6.465036104484e-08 0
1044 9.434986620515e-01 3.995767715719e-01 7.229742398527e-07 7.229742398527e-07 6.092694522428e-03 2.553654184763e-04 3.215156824215e-01 1.555863486368e-06 0
1045 2.497993037519e-01 9.711139807814e-01 2.852906019334e-08 2.852906019334e-08 1.196264133023e-02 2.574837855532e-05 2.060856038168e-01 3.080186174922e-07 0
1046 9.724661256754e-01 1.094014123544e-02 2.568986833724e-08 2.568986833724e-08 2.802045011713e-04 1.027520721798e-04 2.096279856306e-02 2.879159312945e-08 0
1047 9.866236337976e-01 7.446999701235e-02 2.200625929466e-07 2.200625929466e-07 5.860974389609e-04 3.181888157378e-04 1.134078843371e-01 1.864896500099e-07 0
1048 8.844030887248e-01 5.502881737406e-01 -9.270717887950e-07 9.270717887950e-07 1.162419176882e-02 6.567636422267e-05 2.960529611841e-01 7.634346524035e-07 0
1049 8.991106838101e-01 5.247285743458e-01 -7.698950543757e-07 7.698950543757e-07 1.045358490741e-02 8.198119812352e-05 3.013244620877e-01 8.569974153958e-07 0
1050 9.715025305898e-01 2.502249283938e-01 1.827144661231e-06 1.827144661231e-06 3.137341500067e-03 6.219401444975e-04 2.939496162800e-01 1.951238625890e-06 0
1051 9.855807958519e-01 1.749362841774e-01 1.183556432699e-06 1.183556432699e-06 1.672103315322e-03 5.840066230477e-04 2.360769929023e-01 9.765194105678e-07 0
1052 2.248613647399e-01 9.855575584141e-01 2.297502879194e-07 2.297502879194e-07 6.997888079987e-03 2.705468034029e-05 2.044970345889e-01 1.893256250612e-07 0
1053 4.500881066435e-01 8.989445660334e-01 -4.205884925128e-08 4.205884925128e-08 2.121155823950e-02 3.571114426361e-06 2.234236435826e-01 7.574890163468e-08 0
1054 4.376075716790e-01 8.772784712030e-01 -3.911616805158e-08 3.911616805158e-08 3.021792391408e-02 4.326405855575e-06 2.219046108212e-01 1.307350029652e-07 0
1055 4.626125818568e-01 8.772900615133e-01 -4.021858088815e-08 4.021858088815e-08 2.498925014081e-02 4.041887448708e-06 2.246181945394e-01 1.010037364968e-07 0
1056 4.501027533931e-01 8.845043662499e-01 -4.106626952356e-08 4.106626952356e-08 2.532012400254e-02 3.967343807315e-06 2.233153438229e-01 1.004536371619e-07 0
1057 4.375765502596e-01 9.061602822328e-01 -4.713742999328e-08 4.713742999328e-08 2.203828235998e-02 3.571222509544e-06 2.221613533994e-01 7.870361003564e-08 0
1058 4.125663563215e-01 9.061529263109e-01 -5.344297674885e-08 5.344297674885e-08 2.457313399237e-02 4.001116239361e-06 2.195832214709e-01 9.831996546889e-08 0
1059 4.250960152952e-01 8.844941874023e-01 -4.645783707484e-08 4.645783707484e-08 3.015810332044e-02 4.302496855905e-06 2.206505398288e-01 1.297551447163e-07 0
1060 4.250796406254e-01 8.989357986487e-01 -4.467791201456e-08 4.467791201456e-08 2.405491030684e-02 3.947265637647e-06 2.207985008323e-01 9.495112087088e-08 0
1061 8.186474847783e-01 6.343741632317e-01 -7.243988214938e-07 7.243988214938e-07 1.312121562110e-02 6.686055230108e-05 2.780610692660e-01 8.772917232886e-07 0
1062 8.545073854802e-01 6.022278708652e-01 -1.191459466610e-06 1.191459466610e-06 1.433465509304e-02 7.679633497268e-05 2.855330481424e-01 1.100848974243e-06 0
1063 5.001566662820e-01 8.412077636844e-01 -1.925074787813e-08 1.925074787813e-08 2.086743689298e-02 5.007626150597e-06 2.286723959463e-01 1.044963226812e-07 0
1064 5.126293466114e-01 8.628686837094e-01 -2.925230630346e-08 2.925230630346e-08 1.460886940549e-02 4.108317351228e-06 2.301443825713e-01 6.001787166040e-08 0
1065 4.876306487710e-01 8.628607435448e-01 -3.027286118665e-08 3.027286118665e-08 2.058588669532e-02 4.309584602018e-06 2.273153942443e-01 8.871662032105e-08 0
1066 5.001388872215e-01 8.556457303128e-01 -3.663923064426e-08 3.663923064426e-08 2.066166331014e-02 4.492879035711e-06 2.287107291244e-01 9.283035392903e-08 0
1067 9.717027181905e-01 3.001946218706e-01 1.877034689187e-06 1.877034689187e-06 3.967114164874e-03 5.062440211220e-04 3.135621580301e-01 2.008327827076e-06 0
1068 9.284360775123e-01 4.743352853001e-01 -1.047139733286e-07 1.047139733286e-07 8.404696869692e-03 7.252128787703e-05 3.110878079435e-01 6.095194412062e-07 0
1069 3.875329323153e-01 9.205851619829e-01 -5.003250502324e-08 5.003250502324e-08 1.907170237139e-02 4.231541988928e-06 2.172359720025e-01 8.070270938487e-08 0
1070 3.750118688714e-01 9.422432628839e-01 -5.347383318187e-08 5.347383318187e-08 1.477806071108e-02 4.161824496715e-06 2.162343531668e-01 6.150369508131e-08 0
1071 3.624935766526e-01 9.205723851116e-01 -4.180513839877e-08 4.180513839877e-08 1.756698635256e-02 4.716205608437e-06 2.148389141459e-01 8.284951955928e-08 0
1072 3.750127926131e-01 9.278002699928e-01 -5.833554262912e-08 5.833554262912e-08 1.906508818855e-02 4.374198495725e-06 2.161029507250e-01 8.339448007522e-08 0
1073 5.126646208392e-01 8.339929602294e-01 -2.946717843130e-08 2.946717843130e-08 2.002958977818e-02 5.287793845704e-06 2.301292137714e-01 1.059123415611e-07 0
1074 5.376624670000e-01 8.340015297249e-01 -3.484327008417e-08 3.484327008417e-08 1.507341123802e-02 5.427089264829e-06 2.330873222596e-01 8.180474831418e-08 0
1075 5.251373011687e-01 8.556538802544e-01 -4.437732090700e-08 4.437732090700e-08 1.579116487319e-02 4.627661985633e-06 2.315727091158e-01 7.307617339254e-08 0
1076 5.251547963360e-01 8.412161234029e-01 -2.641574472958e-08 2.641574472958e-08 1.521845771239e-02 5.091391158084e-06 2.315962082829e-01 7.748312103655e-08 0
1077 5.199540739594e-02 9.758101147551e-01 5.436254888544e-07 5.436254888544e-07 1.950138813045e-02 2.283761591728e-05 1.974544364264e-01 4.453652119770e-07 0
1078 7.440550525616e-02 9.866606553706e-01 8.233726579528e-07 8.233726579528e-07 1.853637701398e-02 3.003526991248e-05 1.979471564744e-01 5.567450868145e-07 0
1079 9.856919018003e-01 2.250942163460e-01 1.652721540271e-06 1.652721540271e-06 2.232238324471e-03 6.176416137846e-04 2.777344322711e-01 1.378723281078e-06 0
1080 3.624945401415e-01 9.494610427565e-01 -8.144302321672e-08 8.144302321672e-08 1.830209064344e-02 4.501946126373e-06 2.151227698257e-01 8.239502607677e-08 0
1081 3.374636173957e-01 9.494562814733e-01 -6.514711342652e-08 6.514711342652e-08 1.449176011670e-02 4.991166223049e-06 2.128629763397e-01 7.233078360701e-08 0
1082 3.499762479227e-01 9.277901649842e-01 -5.027896917953e-08 5.027896917953e-08 1.667814718424e-02 4.856414512004e-06 2.137651944725e-01 8.099599601887e-08 0
1083 3.499781351533e-01 9.422358297380e-01 -4.893751226622e-08 4.893751226622e-08 1.402411556895e-02 4.602981133196e-06 2.139172541266e-01 6.455273937364e-08 0
1084 9.717809517683e-01 3.500166026677e-01 1.614499334008e-06 1.614499334008e-06 4.939419512633e-03 3.498034204659e-04 3.211861938599e-01 1.727825840635e-06 0
1085 1.092323547311e-02 9.724827927178e-01 6.623497308303e-07 6.623497308303e-07 1.468601101875e-02 3.077697014163e-05 1.970288426588e-01 4.519909226238e-07 0
1086 5.626823705423e-01 8.195665980484e-01 -2.242866519747e-08 2.242866519747e-08 1.212208870136e-02 6.131568202270e-06 2.361690349860e-01 7.432741362635e-08 0
1087 5.752062007383e-01 7.979110642998e-01 -9.220203514207e-09 9.220203514207e-09 1.214303787711e-02 7.107678470555e-06 2.379557593069e-01 8.630880888628e-08 0
1088 5.876952389809e-01 8.195611178017e-01 -2.829031040488e-08 2.829031040488e-08 1.058266293005e-02 6.280635648408e-06 2.391551244230e-01 6.646585005359e-08 0
1089 5.751946034205e-01 8.123462600500e-01 -2.651249946760e-08 2.651249946760e-08 1.171286234279e-02 6.519298614070e-06 2.377598672372e-01 7.635964723813e-08 0
1090 9.429917751796e-01 4.494093881169e-01 2.287393492026e-07 2.287393492026e-07 7.504724148751e-03 1.354427596875e-04 3.151253384608e-01 1.016460549400e-06 0
1091 9.891327923421e-01 2.760680790211e-02 3.254234988637e-08 3.254234988637e-08 2.141199541967e-04 1.409678863193e-04 4.559073802400e-02 3.018403736190e-08 0
1092 6.127408253908e-01 7.906464521751e-01 -1.048550666292e-08 1.048550666292e-08 1.022812884531e-02 7.990555918695e-06 2.427286621466e-01 8.172843548207e-08 0
1093 6.002098526931e-01 8.123310813334e-01 -6.247136096393e-08 6.247136096393e-08 1.228195175235e-02 7.102935218774e-06 2.407600572966e-01 8.723790765708e-08 0
1094 5.877208144505e-01 7.906810278314e-01 -1.451685380384e-08 1.451685380384e-08 1.131806728547e-02 7.546382083752e-06 2.396319680245e-01 8.541046018575e-08 0
1095 6.002238308448e-01 7.978861871133e-01 -2.196440175055e-08 2.196440175055e-08 1.088777306408e-02 7.238764209191e-06 2.410406011429e-01 7.881402197407e-08 0
1096 8.434711956420e-01 6.264940770849e-01 -6.600575822508e-07 6.600575822508e-07 1.227760059983e-02 5.822935974254e-05 2.811504370556e-01 7.149168221026e-07 0
1097 6.503176182385e-01 7.688404110932e-01 -4.759146109198e-07 4.759146109198e-07 3.368431625470e-02 3.638201122938e-05 2.479907471207e-01 1.225503172233e-06 1
1098 6.753577745507e-01 7.541732666427e-01 -4.927341678285e-07 4.927341678285e-07 2.943965348227e-02 4.094584859676e-05 2.516432008104e-01 1.205431594226e-06 0
1099 2.999209722247e-01 9.711153334369e-01 -5.756172060111e-07 5.756172060111e-07 2.832253537910e-02 2.178123646438e-05 2.098556686846e-01 6.168998403628e-07 0
1100 9.858106287895e-01 2.751307120478e-01 1.907527612387e-06 1.907527612387e-06 2.878827141772e-03 5.586325694079e-04 3.045251161562e-01 1.608206603089e-06 0
1101 7.253536572266e-01 7.243501807161e-01 -6.145684931530e-07 6.145684931530e-07 2.366445132305e-02 4.890402486377e-05 2.592477721798e-01 1.157286915890e-06 0
1102 7.500176125321e-01 7.090253169423e-01 -7.094110629123e-07 7.094110629123e-07 2.133216012970e-02 5.203188126617e-05 2.631463957386e-01 1.109952423019e-06 0
1103 2.749379390120e-01 9.855564223673e-01 -3.816634006537e-07 3.816634006537e-07 1.288812953856e-02 2.374402979811e-05 2.079758521093e-01 3.060161318055e-07 0
1104 7.979396686571e-01 6.773181050720e-01 -7.525690836244e-07 7.525690836244e-07 1.660767783297e-02 5.368382928883e-05 2.709959010585e-01 8.915637416690e-07 0
1105 9.716913698686e-01 3.998280316160e-01 1.134545279421e-06 1.134545279421e-06 6.099898504650e-03 2.015945874429e-04 3.203962117681e-01 1.229706522489e-06 0
1106 9.858920894010e-01 3.250639098228e-01 1.832012871856e-06 1.832012871856e-06 3.619902320284e-03 4.295166697569e-04 3.179678698389e-01 1.554808389454e-06 0
1107 8.987718935571e-01 5.756535115388e-01 -8.784265199480e-07 8.784265199480e-07 1.208120732578e-02 6.344919464098e-05 2.923068439001e-01 7.665428751115e-07 0
1108 8.186526419710e-01 6.624682491194e-01 -5.529965624465e-07 5.529965624465e-07 1.315683212487e-02 4.514310693964e-05 2.745202921458e-01 5.939402795998e-07 0
1109 9.279858048462e-01 5.248442826731e-01 -4.844249844675e-07 4.844249844675e-07 1.017144914493e-02 4.545360058171e-05 3.020202484360e-01 4.623289867710e-07 0
1110 8.845554924940e-01 6.009305923269e-01 -9.302838870912e-07 9.302838870912e-07 1.320101744419e-02 5.970226997628e-05 2.875801925329e-01 7.881307074147e-07 0
1111 4.751062827913e-01 8.845138023145e-01 -3.600098415698e-08 3.600098415698e-08 1.946083127647e-02 3.712636209978e-06 2.260285078811e-01 7.225098687331e-08 0
1112 4.875823754169e-01 9.061734344078e-01 -3.175936022793e-08 3.175936022793e-08 1.356106342069e-02 2.940830152204e-06 2.274633372246e-01 3.988078420352e-08 0
1113 4.625818075780e-01 9.061683068346e-01 -3.894244641952e-08 3.894244641952e-08 1.792696527946e-02 3.212889117063e-06 2.247935608761e-01 5.759735164833e-08 0
1114 4.750901552621e-01 8.989518478523e-01 -3.801862699453e-08 3.801862699453e-08 1.743823793753e-02 3.281795290388e-06 2.260952102450e-01 5.722872713604e-08 0
1115 9.425378656879e-01 4.996666427473e-01 -2.189814162414e-07 2.189814162414e-07 9.171576605173e-03 6.880577321846e-05 3.066474552637e-01 6.310574199513e-07 0
1116 2.758990213978e-02 9.891494593845e-01 6.546471489503e-07 6.546471489503e-07 1.468371433462e-02 3.076000080363e-05 1.972453717884e-01 4.516710647332e-07 0
1117 4.375630538879e-01 9.206003272398e-01 -4.339953661626e-08 4.339953661626e-08 1.751447940762e-02 3.230479568492e-06 2.222624147901e-01 5.658016787911e-08 0
1118 4.250420298083e-01 9.422543674303e-01 -4.270817937600e-08 4.270817937600e-08 1.478550445055e-02 2.952220778620e-06 2.211186900147e-01 4.365007346131e-08 0
1119 4.125528599497e-01 9.205929713178e-01 -4.938636296249e-08 4.938636296249e-08 1.903503579610e-02 3.707870006253e-06 2.197151728788e-01 7.057943829633e-08 0
1120 4.250526478820e-01 9.278158886626e-01 -5.022529401181e-08 5.022529401181e-08 1.904165710301e-02 3.304144857199e-06 2.210319434046e-01 6.291639338945e-08 0
1121 5.126127049830e-01 8.773062210273e-01 -4.699526133779e-08 4.699526133779e-08 1.559476894414e-02 4.033878081248e-06 2.301491452555e-01 6.290739662590e-08 0
1122 5.000900997681e-01 8.989579129560e-01 -3.779784087591e-08 3.779784087591e-08 1.396238547254e-02 3.235218425691e-06 2.287966245039e-01 4.517136674735e-08 0
1123 4.876140071426e-01 8.772982808627e-01 -3.885783122689e-08 3.885783122689e-08 1.957539634731e-02 3.855603879235e-06 2.273722185524e-01 7.547497409424e-08 0
1124 5.001056039646e-01 8.845208049486e-01 -3.125997083527e-08 3.125997083527e-08 1.373582033147e-02 3.557584385520e-06 2.287725846706e-01 4.886633993356e-08 0
1125 9.858888623673e-01 3.749526928449e-01 1.456116557012e-06 1.456116557012e-06 4.492874815572e-03 2.776203173368e-04 3.211708191278e-01 1.247313332054e-06 0
1126 4.000424408224e-01 9.278098863109e-01 -6.128649881843e-08 6.128649881843e-08 2.038128970546e-02 3.855851832097e-06 2.185303426401e-01 7.858723325130e-08 0
1127 4.125316106810e-01 9.494712824233e-01 -6.272534822747e-08 6.272534822747e-08 1.845510376811e-02 3.308053077600e-06 2.199108749057e-01 6.105046281752e-08 0
1128 3.875213773785e-01 9.494679872119e-01 -7.520432230651e-08 7.520432230651e-08 1.842989085983e-02 3.962570982665e-06 2.174762822595e-01 7.302975073483e-08 0
1129 4.000318096273e-01 9.422497186487e-01 -6.074561237552e-08 6.074561237552e-08 1.724119863177e-02 3.678535671825e-06 2.186391082803e-01 6.342236419200e-08 0
1130 5.626339549808e-01 8.628791021911e-01 -4.615400442083e-08 4.615400442083e-08 1.246144805695e-02 4.685035426421e-06 2.357929888008e-01 5.838232561131e-08 0
1131 5.376296347040e-01 8.628754157448e-01 -3.998516836159e-08 3.998516836159e-08 1.094601744851e-02 4.639304017088e-06 2.329764351216e-01 5.078190272000e-08 0
1132 5.501548005354e-01 8.412230652153e-01 -3.306533197242e-08 3.306533197242e-08 1.188539576718e-02 5.265972817696e-06 2.345158475662e-01 6.258817103751e-08 0
1133 5.501394634067e-01 8.556591943837e-01 -4.383033941916e-08 4.383033941916e-08 1.241616762756e-02 4.782300577080e-06 2.344283196952e-01 5.937784561039e-08 0
1134 3.499850167879e-01 9.675111208689e-01 -2.957237079662e-07 2.957237079662e-07 3.870168412439e-02 1.329720734395e-05 2.141167219304e-01 5.146243183619e-07 1
1135 5.751466330708e-01 8.556598252657e-01 -6.018721267139e-08 6.018721267139e-08 1.220955556037e-02 5.126072549970e-06 2.372610366754e-01 6.258706760534e-08 0
1136 5.626674786254e-01 8.340037882899e-01 -3.757073356671e-08 3.757073356671e-08 1.206875745607e-02 5.604293434680e-06 2.360325826723e-01 6.763685817577e-08 0
1137 5.876803470640e-01 8.339983080432e-01 -3.620026310720e-08 3.620026310720e-08 9.940431049335e-03 6.122496023225e-06 2.389449438970e-01 6.086024956870e-08 0
1138 5.751648195867e-01 8.412206405329e-01 -3.549965573697e-08 3.549965573697e-08 1.010410934188e-02 5.372224956390e-06 2.374130488753e-01 5.428154836855e-08 0
1139 9.714894192306e-01 4.497629623777e-01 5.654245289669e-07 5.654245289669e-07 7.468374554228e-03 9.012061632998e-05 3.146623309174e-01 6.730545178102e-07 0
1140 3.249830332127e-01 9.855589110695e-01 -8.545950494799e-07 8.545950494799e-07 2.984784070036e-02 1.991780464440e-05 2.119878466405e-01 5.945034601270e-07 0
1141 6.221263108112e-01 8.104909817688e-01 -2.032363606998e-07 2.032363606998e-07 3.319777486122e-02 1.979580683047e-05 2.436902529301e-01 6.571767383542e-07 1
1142 6.503437680407e-01 7.977490481351e-01 -6.249694549999e-07 6.249694549999e-07 3.361297715138e-02 3.241263829780e-05 2.469862554439e-01 1.089485270520e-06 1
1143 7.006184922073e-01 7.683622470352e-01 -6.803258177992e-07 6.803258177992e-07 2.721076079364e-02 4.023712813423e-05 2.538507924950e-01 1.094882868684e-06 0
1144 7.257669324044e-01 7.533444448395e-01 -7.444668711504e-07 7.444668711504e-07 2.483568666124e-02 4.417482067559e-05 2.574003191858e-01 1.097112004615e-06 0
1145 8.587632252715e-01 6.498147116279e-01 -6.042122532594e-07 6.042122532594e-07 1.214170904004e-02 4.775775801321e-05 2.791277941605e-01 5.798608022008e-07 0
1146 9.858025075013e-01 4.248753387711e-01 9.058744081664e-07 9.058744081664e-07 5.518659871926e-03 1.464601074185e-04 3.177215953301e-01 8.082635176486e-07 0
1147 7.759611005033e-01 7.223163603742e-01 -8.669210069070e-07 8.669210069070e-07 2.080119152846e-02 5.127821045173e-05 2.646742348724e-01 1.066647876843e-06 0
1148 8.000512775199e-01 7.059027598935e-01 -9.203567283251e-07 9.203567283251e-07 1.920506181768e-02 5.285529020769e-05 2.683235982667e-01 1.015089115830e-06 0
1149 8.428996535465e-01 6.707578110573e-01 -6.109044746767e-07 6.109044746767e-07 1.345173488230e-02 4.475634729311e-05 2.754435828164e-01 6.020505180873e-07 0
1150 9.277889396523e-01 5.753700859294e-01 -7.149747124980e-07 7.149747124980e-07 1.183523986634e-02 4.938937130878e-05 2.933612033468e-01 5.845350562874e-07 0
1151 9.422952558561e-01 5.501204564585e-01 -5.397199355179e-07 5.397199355179e-07 1.084629675481e-02 4.896864428544e-05 2.978798800420e-01 5.311284476005e-07 0
1152 4.875678351160e-01 9.206104039529e-01 -3.394482445394e-08 3.394482445394e-08 1.301204940415e-02 2.591172399202e-06 2.274984175118e-01 3.371646327310e-08 0
1153 4.750481215877e-01 9.422616804950e-01 -2.572005204413e-08 2.572005204413e-08 1.276046284347e-02 2.155841647668e-06 2.262368699954e-01 2.750953724147e-08 0
1154 4.625672672771e-01 9.206052763797e-01 -3.624109192577e-08 3.624109192577e-08 1.529311710120e-02 2.833646465598e-06 2.248621222099e-01 4.333528722180e-08 0
1155 4.750610746603e-01 9.278257869426e-01 -2.999546546611e-08 2.999546546611e-08 1.330377704236e-02 2.461883889434e-06 2.261991254084e-01 3.275235436920e-08 0
1156 4.500600699709e-01 9.278215805855e-01 -4.084683491648e-08 4.084683491648e-08 1.665078016358e-02 2.854420904253e-06 2.235936119287e-01 4.752833497105e-08 0
1157 4.625409242816e-01 9.494779847008e-01 -3.443534011425e-08 3.443534011425e-08 1.459861548822e-02 2.220176093976e-06 2.249627123348e-01 3.241149711209e-08 0
1158 4.375390458913e-01 9.494756207761e-01 -5.515364722204e-08 5.515364722204e-08 1.834057638212e-02 2.783825743450e-06 2.224121471637e-01 5.105696868227e-08 0
1159 4.500466800479e-01 9.422583953541e-01 -3.640760339062e-08 3.640760339062e-08 1.403545355553e-02 2.522899697902e-06 2.236562725890e-01 3.541004153516e-08 0
1160 8.989215282885e-01 6.258224152430e-01 -8.769364920784e-07 8.769364920784e-07 1.364410292862e-02 5.432107224927e-05 2.845912298527e-01 7.411623009619e-07 0
1161 5.219667530476e-01 8.971582875965e-01 -1.160594408071e-07 1.160594408071e-07 3.424499726100e-02 9.294182547807e-06 2.315088056769e-01 3.182792558929e-07 0
1162 9.712910558539e-01 4.998654067930e-01 3.202505733045e-08 3.202505733045e-08 9.045266216748e-03 2.693632121477e-05 3.066906343529e-01 2.436461962875e-07 0
1163 5.501119471663e-01 8.809222834846e-01 -4.348673539941e-07 4.348673539941e-07 2.944444396825e-02 1.400863601051e-05 2.342797817972e-01 4.124764980829e-07 0
1164 8.841654509041e-01 6.504403283244e-01 -8.516128901663e-07 8.516128901663e-07 1.403369593708e-02 5.285116302431e-05 2.805263117300e-01 7.416971518042e-07 0
1165 4.125227653447e-01 9.639096067612e-01 -6.211532698498e-08 6.211532698498e-08 1.596302907546e-02 3.258410115412e-06 2.199743840018e-01 5.201409541208e-08 0
1166 4.000070594774e-01 9.855631836622e-01 -1.071933495598e-07 1.071933495598e-07 2.557642123122e-02 3.631090253774e-06 2.188137491683e-01 9.287029385909e-08 0
1167 3.875125320422e-01 9.639063115497e-01 -6.626049870745e-08 6.626049870745e-08 1.595784807256e-02 3.832206296131e-06 2.175542178449e-01 6.115376585637e-08 0
1168 4.000141189548e-01 9.711263673243e-01 -7.303884746784e-08 7.303884746784e-08 1.881739769073e-02 3.381093363167e-06 2.187806413443e-01 6.362337844420e-08 0
1169 9.856869117293e-01 4.748876236067e-01 3.318253432587e-07 3.318253432587e-07 6.707058288930e-03 5.767410071869e-05 3.107513996086e-01 3.868235552819e-07 0
1170 3.781291044236e-01 9.837573459156e-01 -6.430835929025e-07 6.430835929025e-07 3.475342706747e-02 1.302187247023e-05 2.164505744976e-01 4.525546951761e-07 0
1171 5.970435148281e-01 8.538487991200e-01 -1.969593650105e-07 1.969593650105e-07 3.094611392272e-02 1.471219407646e-05 2.400493497179e-01 4.552852339434e-07 0
1172 6.252360512457e-01 8.411828605318e-01 -5.790488513663e-07 5.790488513663e-07 3.205044222672e-02 2.378602553927e-05 2.430552108396e-01 7.623526373497e-07 0
1173 6.754978451534e-01 8.120999782432e-01 -7.257055897279e-07 7.257055897279e-07 2.953579352277e-02 3.232255995100e-05 2.492907593305e-01 9.546724568402e-07 0
1174 7.007324130079e-01 7.973803215938e-01 -7.699742426859e-07 7.699742426859e-07 2.742324443666e-02 3.603609202827e-05 2.525121501234e-01 9.882265602334e-07 0
1175 7.514564622868e-01 7.673301949609e-01 -8.838084875485e-07 8.838084875485e-07 2.382225852972e-02 4.391325737733e-05 2.591225142899e-01 1.046112970125e-06 0
1176 7.769866750802e-01 7.516269742694e-01 -9.761628315907e-07 9.761628315907e-07 2.238093291811e-02 4.807480924535e-05 2.625119794203e-01 1.075959080771e-06 0
1177 8.507925004372e-01 6.978758954296e-01 -1.240392051913e-06 1.240392051913e-06 1.960026588148e-02 6.038817778845e-05 2.730140243047e-01 1.183624340752e-06 0
1178 8.286570977244e-01 7.181709883133e-01 -1.292908839744e-06 1.292908839744e-06 2.062551106450e-02 6.095704675126e-05 2.694516032418e-01 1.257270242227e-06 0
1179 9.421352429018e-01 6.004475308175e-01 -7.385030776232e-07 7.385030776232e-07 1.257404794791e-02 4.892747628332e-05 2.897853610783e-01 6.152164327566e-07 0
1180 9.711604049685e-01 5.500551929260e-01 -3.810879812756e-07 3.810879812756e-07 1.070836297329e-02 3.025332688078e-05 2.982521491508e-01 3.239636053890e-07 0
1181 9.274842326011e-01 6.256227793431e-01 -8.416469376713e-07 8.416469376713e-07 1.357822373016e-02 5.106504495054e-05 2.857030908476e-01 6.933726051290e-07 0
1182 4.969248790757e-01 9.404601574267e-01 -1.594128202362e-07 1.594128202362e-07 3.347316181651e-02 5.877877197973e-06 2.288458426153e-01 1.967511345853e-07 0
1183 9.856041441246e-01 5.249777831863e-01 -1.540917981734e-07 1.540917981734e-07 8.015183195415e-03 2.401777716490e-05 3.024967462723e-01 1.925068839234e-07 0
1184 4.500249675937e-01 9.675214075921e-01 -1.640035314123e-07 1.640035314123e-07 3.895921959392e-02 5.891945955266e-06 2.237380208488e-01 2.295456163067e-07 1
1185 5.250616251917e-01 9.278333071453e-01 -2.397333789951e-07 2.397333789951e-07 2.700288482515e-02 8.570614135293e-06 2.314770650062e-01 2.314313063761e-07 0
1186 4.218867794005e-01 9.837598173242e-01 -4.498961233766e-07 4.498961233766e-07 3.485313543407e-02 8.637638707331e-06 2.212592277838e-01 3.010487916972e-07 0
1187 5.750994668832e-01 8.989693061904e-01 -4.170027163471e-07 4.170027163471e-07 2.464349211641e-02 1.428211177487e-05 2.368979173253e-01 3.519611089298e-07 0
1188 6.001368561623e-01 8.845291578138e-01 -5.467502454493e-07 5.467502454493e-07 2.700157298251e-02 1.759814228537e-05 2.396879254749e-01 4.751775232749e-07 0
1189 8.975073881638e-01 6.756651854219e-01 -9.798639094467e-07 9.798639094467e-07 1.591781287248e-02 5.252306597870e-05 2.780610673321e-01 8.360523357379e-07 0
1190 6.502989184832e-01 8.555968496594e-01 -6.787350133994e-07 6.787350133994e-07 2.907941079369e-02 2.500614887989e-05 2.454299357197e-01 7.271640756464e-07 0
1191 6.754764096854e-01 8.410557794624e-01 -7.652241112716e-07 7.652241112716e-07 2.854184190628e-02 2.869507083000e-05 2.483784907252e-01 8.190101751194e-07 0
1192 7.261522320851e-01 8.116821422958e-01 -8.438009771445e-07 8.438009771445e-07 2.563525104631e-02 3.606827690190e-05 2.544087333317e-01 9.246193331879e-07 0
1193 7.517278411669e-01 7.966498178586e-01 -9.146347729765e-07 9.146347729765e-07 2.443581714259e-02 4.000593889162e-05 2.574825232526e-01 9.775778073732e-07 0
1194 8.799980094219e-01 7.021576530978e-01 -1.204358222191e-06 1.204358222191e-06 1.785110257686e-02 5.976491254668e-05 2.742660031789e-01 1.066869584368e-06 0
1195 8.033421815693e-01 7.654694665779e-01 -1.142054976899e-06 1.142054976899e-06 2.295359179826e-02 4.870278110232e-05 2.637043030938e-01 1.117903756863e-06 0
1196 8.309224271970e-01 7.484270811025e-01 -1.303933691043e-06 1.303933691043e-06 2.222054806351e-02 5.673094985601e-05 2.669955811536e-01 1.260592797964e-06 0
1197 9.710374149810e-01 6.002201181603e-01 -6.556625658159e-07 6.556625658159e-07 1.244221213917e-02 4.303587703399e-05 2.903135286839e-01 5.354615116519e-07 0
1198 9.855562608439e-01 5.750774097397e-01 -5.044929067128e-07 5.044929067128e-07 9.397767958379e-03 3.660475416997e-05 2.942988158316e-01 3.440029858629e-07 0
1199 9.416934464616e-01 6.506264711860e-01 -8.727108862382e-07 8.727108862382e-07 1.444717770758e-02 4.984482531997e-05 2.827143153045e-01 7.201170492007e-07 0
1200 5.000233462292e-01 9.711331037460e-01 -1.006575164944e-07 1.006575164944e-07 2.908918113062e-02 3.804366558834e-06 2.288623197825e-01 1.106659079172e-07 0
1201 4.750117228384e-01 9.855658580158e-01 -2.173639292015e-07 2.173639292015e-07 3.046158442578e-02 4.874388911045e-06 2.262988089606e-01 1.484816093379e-07 0
1202 9.264726794087e-01 6.760509641834e-01 -9.695983516494e-07 9.695983516494e-07 1.563756452682e-02 5.150827395613e-05 2.791255346027e-01 8.054639576541e-07 0
1203 5.500495550978e-01 9.422699960282e-01 -1.482721928345e-07 1.482721928345e-07 1.650970978126e-02 8.230534136637e-06 2.340761041847e-01 1.358837299406e-07 0
1204 5.750694464617e-01 9.278379987283e-01 -3.220591878928e-07 3.220591878928e-07 2.465388793372e-02 1.146293481655e-05 2.367275760669e-01 2.826059103588e-07 0
1205 6.251508579033e-01 8.989611337514e-01 -5.338151619479e-07 5.338151619479e-07 2.541730082839e-02 1.839223579769e-05 2.421197063863e-01 4.674809901766e-07 0
1206 6.502475018999e-01 8.844985329665e-01 -6.596343808050e-07 6.596343808050e-07 2.732684482719e-02 2.196615948171e-05 2.448607955226e-01 6.002658316059e-07 0
1207 7.006572341637e-01 8.554608447423e-01 -7.787451639196e-07 7.787451639196e-07 2.611807316790e-02 2.905827293592e-05 2.504232133473e-01 7.589460986732e-07 0
1208 7.260984887089e-01 8.408068642251e-01 -8.403905699486e-07 8.403905699486e-07 2.522283814841e-02 3.272873869139e-05 2.532420825496e-01 8.255116788146e-07 0
1209 8.941010889045e-01 7.281324469031e-01 -1.352891242562e-06 1.352891242562e-06 2.028119295489e-02 5.858069646755e-05 2.723329607430e-01 1.188086408490e-06 0
1210 7.777270547552e-01 8.110349085137e-01 -9.845977651765e-07 9.845977651765e-07 2.375305133391e-02 4.036989388289e-05 2.589293873668e-01 9.589081617448e-07 0
1211 8.038111823643e-01 7.955577779246e-01 -1.113180721069e-06 1.113180721069e-06 2.365986891041e-02 4.450279754159e-05 2.617762457816e-01 1.052930355981e-06 0
1212 8.549668766869e-01 7.626826845086e-01 -1.095552948064e-06 1.095552948064e-06 1.989639977864e-02 5.453696281284e-05 2.673983422941e-01 1.085089214837e-06 0
1213 9.854811541372e-01 6.251427084206e-01 -7.332687606614e-07 7.332687606614e-07 1.083871798004e-02 4.524107036072e-05 2.868247234997e-01 4.903552027552e-07 0
1214 9.707881959185e-01 6.503738129207e-01 -8.306318288570e-07 8.306318288570e-07 1.422750027080e-02 4.773377352823e-05 2.832892598770e-01 6.791322757990e-07 0
1215 8.820914991338e-01 7.536279341801e-01 -8.256215360107e-07 8.256215360107e-07 1.648600575383e-02 4.675848869696e-05 2.695186405202e-01 7.708607136983e-07 0
1216 5.250116233908e-01 9.855672457301e-01 1.284181318150e-08 1.284181318150e-08 1.387865625013e-02 2.164183499634e-06 2.314421382114e-01 3.003595885361e-08 0
1217 5.500244184875e-01 9.711356082675e-01 -3.563338831283e-08 3.563338831283e-08 1.164541710226e-02 5.537919820616e-06 2.340246225362e-01 6.449138618993e-08 0
1218 9.407635046291e-01 7.011451370085e-01 -9.660255175416e-07 9.660255175416e-07 1.618175185254e-02 4.963467357341e-05 2.766903343032e-01 8.031759710467e-07 0
1219 6.000636752788e-01 9.422722420684e-01 -2.815235080635e-07 2.815235080635e-07 1.845126312898e-02 1.246843303375e-05 2.392096902261e-01 2.300583387118e-07 0
1220 6.251076974413e-01 9.278355254682e-01 -4.222630046976e-07 4.222630046976e-07 2.216255608308e-02 1.595333921831e-05 2.418128034810e-01 3.535667751382e-07 0
1221 9.259012928668e-01 7.267341520523e-01 -1.021091454815e-06 1.021091454815e-06 1.765365196203e-02 4.851169262415e-05 2.736634767607e-01 8.564085376760e-07 0
1222 6.753083786776e-01 8.989273388030e-01 -6.454938589231e-07 6.454938589231e-07 2.471042382222e-02 2.289711094216e-05 2.470378641918e-01 5.657973156851e-07 0
1223 7.005406197391e-01 8.844307207757e-01 -7.273752727014e-07 7.273752727014e-07 2.476758428395e-02 2.635725544197e-05 2.496583516921e-01 6.528055456526e-07 0
1224 7.514505368659e-01 8.552802620318e-01 -8.651034953254e-07 8.651034953254e-07 2.395839836681e-02 3.317490184997e-05 2.548978545790e-01 7.948175143016e-07 0
1225 7.775034938304e-01 8.405406307576e-01 -9.514722288493e-07 9.514722288493e-07 2.346145047599e-02 3.710693041667e-05 2.575240810315e-01 8.705824102867e-07 0
1226 8.317573652173e-01 8.104989794567e-01 -1.233380787549e-06 1.233380787549e-06 2.294821828331e-02 4.774301807676e-05 2.627659905075e-01 1.095617200330e-06 0
1227 8.553328139122e-01 7.946662715161e-01 -1.003845614959e-06 1.003845614959e-06 2.083056628965e-02 4.303253802195e-05 2.651226572397e-01 8.963921358783e-07 0
1228 9.853070417814e-01 6.752311045001e-01 -8.690720725141e-07 8.690720725141e-07 1.220078299697e-02 4.766007138467e-05 2.803302514805e-01 5.814901885843e-07 0
1229 9.705031175449e-01 7.005779355904e-01 -9.245060876475e-07 9.245060876475e-07 1.582972825604e-02 4.786285216402e-05 2.773083103737e-01 7.576559433157e-07 0
1230 5.750127950967e-01 9.855683625374e-01 -4.971131127884e-08 4.971131127884e-08 5.486042883390e-03 7.512510452338e-06 2.365557563197e-01 4.121395450344e-08 0
1231 6.000321605242e-01 9.711369936382e-01 -1.748799972477e-07 1.748799972477e-07 1.352799963827e-02 1.085727546050e-05 2.390899159979e-01 1.468772185022e-07 0
1232 8.991575724163e-01 7.775600570243e-01 -7.132425455441e-07 7.132425455441e-07 1.601389407029e-02 3.919759630915e-05 2.683826738665e-01 6.277061551046e-07 0
1233 6.501157293084e-01 9.422678075181e-01 -4.409574715636e-07 4.409574715636e-07 2.073776037791e-02 1.756957784800e-05 2.441111643155e-01 3.643536953527e-07 0
1234 6.752197665480e-01 9.278222216377e-01 -5.595292578103e-07 5.595292578103e-07 2.248685860792e-02 2.090223998378e-05 2.465986218502e-01 4.700257151040e-07 0
1235 9.408379865910e-01 7.515589359925e-01 -9.619540600297e-07 9.619540600297e-07 1.751088157530e-02 4.559240459618e-05 2.717916819493e-01 7.983631976168e-07 0
1236 7.256662546944e-01 8.988780489650e-01 -7.372790762444e-07 7.372790762444e-07 2.341555496823e-02 2.732357789593e-05 2.515203546811e-01 6.397967401507e-07 0
1237 7.511349172761e-01 8.843815707383e-01 -8.127899083991e-07 8.127899083991e-07 2.328112703681e-02 3.058628090028e-05 2.539501892329e-01 7.120830912229e-07 0
1238 8.824745514237e-01 8.021353170957e-01 -7.863899110655e-07 7.863899110655e-07 1.678984829344e-02 3.983944809760e-05 2.659641283193e-01 6.688982896533e-07 0
1239 8.028230151919e-01 8.553618153338e-01 -9.732663709682e-07 9.732663709682e-07 2.294325842600e-02 3.712966943651e-05 2.587153891105e-01 8.518756011538e-07 0
1240 9.261038559111e-01 7.768893536875e-01 -9.296759684691e-07 9.296759684691e-07 1.767984486171e-02 4.386117286027e-05 2.693366630146e-01 7.754587316223e-07 0
1241 8.309927589697e-01 8.407972946221e-01 -1.156016381664e-06 1.156016381664e-06 2.310914630285e-02 4.452064610361e-05 2.611265705055e-01 1.028834124306e-06 0
1242 9.851960757635e-01 7.253468310903e-01 -9.386223024105e-07 9.386223024105e-07 1.347031343230e-02 4.666274733039e-05 2.748833733500e-01 6.285618321524e-07 0
1243 6.250193654275e-01 9.855686311008e-01 -2.464830397079e-07 2.464830397079e-07 1.258144532326e-02 1.329214733701e-05 2.415046398581e-01 1.672344249492e-07 0
1244 9.703931565719e-01 7.507388164486e-01 -9.592450120265e-07 9.592450120265e-07 1.725630077658e-02 4.563503700220e-05 2.723884373998e-01 7.874919244602e-07 0
1245 6.500589120491e-01 9.711361615809e-01 -3.704048910842e-07 3.704048910842e-07 1.849145787118e-02 1.640224325102e-05 2.439240361138e-01 3.033013900691e-07 0
1246 7.002470171799e-01 9.422571383541e-01 -5.916814249055e-07 5.916814249055e-07 2.179742191127e-02 2.254834320451e-05 2.486506560579e-01 4.914957502288e-07 0
1247 8.943376907686e-01 8.269230834681e-01 -1.186184571590e-06 1.186184571590e-06 2.149479980078e-02 4.692004821050e-05 2.649461576907e-01 1.008537042928e-06 0
1248 7.254612642648e-01 9.278095837087e-01 -6.816229220483e-07 6.816229220483e-07 2.235869525744e-02 2.558694391141e-05 2.509571377062e-01 5.720906814844e-07 0
1249 7.762745735579e-01 8.988938454444e-01 -8.157889988264e-07 8.157889988264e-07 2.234449515710e-02 3.113645263907e-05 2.554411131500e-01 6.957283152029e-07 0
1250 8.019097145092e-01 8.846137213142e-01 -8.745261888521e-07 8.745261888521e-07 2.211568466053e-02 3.386171758113e-05 2.575942374991e-01 7.488750680882e-07 0
1251 8.535129300413e-01 8.570041876107e-01 -9.258099799273e-07 9.258099799273e-07 2.034080607564e-02 4.098194031651e-05 2.616405755642e-01 8.336057005817e-07 0
1252 9.407978036967e-01 8.015318381724e-01 -9.458713737628e-07 9.458713737628e-07 1.836782177814e-02 4.257571981010e-05 2.679404316990e-01 7.820232335481e-07 0
1253 8.810712653752e-01 8.510147909738e-01 -8.182775265071e-07 8.182775265071e-07 1.872100245853e-02 3.833825215967e-05 2.631690893990e-01 7.177305129369e-07 0
1254 6.750395466216e-01 9.855675304801e-01 -4.479944787567e-07 4.479944787567e-07 1.602357952525e-02 1.877797629246e-05 2.461570008847e-01 3.008903964454e-07 0
1255 9.257146595467e-01 8.269903078817e-01 -9.771932692979e-07 9.771932692979e-07 1.956445460869e-02 4.157732004052e-05 2.659760355528e-01 8.134375906838e-07 0
1256 7.001236145128e-01 9.711340931337e-01 -5.473560159925e-07 5.473560159925e-07 2.076785717746e-02 2.160206362672e-05 2.483983749370e-01 4.486285721382e-07 0
1257 9.851970808084e-01 7.753919853583e-01 -9.619900637196e-07 9.619900637196e-07 1.454930082961e-02 4.423163083832e-05 2.704721572247e-01 6.435393032508e-07 0
1258 7.504976757058e-01 9.422550349159e-01 -7.088755167502e-07 7.088755167502e-07 2.177792793905e-02 2.697756844174e-05 2.527067369991e-01 5.875155414948e-07 0
1259 9.703358586130e-01 8.008545893871e-01 -9.659201843667e-07 9.659201843667e-07 1.839022484209e-02 4.310143506721e-05 2.684808711318e-01 7.926450819026e-07 0
1260 7.758423224172e-01 9.278357748784e-01 -7.736895896635e-07 7.736895896635e-07 2.179579918395e-02 2.958084416501e-05 2.547679243602e-01 6.447381391124e-07 0
1261 8.268861075673e-01 8.991138362949e-01 -8.023211888579e-07 8.023211888579e-07 2.036713105324e-02 3.294737086756e-05 2.586705154566e-01 6.710434203191e-07 0
1262 8.503195793217e-01 8.860688233032e-01 -6.647833987865e-07 6.647833987865e-07 1.850698420422e-02 2.990562290139e-05 2.603366547234e-01 5.534628906535e-07 0
1263 8.964441129907e-01 8.785496202031e-01 -9.674840450022e-07 9.674840450022e-07 2.026436340692e-02 4.317701257280e-05 2.626002611727e-01 8.749546736005e-07 0
1264 7.250840678912e-01 9.855665626535e-01 -6.087308801549e-07 6.087308801549e-07 1.718973572766e-02 2.369994780997e-05 2.503889242841e-01 4.073958396129e-07 0
1265 9.403868240501e-01 8.521480341930e-01 -1.042941460297e-06 1.042941460297e-06 2.057193761542e-02 4.168659312405e-05 2.649889994321e-01 8.575739931472e-07 0
1266 7.502438819993e-01 9.711350590812e-01 -6.812682272357e-07 6.812682272357e-07 2.132269702971e-02 2.617785813569e-05 2.523938964054e-01 5.581825379140e-07 0
1267 8.768986346392e-01 8.988258471099e-01 -9.189293205387e-07 9.189293205387e-07 1.994426757648e-02 4.119724013939e-05 2.611114493859e-01 8.216487807527e-07 0
1268 8.008726451788e-01 9.422735333789e-01 -7.862532528824e-07 7.862532528824e-07 2.117663104627e-02 3.058529060793e-05 2.561692144740e-01 6.476934146471e-07 0
1269 9.243827028875e-01 8.796156390087e-01 -1.193561404509e-06 1.193561404509e-06 2.171769281934e-02 4.523656531905e-05 2.634060450215e-01 9.824338298014e-07 0
1270 8.262812893776e-01 9.278317189257e-01 -8.177117960019e-07 8.177117960019e-07 2.077608113581e-02 3.246678222613e-05 2.579255462426e-01 6.745325017486e-07 0
1271 9.851387778046e-01 8.254626040289e-01 -9.735622486241e-07 9.735622486241e-07 1.558407294338e-02 4.187051744433e-05 2.670340634604e-01 6.525131980295e-07 0
1272 9.702728873916e-01 8.512975791254e-01 -1.003042072235e-06 1.003042072235e-06 1.985076920153e-02 4.137966680259e-05 2.655070326518e-01 8.214182153345e-07 0
1273 8.786780850584e-01 9.262151954270e-01 -1.066062058967e-06 1.066062058967e-06 2.190951759941e-02 4.027721427987e-05 2.604558061995e-01 8.824543351200e-07 0
1274 7.751598141081e-01 9.855684964277e-01 -7.227857209907e-07 7.227857209907e-07 1.730976558401e-02 2.788557585091e-05 2.540886575971e-01 4.826927811543e-07 0
1275 8.514942115511e-01 9.421760542510e-01 -9.002148417964e-07 9.002148417964e-07 2.153178107974e-02 3.431126442166e-05 2.589533502908e-01 7.387826340964e-07 0
1276 8.004439305762e-01 9.711262307630e-01 -7.759828167904e-07 7.759828167904e-07 2.114955582391e-02 3.002274399811e-05 2.558062261851e-01 6.349677001749e-07 0
1277 9.407540182598e-01 9.045284864875e-01 -1.236693777465e-06 1.236693777465e-06 2.304396713656e-02 4.484127104174e-05 2.628951121465e-01 1.033320776247e-06 0
1278 9.037147242065e-01 9.417552495028e-01 -1.180146953289e-06 1.180146953289e-06 2.326016020159e-02 4.255493123440e-05 2.610370586280e-01 9.898345178798e-07 0
1279 9.851341095870e-01 8.758349750965e-01 -9.518669214198e-07 9.518669214198e-07 1.627283383650e-02 3.945260067532e-05 2.645042209016e-01 6.420056152074e-07 0
1280 9.312250061278e-01 9.320269141080e-01 -8.876296981554e-07 8.876296981554e-07 1.927816823394e-02 3.782588602597e-05 2.619695979013e-01 7.292137944065e-07 0
1281 9.716193616178e-01 9.015982776430e-01 -9.008046247941e-07 9.008046247941e-07 1.990251656451e-02 3.704888170162e-05 2.634566283589e-01 7.373659817632e-07 0
1282 8.509257532443e-01 9.710493722766e-01 -8.722621980999e-07 8.722621980999e-07 2.124299484586e-02 3.360135054163e-05 2.585550178737e-01 7.137933163696e-07 0
1283 8.252841164681e-01 9.855577343353e-01 -8.097969184886e-07 8.097969184886e-07 1.726728499827e-02 3.134045310844e-05 2.571611636437e-01 5.411645357983e-07 0
1284 9.012467342311e-01 9.721583739916e-01 -8.425909781333e-07 8.425909781333e-07 2.037750332297e-02 3.391769273608e-05 2.605367140318e-01 6.911578964371e-07 0
1285 8.756416367762e-01 9.854916379413e-01 -8.536946029471e-07 8.536946029471e-07 1.702551101507e-02 3.373960997932e-05 2.595359206838e-01 5.744341013470e-07 0
1286 9.511718694946e-01 9.515822433684e-01 -5.175338904808e-07 5.175338904808e-07 1.570336061529e-02 2.692250975131e-05 2.619904531100e-01 4.227738792935e-07 0
1287 9.864852520308e-01 9.257633025464e-01 -7.353044394298e-07 7.353044394298e-07 1.442623107021e-02 3.425236864354e-05 2.628763845336e-01 4.941325847536e-07 0
1288 9.755667720396e-01 9.482488406515e-01 -4.612874314137e-07 4.612874314137e-07 1.492594172761e-02 2.543020393004e-05 2.623357329788e-01 3.795697419809e-07 0
1289 9.256050974550e-01 9.866667360503e-01 -7.024371170205e-07 7.024371170205e-07 1.461850081341e-02 3.235894978806e-05 2.611235608276e-01 4.730393337978e-07 0
1290 9.480199507971e-01 9.758189408220e-01 -4.516398422233e-07 4.516398422233e-07 1.502328791838e-02 2.465371388302e-05 2.616557850005e-01 3.703798419221e-07 0
1291 9.890815200088e-01 9.724855381051e-01 -5.432446458413e-07 5.432446458413e-07 1.116163346398e-02 3.330115057302e-05 2.621159441089e-01 3.716952366248e-07 0
1292 9.724148533422e-01 9.891522047717e-01 -5.410922231391e-07 5.410922231391e-07 1.119466473921e-02 3.325543232384e-05 2.618817680080e-01 3.722834156228e-07 0
