# element centroid_x centroid_y signed_dwr abs_dwr primal_residual_norm dual_correction_rms dual_solution_rms residual_dual_product marked
0 2.750438546624e-02 1.090433902177e-02 -2.117402483042e-10 2.117402483042e-10 3.066200669516e-05 5.848781076260e-06 5.130672031291e-03 1.793353645188e-10 0
1 1.083771879957e-02 2.757100568843e-02 -1.950276746611e-10 1.950276746611e-10 2.264163658540e-05 5.761373896716e-06 1.128058613481e-02 1.304469340021e-10 0
2 5.170332018737e-02 2.440097017263e-02 -7.858957794315e-10 7.858957794315e-10 5.418919696917e-05 1.396604422347e-05 1.001699118147e-02 7.568087213059e-10 0
3 2.413325206174e-02 5.194489056617e-02 -5.252199882232e-10 5.252199882232e-10 4.308401254237e-05 1.034343508649e-05 2.014037045249e-02 4.456366869977e-10 0
4 4.833218678287e-02 4.877485505037e-02 -9.509088528140e-10 9.509088528140e-10 5.665732283056e-05 1.484664495114e-05 1.906981115320e-02 8.411711559474e-10 0
5 7.419893472113e-02 1.349663115086e-02 -2.389617422540e-09 2.389617422540e-09 1.008637886989e-04 2.066484954831e-05 6.434357477064e-03 2.084335018336e-09 0
6 1.329553326217e-02 7.437388487774e-02 -1.409949196976e-09 1.409949196976e-09 5.576863316085e-05 1.750316166431e-05 2.861904648330e-02 9.761274020118e-10 0
7 6.773997637299e-02 6.873175598808e-02 -3.413726712382e-09 3.413726712382e-09 1.031495483317e-04 2.929541010194e-05 2.690631119478e-02 3.021808320208e-09 0
8 9.827983946909e-02 2.837069741977e-02 -5.281758062857e-09 5.281758062857e-09 1.581775762493e-04 2.857256563345e-05 1.187070564029e-02 4.519539179124e-09 0
9 9.519201452545e-02 5.923193737925e-02 -8.235461516405e-09 8.235461516405e-09 1.872112941405e-04 3.946607283541e-05 2.367737194627e-02 7.388494570162e-09 0
10 2.772207528221e-02 9.871697603594e-02 -2.774414711591e-09 2.774414711591e-09 9.605287240787e-05 2.436965933413e-05 3.774481722013e-02 2.340775778645e-09 0
11 5.796758367190e-02 9.624488266209e-02 -4.742752676541e-09 4.742752676541e-09 1.349673574066e-04 3.204467739178e-05 3.711301393425e-02 4.324985426515e-09 0
12 1.240809047480e-01 1.487406626891e-02 -9.574052100893e-09 9.574052100893e-09 2.178149371064e-04 3.766763441962e-05 7.301842949020e-03 8.204573422059e-09 0
13 1.442654202004e-02 1.243430911582e-01 -3.275825163180e-09 3.275825163180e-09 7.739522546235e-05 3.004299806759e-05 4.710798559787e-02 2.325184609006e-09 0
14 1.198254371817e-01 7.573752689770e-02 -1.273690415599e-08 1.273690415599e-08 2.476295816282e-04 4.348473652523e-05 3.041839129183e-02 1.076810711296e-08 0
15 7.328745988973e-02 1.213155518588e-01 -7.437672082273e-09 7.437672082273e-09 1.688999039265e-04 4.210505613160e-05 4.672183698103e-02 7.111539935446e-09 0
16 1.485254013916e-01 2.980388534587e-02 -1.582221126874e-08 1.582221126874e-08 2.990769084505e-04 4.406534351622e-05 1.293181336272e-02 1.317892670864e-08 0
17 1.473577587689e-01 5.980610601518e-02 -1.844964170476e-08 1.844964170476e-08 3.224514215052e-04 4.900923955945e-05 2.473896245152e-02 1.580309896283e-08 0
18 1.205254568520e-01 1.037421332823e-01 -1.081703775512e-08 1.081703775512e-08 2.332472939601e-04 4.196582453600e-05 4.119748474569e-02 9.788415011827e-09 0
19 1.003085089547e-01 1.231844666874e-01 -7.375723192287e-09 7.375723192287e-09 1.950682624055e-04 3.983236724215e-05 4.806265495635e-02 7.770030665426e-09 0
20 2.874814242602e-02 1.490712560559e-01 -3.658514084870e-09 3.658514084870e-09 9.635392226925e-05 3.652030340260e-05 5.615042854451e-02 3.518874475303e-09 0
21 5.736355190601e-02 1.485158101303e-01 -5.080115063001e-09 5.080115063001e-09 1.514731230980e-04 3.834943673514e-05 5.634264611046e-02 5.808908951321e-09 0
22 1.744444966436e-01 1.492981907696e-02 -2.437424248279e-08 2.437424248279e-08 3.793888805544e-04 5.404294409791e-05 7.670550563250e-03 2.050329206317e-08 0
23 1.723829038151e-01 7.487134020338e-02 -2.807776966832e-08 2.807776966832e-08 4.239060985322e-04 5.589130998280e-05 3.147611584294e-02 2.369266715666e-08 0
24 1.432160040598e-02 1.747281648977e-01 -1.641129830819e-09 1.641129830819e-09 4.726975927978e-05 3.964082570446e-05 6.512671737178e-02 1.873812288701e-09 0
25 1.471234984538e-01 1.194606970413e-01 -1.516701192309e-08 1.516701192309e-08 2.797540716145e-04 4.949468246611e-05 4.826295912907e-02 1.384633894316e-08 0
26 1.126346219780e-01 1.498367101760e-01 -7.773547117942e-09 7.773547117942e-09 2.446463681118e-04 3.857125964127e-05 5.832957271440e-02 9.436318584734e-09 0
27 1.714486238295e-01 1.065213248448e-01 -3.582218186133e-08 3.582218186133e-08 4.780543281994e-04 6.765927935708e-05 4.423484205448e-02 3.234481133950e-08 0
28 7.148806896761e-02 1.738398461739e-01 -4.950667202497e-09 4.950667202497e-09 2.007369434124e-04 4.355985956593e-05 6.570399887797e-02 8.744073064736e-09 0
29 1.989789014958e-01 2.974567155965e-02 -3.594845423507e-08 3.594845423507e-08 4.855678866306e-04 6.122774205073e-05 1.361258790300e-02 2.973022531073e-08 0
30 1.980849512899e-01 5.968497201676e-02 -3.888879881729e-08 3.888879881729e-08 5.048445744129e-04 6.514873284028e-05 2.602959217537e-02 3.288998430429e-08 0
31 9.973808997461e-02 1.732918313910e-01 -8.168134516160e-09 8.168134516160e-09 2.840117174306e-04 4.625128481271e-05 6.639233995706e-02 1.313590683303e-08 0
32 1.408627624894e-01 1.469719598200e-01 -1.373246713421e-08 1.373246713421e-08 3.493918011098e-04 4.734918072922e-05 5.844090305609e-02 1.654341553606e-08 0
33 2.858437856296e-02 1.996231923710e-01 1.219411893201e-09 1.219411893201e-09 1.017608589700e-04 4.447828789384e-05 7.383803893203e-02 4.526148781593e-09 0
34 5.713543764460e-02 1.992903195729e-01 -6.721315683680e-10 6.721315683680e-10 1.967671055706e-04 4.584256681337e-05 7.421280308522e-02 9.020309183795e-09 0
35 1.967068776823e-01 1.204865864112e-01 -4.392224924856e-08 4.392224924856e-08 5.682080251462e-04 6.921756312602e-05 5.112319382604e-02 3.932997484927e-08 0
36 2.245344048522e-01 1.481585248269e-02 -5.189217198041e-08 5.189217198041e-08 5.913618701052e-04 7.320968206788e-05 8.092477246012e-03 4.329341449747e-08 0
37 2.227020006042e-01 7.414803953570e-02 -5.379742573443e-08 5.379742573443e-08 6.316916478392e-04 7.127679672362e-05 3.309959850873e-02 4.502495717504e-08 0
38 1.562963119785e-01 1.691245699186e-01 -2.988396945368e-08 2.988396945368e-08 4.989098230110e-04 6.659735861641e-05 6.759338225542e-02 3.322607640031e-08 0
39 2.222582069821e-01 1.032996692887e-01 -5.713672899869e-08 5.713672899869e-08 6.681451218298e-04 7.312387550665e-05 4.551838937805e-02 4.885736070905e-08 0
40 1.426277815699e-02 2.248950274734e-01 7.663338427030e-09 7.663338427030e-09 1.226619548369e-04 4.715246780190e-05 8.218536893235e-02 5.783813875963e-09 0
41 1.141106365054e-01 1.985808069867e-01 -1.388223474360e-08 1.388223474360e-08 4.367810716918e-04 5.462823635232e-05 7.595085448724e-02 2.386057961860e-08 0
42 1.991063208368e-01 1.472376854216e-01 -3.731244482301e-08 3.731244482301e-08 5.629434799820e-04 6.023050627341e-05 6.196447501078e-02 3.390637080263e-08 0
43 7.126761570167e-02 2.244994961457e-01 1.608080985348e-09 1.608080985348e-09 3.312713087012e-04 5.110724295333e-05 8.311168867190e-02 1.693036325726e-08 0
44 1.424407179978e-01 1.972782958703e-01 -2.302444491046e-08 2.302444491046e-08 6.017596657835e-04 5.922370518363e-05 7.700036873191e-02 3.563843703776e-08 0
45 1.818968501807e-01 1.683014859381e-01 -2.921947526309e-08 2.921947526309e-08 5.131185004020e-04 6.100080675831e-05 6.894408796194e-02 3.130064248713e-08 0
46 2.490086729516e-01 2.950854015637e-02 -7.130164520446e-08 7.130164520446e-08 7.223128443428e-04 8.132429407000e-05 1.446961907626e-02 5.874158216387e-08 0
47 2.480702189095e-01 5.890142675227e-02 -7.452169201100e-08 7.452169201100e-08 7.438343543389e-04 8.409647273244e-05 2.748896366499e-02 6.255384549711e-08 0
48 9.999279355549e-02 2.243379983425e-01 -5.263285990249e-09 5.263285990249e-09 4.645882249170e-04 5.442192596366e-05 8.414048148170e-02 2.528378598002e-08 0
49 2.464018750399e-01 1.170662272938e-01 -7.376463557481e-08 7.376463557481e-08 7.915481821922e-04 7.809727443611e-05 5.307980075307e-02 6.181775561406e-08 0
50 2.845349932323e-02 2.498773167565e-01 1.578754816437e-08 1.578754816437e-08 3.094766599723e-04 5.077220169705e-05 9.043019331926e-02 1.571281140064e-08 0
51 5.690727778627e-02 2.498146582270e-01 1.266675396255e-08 1.266675396255e-08 3.932281421896e-04 5.200551535778e-05 9.097092559225e-02 2.045003218775e-08 0
52 2.236114316587e-01 1.581432593883e-01 -3.822694052688e-08 3.822694052688e-08 6.044849959654e-04 5.498762364605e-05 6.826014000750e-02 3.323919345783e-08 0
53 2.453556565621e-01 1.451587183829e-01 -6.949110613836e-08 6.949110613836e-08 7.954152718562e-04 7.517887996992e-05 6.490979997355e-02 5.979842924912e-08 0
54 1.588894137863e-01 2.239810661375e-01 -4.092993839587e-08 4.092993839587e-08 8.905646227239e-04 7.560371227046e-05 8.749518404271e-02 6.732999149467e-08 0
55 2.744742680994e-01 1.469268767367e-02 -1.001385547650e-07 1.001385547650e-07 8.570114081869e-04 9.740311740711e-05 8.669457188928e-03 8.347558281086e-08 0
56 1.967520141934e-01 1.920061933411e-01 -3.220905380331e-08 3.220905380331e-08 6.016516229384e-04 5.678346342427e-05 7.901528125583e-02 3.416386292527e-08 0
57 2.722906687460e-01 7.339808884239e-02 -1.000947476541e-07 1.000947476541e-07 8.990411372115e-04 9.184889021121e-05 3.532965889194e-02 8.257593070710e-08 0
58 2.710661184985e-01 1.024112596309e-01 -1.037430277655e-07 1.037430277655e-07 9.322760514681e-04 9.340471279867e-05 4.854016691773e-02 8.707897683645e-08 0
59 1.138636493584e-01 2.498632393967e-01 -6.725333665333e-09 6.725333665333e-09 6.905262076029e-04 6.006462484637e-05 9.326845923572e-02 4.147619760625e-08 0
60 1.876001717796e-01 2.195320475889e-01 -6.210053024020e-08 6.210053024020e-08 8.795957361667e-04 9.020938926660e-05 8.823453414800e-02 7.934779416111e-08 0
61 1.419072116624e-02 2.749822892832e-01 2.927774920086e-08 2.927774920086e-08 3.816092640043e-04 5.256998680630e-05 9.814905878830e-02 2.006119397387e-08 0
62 2.212195344327e-01 1.844602882741e-01 -4.377534553191e-08 4.377534553191e-08 6.746171023009e-04 6.404593347726e-05 7.835971293786e-02 4.320648205658e-08 0
63 1.444301880968e-01 2.508088183082e-01 -3.389136906355e-08 3.389136906355e-08 8.783893993167e-04 7.574299721425e-05 9.550211634837e-02 6.653184582547e-08 0
64 7.088567582920e-02 2.749350009842e-01 2.029700174200e-08 2.029700174200e-08 6.281121984746e-04 5.538077718285e-05 9.930555936033e-02 3.478534170955e-08 0
65 2.680992322169e-01 1.593315846205e-01 -1.027285362307e-07 1.027285362307e-07 1.021946444196e-03 8.467634747929e-05 7.323408255515e-02 8.653469221400e-08 0
66 2.988478720126e-01 2.940535672491e-02 -1.330404564989e-07 1.330404564989e-07 1.016415813462e-03 1.074655719242e-04 1.570799717361e-02 1.092297067065e-07 0
67 9.911686954755e-02 2.751450799572e-01 1.145240040097e-08 1.145240040097e-08 7.470594960546e-04 5.733696745332e-05 1.005529666676e-01 4.283412601098e-08 0
68 2.976027267014e-01 5.871787129772e-02 -1.376540023580e-07 1.376540023580e-07 1.042029523825e-03 1.104807054520e-04 2.980252753760e-02 1.151241568940e-07 0
69 2.946819625951e-01 1.169897350524e-01 -1.389660330960e-07 1.389660330960e-07 1.124973557421e-03 1.019581314112e-04 5.739708316813e-02 1.147002018016e-07 0
70 2.404997671318e-01 1.997852256823e-01 -8.273103001557e-08 8.273103001557e-08 9.833268332844e-04 7.562295628598e-05 8.633134305698e-02 7.436208212829e-08 0
71 2.927612947913e-01 1.458175689528e-01 -1.464213437756e-07 1.464213437756e-07 1.191444606127e-03 1.027406034311e-04 7.027880517204e-02 1.224097377882e-07 0
72 2.081932545508e-01 2.405460458526e-01 -1.077652621467e-07 1.077652621467e-07 1.356997433815e-03 8.781653997103e-05 9.763290658351e-02 1.191668193872e-07 0
73 2.832125557327e-02 2.999553025302e-01 4.464245420089e-08 4.464245420089e-08 7.309551479299e-04 5.478701951544e-05 1.058165328612e-01 4.004685395455e-08 0
74 5.656243177318e-02 2.999706727609e-01 3.857650426576e-08 3.857650426576e-08 8.060561693314e-04 5.551935523313e-05 1.064248868197e-01 4.475171880296e-08 0
75 2.656352400126e-01 1.876410630340e-01 -1.176166709065e-07 1.176166709065e-07 1.147984755426e-03 8.812150560129e-05 8.458859668674e-02 1.011621450555e-07 0
76 1.552363396729e-01 2.764496810042e-01 -7.068034372437e-09 7.068034372437e-09 1.023543930330e-03 6.307573022528e-05 1.045633073949e-01 6.456078082322e-08 0
77 3.243736039132e-01 1.471266905124e-02 -1.825317704065e-07 1.825317704065e-07 1.176364101865e-03 1.296374629353e-04 9.538873686570e-03 1.525008576539e-07 0
78 2.366253296637e-01 2.283451290131e-01 -1.131954940588e-07 1.131954940588e-07 1.280525402085e-03 8.519673673989e-05 9.652091261975e-02 1.090965855702e-07 0
79 1.126942595288e-01 3.001962833018e-01 1.119820445962e-08 1.119820445962e-08 1.026999836938e-03 5.921968542492e-05 1.089197079103e-01 6.081860727490e-08 0
80 3.216792949336e-01 7.354953913464e-02 -1.820820410905e-07 1.820820410905e-07 1.233398247091e-03 1.211219442978e-04 3.879440648086e-02 1.493915937811e-07 0
81 3.199830810748e-01 1.028082321008e-01 -1.902954185135e-07 1.902954185135e-07 1.286562116814e-03 1.233844644023e-04 5.324061574120e-02 1.587417777034e-07 0
82 2.045240891218e-01 2.711357987185e-01 -1.150923271534e-07 1.150923271534e-07 1.623522802346e-03 8.985499202430e-05 1.075548324255e-01 1.458816284561e-07 0
83 1.808439733635e-01 2.854649100688e-01 -5.954453485886e-08 5.954453485886e-08 1.393335354627e-03 7.784363053920e-05 1.096739365016e-01 1.084622825628e-07 0
84 1.382471909158e-01 3.005553054373e-01 -2.813823434044e-09 2.813823434044e-09 1.153752407793e-03 5.629512619234e-05 1.106873706166e-01 6.495063739142e-08 0
85 3.157465217651e-01 1.608636948935e-01 -1.995099073669e-07 1.995099073669e-07 1.454766524762e-03 1.133935374733e-04 8.014393543704e-02 1.649611224405e-07 0
86 1.413053440703e-02 3.249730132471e-01 6.860541701136e-08 6.860541701136e-08 8.293872745311e-04 5.589780450740e-05 1.128835030771e-01 4.636092773267e-08 0
87 2.878012694216e-01 2.030346499136e-01 -1.698026050567e-07 1.698026050567e-07 1.450115115060e-03 9.841728692044e-05 9.385231788488e-02 1.427163953465e-07 0
88 7.052263608504e-02 3.248593892628e-01 4.989126128532e-08 4.989126128532e-08 1.164094249902e-03 5.717715753394e-05 1.140878293974e-01 6.655960031101e-08 0
89 9.842327012230e-02 3.248749208308e-01 3.120576495720e-08 3.120576495720e-08 1.297055213332e-03 5.798211410380e-05 1.153265864316e-01 7.520600337835e-08 0
90 2.590485361010e-01 2.451240589449e-01 -1.623445684815e-07 1.623445684815e-07 1.605915957904e-03 9.159408953357e-05 1.055403628742e-01 1.470924100317e-07 0
91 3.487282098141e-01 2.956772757226e-02 -2.378198840414e-07 2.378198840414e-07 1.362813311861e-03 1.430164396550e-04 1.751256306959e-02 1.949047077768e-07 0
92 3.132504885997e-01 1.897712974408e-01 -2.195050604844e-07 2.195050604844e-07 1.602156992087e-03 1.131876794372e-04 9.238828155823e-02 1.813444320284e-07 0
93 3.472790461457e-01 5.909208308285e-02 -2.457440138922e-07 2.457440138922e-07 1.398831804635e-03 1.470856652967e-04 3.318796614066e-02 2.057481066229e-07 0
94 3.436462730639e-01 1.180103137916e-01 -2.511075050579e-07 2.511075050579e-07 1.526807517278e-03 1.353454066580e-04 6.368747512505e-02 2.066463843145e-07 0
95 3.413303815580e-01 1.472379426840e-01 -2.637067172684e-07 2.637067172684e-07 1.621326929423e-03 1.348687212969e-04 7.774460838006e-02 2.186662897756e-07 0
96 2.850890029781e-01 2.319577424937e-01 -2.003287052230e-07 2.003287052230e-07 1.695215390308e-03 9.994335060072e-05 1.046533128977e-01 1.694255060973e-07 0
97 2.303377947698e-01 2.884552945091e-01 -1.626851687825e-07 1.626851687825e-07 1.988191117711e-03 8.807391620031e-05 1.162288896650e-01 1.751077778915e-07 0
98 1.533673388008e-01 3.250760230984e-01 -1.945965903404e-08 1.945965903404e-08 1.777149695747e-03 6.055607858698e-05 1.190976710128e-01 1.076172166365e-07 0
99 1.793657189317e-01 3.176284089374e-01 -3.257662525474e-08 3.257662525474e-08 1.632787482906e-03 7.743081206907e-05 1.192791207955e-01 1.264280607376e-07 0
100 2.826966269968e-02 3.498735479728e-01 9.355245824389e-08 9.355245824389e-08 1.428356972343e-03 5.694447666004e-05 1.199056430477e-01 8.133704027377e-08 0
101 2.564301666361e-01 2.746444715750e-01 -1.995081052571e-07 1.995081052571e-07 1.991856225937e-03 9.301615233845e-05 1.153516851168e-01 1.852748021481e-07 0
102 5.642058817778e-02 3.497445537579e-01 8.298052531327e-08 8.298052531327e-08 1.502638019687e-03 5.730435351365e-05 1.204986384877e-01 8.610770028318e-08 0
103 1.121992266430e-01 3.494222501949e-01 3.640925046759e-08 3.640925046759e-08 1.825570402365e-03 5.910952537447e-05 1.229192626889e-01 1.079086000215e-07 0
104 3.743546059008e-01 1.485505852102e-02 -3.173641951721e-07 3.173641951721e-07 1.537614275611e-03 1.729185552130e-04 1.077717387632e-02 2.658820390135e-07 0
105 3.360810290045e-01 2.051683123584e-01 -2.861958270329e-07 2.861958270329e-07 1.915660975598e-03 1.241805461968e-04 1.030295430016e-01 2.378878262777e-07 0
106 1.415903639345e-01 3.492643303270e-01 -3.675917901054e-10 3.675917901054e-10 1.906897164363e-03 7.070932350386e-05 1.249161011606e-01 1.348354084835e-07 0
107 3.715263910172e-01 7.435326833385e-02 -3.221520340600e-07 3.221520340600e-07 1.627537396678e-03 1.625265860754e-04 4.375909408343e-02 2.645180967921e-07 0
108 3.695898317942e-01 1.040128060765e-01 -3.359324497456e-07 3.359324497456e-07 1.706311828605e-03 1.649537626694e-04 5.989679354072e-02 2.814625564157e-07 0
109 3.080993321253e-01 2.476208202267e-01 -2.693068139835e-07 2.693068139835e-07 2.068939624389e-03 1.087851120080e-04 1.144717573663e-01 2.250698287768e-07 0
110 2.286130488121e-01 3.188185872226e-01 -1.888522070641e-07 1.888522070641e-07 2.479006413278e-03 8.677470152874e-05 1.253425319923e-01 2.151150416000e-07 0
111 2.013210887323e-01 3.336625903006e-01 -1.475791145235e-07 1.475791145235e-07 2.676853412964e-03 8.615901391889e-05 1.262908692731e-01 2.306350504664e-07 0
112 3.644687068113e-01 1.628249030496e-01 -3.367579674909e-07 3.367579674909e-07 1.905415020850e-03 1.477302315212e-04 8.938654478865e-02 2.814874021742e-07 0
113 1.413912829265e-02 3.749005347257e-01 1.317180305142e-07 1.317180305142e-07 1.540478667127e-03 5.752144819327e-05 1.263205657586e-01 8.861056384399e-08 0
114 3.336421389737e-01 2.340947425642e-01 -3.190099391741e-07 3.190099391741e-07 2.167239841260e-03 1.208392518636e-04 1.143198049414e-01 2.618876410268e-07 0
115 3.617153874232e-01 1.918476701767e-01 -3.478328312280e-07 3.478328312280e-07 2.036402334562e-03 1.417780526155e-04 1.024356372454e-01 2.887171573359e-07 0
116 2.803798428501e-01 2.906096721226e-01 -2.713852061605e-07 2.713852061605e-07 2.423209539951e-03 9.836330984976e-05 1.244171701089e-01 2.383549108091e-07 0
117 7.055563833341e-02 3.744324880879e-01 1.036847587395e-07 1.036847587395e-07 2.051260703549e-03 5.812375618773e-05 1.274730488740e-01 1.192269770105e-07 0
118 9.843364276133e-02 3.740946529569e-01 7.986173115187e-08 7.986173115187e-08 2.188912655214e-03 5.853954198299e-05 1.286514913729e-01 1.281379442770e-07 0
119 3.988595454334e-01 2.991869121444e-02 -4.090035446405e-07 4.090035446405e-07 1.747663583282e-03 1.917724605470e-04 2.002191087571e-02 3.351537455745e-07 0
120 3.060085414622e-01 2.767523372254e-01 -3.160447567440e-07 3.160447567440e-07 2.456865668938e-03 1.065694663413e-04 1.244287954903e-01 2.618268632108e-07 0
121 3.974804942181e-01 5.989254551668e-02 -4.266437677449e-07 4.266437677449e-07 1.808102256632e-03 1.987368140526e-04 3.793545753019e-02 3.593364819643e-07 0
122 1.532155426575e-01 3.731573428545e-01 2.530431017273e-08 2.530431017273e-08 2.521406117909e-03 5.942004478120e-05 1.321805955670e-01 1.498220644377e-07 0
123 3.936753234663e-01 1.200231968662e-01 -4.387774185582e-07 4.387774185582e-07 2.000689226380e-03 1.830241617246e-04 7.257918760020e-02 3.661744685297e-07 0
124 3.908700899894e-01 1.496076649470e-01 -4.367312618155e-07 4.367312618155e-07 2.082870091767e-03 1.768223182936e-04 8.803840301494e-02 3.682979183307e-07 0
125 2.531774218889e-01 3.344948984025e-01 -2.688565604542e-07 2.688565604542e-07 2.990314229787e-03 8.996762459570e-05 1.334078048112e-01 2.690314680487e-07 0
126 2.009186818505e-01 3.644293857525e-01 -1.519329547905e-07 1.519329547905e-07 3.332144468685e-03 8.375286605685e-05 1.346825258869e-01 2.790766493679e-07 0
127 2.788518440607e-01 3.200968062365e-01 -3.217121410058e-07 3.217121410058e-07 2.953549803463e-03 9.569987641538e-05 1.333495223008e-01 2.826543511781e-07 0
128 2.836548502530e-02 3.997437634526e-01 1.690248473981e-07 1.690248473981e-07 2.505418127307e-03 5.785058349353e-05 1.326776321315e-01 1.449399005600e-07 0
129 3.567966676987e-01 2.493609104735e-01 -3.938919671383e-07 3.938919671383e-07 2.542734586850e-03 1.311815221898e-04 1.253735351908e-01 3.335597936278e-07 0
130 5.663106958796e-02 3.994047110297e-01 1.515797860842e-07 1.515797860842e-07 2.584137116998e-03 5.816433414549e-05 1.332357496821e-01 1.503046147508e-07 0
131 1.788255516303e-01 3.802357026991e-01 -7.195559212000e-08 7.195559212000e-08 3.008145806060e-03 7.311464006265e-05 1.363623766638e-01 2.199394978660e-07 0
132 3.844656117522e-01 2.073618848137e-01 -4.091379883076e-07 4.091379883076e-07 2.307342764454e-03 1.530872160421e-04 1.147118248721e-01 3.532246802652e-07 0
133 1.127016265724e-01 3.983293114996e-01 8.083826419790e-08 8.083826419790e-08 2.782059900557e-03 5.925999337657e-05 1.355329946485e-01 1.648648512802e-07 0
134 1.380923891770e-01 3.975499212651e-01 3.532411905778e-08 3.532411905778e-08 2.901347373559e-03 5.533641036877e-05 1.370685901771e-01 1.605501488856e-07 0
135 4.245049395325e-01 1.506363269343e-02 -5.263792774086e-07 5.263792774086e-07 1.920495328496e-03 2.298129109273e-04 1.246669057645e-02 4.413546218640e-07 0
136 3.297284284676e-01 2.920287508486e-01 -4.045560098821e-07 4.045560098821e-07 2.940856973787e-03 1.146415444802e-04 1.344014953588e-01 3.371443855703e-07 0
137 4.223389667833e-01 7.564215627368e-02 -5.603718309717e-07 5.603718309717e-07 2.084179677751e-03 2.224833253336e-04 5.068922690740e-02 4.636952252989e-07 0
138 3.819857820586e-01 2.359486949048e-01 -4.358000539457e-07 4.358000539457e-07 2.576240503203e-03 1.448688315552e-04 1.263444425315e-01 3.732169515040e-07 0
139 4.204703552545e-01 1.061132698806e-01 -6.110123922999e-07 6.110123922999e-07 2.266558743945e-03 2.309158084439e-04 6.931751368337e-02 5.233842447437e-07 0
140 3.549737478558e-01 2.781634017592e-01 -4.458977245365e-07 4.458977245365e-07 2.959858940142e-03 1.257627486206e-04 1.354838694354e-01 3.722399958414e-07 0
141 2.524774200297e-01 3.642047572175e-01 -3.119628084059e-07 3.119628084059e-07 3.702444113419e-03 8.594574603972e-05 1.414704003024e-01 3.182093214981e-07 0
142 4.136145638132e-01 1.660451985791e-01 -5.116874767955e-07 5.116874767955e-07 2.342689554242e-03 1.922441590427e-04 1.019690482354e-01 4.503683832535e-07 0
143 2.275106400710e-01 3.792952414896e-01 -2.374441464940e-07 2.374441464940e-07 3.804459269007e-03 8.120399656671e-05 1.418162853100e-01 3.089372974186e-07 0
144 3.031686089831e-01 3.352797164157e-01 -4.238936969672e-07 4.238936969672e-07 3.554209002312e-03 1.009571267679e-04 1.422486097610e-01 3.588227288059e-07 0
145 4.099634049642e-01 1.947766513188e-01 -4.590713147247e-07 4.590713147247e-07 2.341388612200e-03 1.699220888979e-04 1.155547053979e-01 3.978536439068e-07 0
146 1.422635673265e-02 4.248432287269e-01 2.254494305418e-07 2.254494305418e-07 2.621163337246e-03 5.777176363035e-05 1.384446966935e-01 1.514292287560e-07 0
147 7.105686139091e-02 4.240943260057e-01 1.785164625853e-07 1.785164625853e-07 3.369126017140e-03 5.876108111022e-05 1.395611719073e-01 1.979734871637e-07 0
148 1.799835948545e-01 4.114478656187e-01 -2.425999642308e-08 2.425999642308e-08 3.513385493624e-03 7.049966005339e-05 1.440828260361e-01 2.476924829370e-07 0
149 3.284164947779e-01 3.210689959250e-01 -4.702485613707e-07 4.702485613707e-07 3.524359734917e-03 1.097881446202e-04 1.432680360291e-01 3.869329162707e-07 0
150 9.924941394741e-02 4.233567616066e-01 1.317627272328e-07 1.317627272328e-07 3.549517443693e-03 5.931701162341e-05 1.406776316842e-01 2.105467674651e-07 0
151 1.547753624502e-01 4.205791371739e-01 1.682576114137e-08 1.682576114137e-08 4.368590358274e-03 5.892253623191e-05 1.438872102099e-01 2.574084236678e-07 0
152 4.493057452861e-01 3.017430014394e-02 -6.610979203883e-07 6.610979203883e-07 2.134291608695e-03 2.539040615447e-04 2.325347315698e-02 5.419053079684e-07 0
153 4.485188237521e-01 6.077896942196e-02 -7.174229070338e-07 7.174229070338e-07 2.251422615363e-03 2.718514109820e-04 4.432392035155e-02 6.120524147033e-07 0
154 4.465081963538e-01 1.240335049859e-01 -9.160711557141e-07 9.160711557141e-07 2.833943390565e-03 2.807491663051e-04 8.608610849766e-02 7.956272442570e-07 1
155 4.049758975104e-01 2.509233210069e-01 -4.828827673142e-07 4.828827673142e-07 2.908008735471e-03 1.554408532474e-04 1.388524628251e-01 4.520233590926e-07 0
156 4.424576383895e-01 1.543809656036e-01 -6.704373701765e-07 6.704373701765e-07 2.456955275399e-03 2.411374161661e-04 1.032306749408e-01 5.924638467453e-07 0
157 2.773677855659e-01 3.790000092538e-01 -4.295120616075e-07 4.295120616075e-07 4.430353220501e-03 8.869568816893e-05 1.492812298088e-01 3.929532277238e-07 0
158 3.786648637682e-01 2.930514326252e-01 -5.251312796290e-07 5.251312796290e-07 3.452690720495e-03 1.360989048213e-04 1.466749201173e-01 4.699074257461e-07 0
159 3.023845523476e-01 3.644730606180e-01 -4.952142378749e-07 4.952142378749e-07 4.336659032623e-03 9.592739428855e-05 1.500889079503e-01 4.160044009174e-07 0
160 2.278814581362e-01 4.087303078543e-01 -2.555677091851e-07 2.555677091851e-07 4.689667175485e-03 7.505428349932e-05 1.490277339449e-01 3.519796097063e-07 0
161 2.856797158813e-02 4.497079087929e-01 2.796553448860e-07 2.796553448860e-07 4.126317770282e-03 5.766418943446e-05 1.441488079779e-01 2.379407695723e-07 0
162 2.024475431398e-01 4.250766150369e-01 -1.979801925755e-07 1.979801925755e-07 5.249079055552e-03 7.534628751505e-05 1.496446915211e-01 3.954986197089e-07 0
163 5.713289168373e-02 4.492980584946e-01 2.556327079792e-07 2.556327079792e-07 4.241205465241e-03 5.821276459663e-05 1.447042960234e-01 2.468922953540e-07 0
164 4.317430383256e-01 2.102699070136e-01 -4.348645945670e-07 4.348645945670e-07 2.418557580019e-03 1.735106011441e-04 1.294345493775e-01 4.196453796108e-07 0
165 4.034778990629e-01 2.792235674417e-01 -5.433491846294e-07 5.433491846294e-07 3.395335788959e-03 1.489979088524e-04 1.490474068604e-01 5.058979324067e-07 0
166 1.142638668546e-01 4.479294760468e-01 1.499594582931e-07 1.499594582931e-07 4.832043463290e-03 6.143303989045e-05 1.470054758552e-01 2.968471188327e-07 0
167 3.526200372748e-01 3.359122308550e-01 -5.742006664470e-07 5.742006664470e-07 4.181369754929e-03 1.174360412059e-04 1.531765381687e-01 4.910435108368e-07 0
168 1.443990527528e-01 4.459312418485e-01 7.476246132916e-08 7.476246132916e-08 5.215908277866e-03 7.213694678549e-05 1.486821763271e-01 3.762596978784e-07 0
169 4.292353605655e-01 2.378297666107e-01 -4.875163785573e-07 4.875163785573e-07 2.823075777438e-03 1.672045708651e-04 1.410743852284e-01 4.720311738862e-07 0
170 4.748008057536e-01 1.511066745052e-02 -7.935433846850e-07 7.935433846850e-07 2.242802828335e-03 2.964966131258e-04 1.453503821107e-02 6.649834425103e-07 0
171 4.740736990043e-01 7.602720214256e-02 -8.882139802688e-07 8.882139802688e-07 2.530716983156e-03 2.931396012833e-04 5.917547479258e-02 7.418533674033e-07 1
172 3.776230868769e-01 3.217600166447e-01 -5.943891792231e-07 5.943891792231e-07 4.097345164140e-03 1.289879200635e-04 1.554655823386e-01 5.285080305049e-07 0
173 4.739316831348e-01 1.088106240996e-01 -1.113308693731e-06 1.113308693731e-06 2.807911583307e-03 3.681537722684e-04 8.263928610158e-02 1.033743241590e-06 1
174 4.613102385552e-01 1.725115098859e-01 -6.801144524339e-07 6.801144524339e-07 2.482132719956e-03 2.849177643366e-04 1.192155623914e-01 7.072037053566e-07 0
175 2.770911989964e-01 4.081334142580e-01 -4.949436433616e-07 4.949436433616e-07 5.435185012634e-03 8.310794122328e-05 1.562209035880e-01 4.517070365677e-07 0
176 2.525716515253e-01 4.227732285864e-01 -3.859928106254e-07 3.859928106254e-07 5.549382900949e-03 7.634460774776e-05 1.556611499355e-01 4.236654608151e-07 0
177 3.269498459904e-01 3.791710401951e-01 -6.277626659221e-07 6.277626659221e-07 5.197567864504e-03 1.008951371811e-04 1.587673955204e-01 5.244093226973e-07 0
178 4.542467973404e-01 1.996689985562e-01 -3.566389675226e-07 3.566389675226e-07 2.205533539484e-03 1.617588121738e-04 1.316564822702e-01 3.567644855565e-07 0
179 1.434161485548e-02 4.748646800660e-01 3.559679354653e-07 3.559679354653e-07 4.209911579217e-03 5.679288066976e-05 1.492675330539e-01 2.390930059487e-07 0
180 3.519374451229e-01 3.648209309229e-01 -6.583582742847e-07 6.583582742847e-07 5.054502617879e-03 1.106663391035e-04 1.607946500412e-01 5.593633007095e-07 0
181 7.172331151691e-02 4.742132701364e-01 3.044778047518e-07 3.044778047518e-07 5.490104948030e-03 5.854179282665e-05 1.504146443578e-01 3.214005864641e-07 0
182 2.048732709720e-01 4.522787081926e-01 -1.197695058720e-07 1.197695058720e-07 5.879820515195e-03 6.891183642120e-05 1.558060930067e-01 4.051892295291e-07 0
183 1.006617341313e-01 4.735822520877e-01 2.538241388575e-07 2.538241388575e-07 5.845735111798e-03 6.038731605172e-05 1.515900053862e-01 3.530082537508e-07 0
184 4.271992682420e-01 2.937162354217e-01 -5.772191109336e-07 5.772191109336e-07 3.884127336912e-03 1.628429854633e-04 1.616686719500e-01 6.325028914622e-07 0
185 1.598016951519e-01 4.712871876017e-01 7.545867223681e-08 7.545867223681e-08 7.084169789550e-03 7.274361540848e-05 1.551926938199e-01 5.153281226594e-07 0
186 4.520328603199e-01 2.520624118477e-01 -5.076956140626e-07 5.076956140626e-07 3.166770949763e-03 1.794171763240e-04 1.550566461743e-01 5.681731018715e-07 0
187 4.998175241757e-01 2.993834944454e-02 -9.210285505828e-07 9.210285505828e-07 2.385396026975e-03 3.170132135331e-04 2.699572135108e-02 7.562020600603e-07 1
188 4.998773389605e-01 6.025021485857e-02 -9.654238033069e-07 9.654238033069e-07 2.488859090766e-03 3.380396524484e-04 5.147241973072e-02 8.413330620355e-07 1
189 5.011252415215e-01 1.226661100228e-01 -1.209274435675e-06 1.209274435675e-06 3.067480186220e-03 3.687266394786e-04 9.992813980824e-02 1.131061660732e-06 1
190 1.865745272076e-01 4.725633448463e-01 -1.037113087668e-07 1.037113087668e-07 7.023096340876e-03 7.466834471614e-05 1.579076600474e-01 5.244029785552e-07 0
191 4.018581147846e-01 3.363457444455e-01 -6.512771916204e-07 6.512771916204e-07 4.757132950460e-03 1.395489794482e-04 1.665704775594e-01 6.638530483360e-07 0
192 4.872422999758e-01 1.715752075627e-01 -4.929880245699e-07 4.929880245699e-07 2.368715456917e-03 2.141605964324e-04 1.279232392107e-01 5.072855150319e-07 0
193 4.514947664439e-01 2.796486342239e-01 -5.801781870160e-07 5.801781870160e-07 3.742000420322e-03 1.789387194254e-04 1.654455628874e-01 6.695887633018e-07 0
194 3.017261202198e-01 4.225701429719e-01 -6.661587024290e-07 6.661587024290e-07 6.571132568304e-03 8.652311028526e-05 1.637251821393e-01 5.685548279065e-07 0
195 3.265680004322e-01 4.081347175448e-01 -7.271322740250e-07 7.271322740250e-07 6.375152308554e-03 9.460677587031e-05 1.654210657971e-01 6.031326055945e-07 0
196 2.524800789337e-01 4.514836351861e-01 -4.381874378747e-07 4.381874378747e-07 6.720856939706e-03 7.048145207157e-05 1.617234918352e-01 4.736957562757e-07 0
197 4.266212608549e-01 3.221298284060e-01 -6.313261034542e-07 6.313261034542e-07 4.584886580355e-03 1.531088710347e-04 1.703521217341e-01 7.019868081403e-07 0
198 4.748347854097e-01 2.133038099060e-01 -3.411977857370e-07 3.411977857370e-07 2.324290350509e-03 1.574666529629e-04 1.461770236757e-01 3.659982220085e-07 0
199 5.054933419923e-01 1.523700721814e-01 -9.857930922365e-07 9.857930922365e-07 2.906384103444e-03 3.191890588558e-04 1.223368582594e-01 9.276860066518e-07 1
200 2.302156133767e-01 4.646428076097e-01 -2.273987672244e-07 2.273987672244e-07 6.233772954580e-03 5.965025910904e-05 1.613222470721e-01 3.718461719677e-07 0
201 2.876513061415e-02 4.998234847954e-01 4.302289065887e-07 4.302289065887e-07 6.462404386987e-03 5.627618753671e-05 1.543389770934e-01 3.636794812201e-07 0
202 5.758190717997e-02 4.995819251641e-01 4.034693618300e-07 4.034693618300e-07 6.668538545394e-03 5.691039960687e-05 1.549256831505e-01 3.795091934122e-07 0
203 3.764850391839e-01 3.793947642701e-01 -7.491538613877e-07 7.491538613877e-07 5.952088124293e-03 1.175323400719e-04 1.704522685356e-01 6.995628455625e-07 0
204 1.154736425874e-01 4.987924472098e-01 2.697121974941e-07 2.697121974941e-07 7.470402173204e-03 6.116485410644e-05 1.573352827474e-01 4.569260590404e-07 0
205 4.751285261493e-01 2.381373636005e-01 -5.150198049318e-07 5.150198049318e-07 2.956627443413e-03 2.057131825655e-04 1.580354820471e-01 6.082172410449e-07 0
206 1.444784177099e-01 4.984956169220e-01 1.317966641343e-07 1.317966641343e-07 8.149017690168e-03 6.281234594924e-05 1.592257483608e-01 5.118589183013e-07 0
207 4.014026592435e-01 3.650717920031e-01 -7.165189751142e-07 7.165189751142e-07 5.699610246023e-03 1.297114265157e-04 1.738797100976e-01 7.393045755952e-07 0
208 5.250167184222e-01 1.482768199402e-02 -1.045953025420e-06 1.045953025420e-06 2.423733353192e-03 3.632607417357e-04 1.679610476494e-02 8.804471756501e-07 1
209 4.950006853294e-01 1.982680594008e-01 -4.884672716853e-07 4.884672716853e-07 2.377379462716e-03 2.506358261463e-04 1.462442241434e-01 5.958564657011e-07 0
210 5.253613646533e-01 7.430173695265e-02 -1.019641858730e-06 1.019641858730e-06 2.569302940271e-03 3.424834015773e-04 6.802809343979e-02 8.799436106667e-07 1
211 5.267512830839e-01 1.039342101599e-01 -1.043748882874e-06 1.043748882874e-06 2.754415081561e-03 3.631026527603e-04 9.327864896771e-02 1.000135422918e-06 1
212 2.015574270262e-01 4.995914852687e-01 -1.985876447636e-07 1.985876447636e-07 9.415475625307e-03 5.902887423853e-05 1.645770230480e-01 5.557849265821e-07 0
213 4.755219480112e-01 2.935867370779e-01 -5.063111857045e-07 5.063111857045e-07 4.243667667780e-03 2.011092857009e-04 1.797309033325e-01 8.534409734192e-07 0
214 3.014839363545e-01 4.514678922007e-01 -7.776812426708e-07 7.776812426708e-07 8.143259635871e-03 8.100411937029e-05 1.695526530401e-01 6.596375756073e-07 0
215 2.767574425395e-01 4.657415700865e-01 -6.628429080053e-07 6.628429080053e-07 8.322394242361e-03 7.452285568981e-05 1.681519436903e-01 6.202085851172e-07 0
216 3.512531207176e-01 4.226302318401e-01 -8.686114093983e-07 8.686114093983e-07 7.622006573544e-03 9.883946339542e-05 1.737647617411e-01 7.533550397254e-07 1
217 2.277783237365e-01 4.934192234416e-01 -2.259216889264e-07 2.259216889264e-07 7.789415225149e-03 6.309207515997e-05 1.664323753178e-01 4.914503708373e-07 0
218 4.510079469135e-01 3.364628818068e-01 -5.656314972660e-07 5.656314972660e-07 5.212776800699e-03 1.694347895943e-04 1.828143159516e-01 8.832257404287e-07 0
219 3.761825603369e-01 4.082403878377e-01 -8.416759071134e-07 8.416759071134e-07 7.259803215366e-03 1.090462192814e-04 1.767114578047e-01 7.916540933627e-07 0
220 1.442351575866e-02 5.249588047295e-01 5.207847102068e-07 5.207847102068e-07 6.392433448998e-03 5.472159731614e-05 1.588126365134e-01 3.498041690663e-07 0
221 7.216562395821e-02 5.247447261943e-01 4.682001849618e-07 4.682001849618e-07 8.355897218098e-03 5.656427417682e-05 1.600143058410e-01 4.726452612378e-07 0
222 1.011189367513e-01 5.245862662886e-01 3.992070214520e-07 3.992070214520e-07 8.833270002831e-03 5.761416665461e-05 1.612374536139e-01 5.089214900483e-07 0
223 5.343285952126e-01 1.615051936151e-01 -7.511504231101e-07 7.511504231101e-07 2.763948024302e-03 3.084848477480e-04 1.400136017204e-01 8.526360854600e-07 0
224 4.986871184865e-01 2.508972541169e-01 -4.776192287653e-07 4.776192287653e-07 3.497348594390e-03 2.236705266485e-04 1.737521591785e-01 7.822538019806e-07 0
225 4.756131358679e-01 3.219873916764e-01 -5.179555492303e-07 5.179555492303e-07 4.973988130715e-03 1.836767053503e-04 1.883496434708e-01 9.136057523011e-07 0
226 1.591295684984e-01 5.241680461218e-01 1.032172274097e-07 1.032172274097e-07 1.067866023138e-02 6.016262628015e-05 1.649542547392e-01 6.424562446732e-07 0
227 1.894357457590e-01 5.239877572240e-01 -1.031449522498e-07 1.031449522498e-07 1.067824902228e-02 6.745665705498e-05 1.676062816882e-01 7.203189822435e-07 0
228 5.184055440556e-01 2.071657787826e-01 -5.681941622139e-07 5.681941622139e-07 2.996286212298e-03 2.522138110376e-04 1.615068895003e-01 7.557047645630e-07 0
229 4.996186342244e-01 2.787604052181e-01 -5.479756457548e-07 5.479756457548e-07 4.105639854038e-03 2.287133286463e-04 1.850671940406e-01 9.390145572400e-07 0
230 5.499675305249e-01 2.929922460165e-02 -1.102976537412e-06 1.102976537412e-06 2.473354438081e-03 3.698766011396e-04 3.116978495044e-02 9.148359329709e-07 1
231 4.260312727799e-01 3.795249618183e-01 -6.777021447145e-07 6.777021447145e-07 6.546355696971e-03 1.394920556888e-04 1.845969452409e-01 9.131646134405e-07 0
232 5.502523619713e-01 5.846141414624e-02 -1.084628641165e-06 1.084628641165e-06 2.520171349605e-03 3.875321638471e-04 5.885248646538e-02 9.766474563778e-07 1
233 5.522642130708e-01 1.160748961810e-01 -9.472429506477e-07 9.472429506477e-07 2.666739910334e-03 3.641363353564e-04 1.116760490248e-01 9.710568982978e-07 1
234 4.508734143796e-01 3.651319676614e-01 -5.708129048245e-07 5.708129048245e-07 6.180488894142e-03 1.524267870082e-04 1.896645101209e-01 9.420720642739e-07 0
235 2.495652612599e-01 5.091494025171e-01 -7.737350792180e-07 7.737350792180e-07 1.227675842048e-02 7.299802193124e-05 1.719496458206e-01 8.961790804228e-07 0
236 5.394824119222e-01 1.896080483782e-01 -7.648304557818e-07 7.648304557818e-07 3.029013786887e-03 3.696064781066e-04 1.609986421886e-01 1.119543117907e-06 0
237 5.554734247287e-01 1.439419174776e-01 -7.639905514813e-07 7.639905514813e-07 2.593681553737e-03 3.534394722134e-04 1.359225617959e-01 9.167094394424e-07 0
238 3.261318488917e-01 4.659059874488e-01 -9.952909103780e-07 9.952909103780e-07 9.923401071736e-03 8.376266415883e-05 1.767364734444e-01 8.312105112852e-07 1
239 2.762799145059e-01 4.946309215856e-01 -8.059717414172e-07 8.059717414172e-07 1.086242108096e-02 7.091615425907e-05 1.732536866837e-01 7.703211290041e-07 0
240 3.510591530425e-01 4.515037525153e-01 -9.995067534868e-07 9.995067534868e-07 9.457849586413e-03 9.168843728979e-05 1.792029118903e-01 8.671754487001e-07 1
241 5.217982364731e-01 2.349614198043e-01 -7.096138045193e-07 7.096138045193e-07 3.590460340412e-03 3.068896263884e-04 1.773542709233e-01 1.101875032431e-06 0
242 4.009452971804e-01 4.227063728555e-01 -8.489152463055e-07 8.489152463055e-07 8.456837457327e-03 1.143773271556e-04 1.858930863410e-01 9.672704645582e-07 1
243 2.889414408531e-02 5.500185410604e-01 6.100843564083e-07 6.100843564083e-07 9.548848298279e-03 5.373377708043e-05 1.632684836947e-01 5.130956858346e-07 0
244 5.781947571902e-02 5.500460221565e-01 5.761584323414e-07 5.761584323414e-07 9.826734452179e-03 5.414525185643e-05 1.638789420003e-01 5.320710118395e-07 0
245 1.158618228316e-01 5.501306706822e-01 4.469814670853e-07 4.469814670853e-07 1.110617416072e-02 5.719929108112e-05 1.663324604300e-01 6.352652886169e-07 0
246 4.258763895639e-01 4.083139191031e-01 -7.067758024099e-07 7.067758024099e-07 7.904034566372e-03 1.264236830423e-04 1.902707945993e-01 9.992571607745e-07 0
247 5.003101995191e-01 3.361212129634e-01 -2.333068550860e-07 2.333068550860e-07 5.578522241274e-03 2.148632721504e-04 2.022923936189e-01 1.198619542524e-06 0
248 1.448676794562e-01 5.500092808032e-01 3.179627666804e-07 3.179627666804e-07 1.230845167877e-02 5.786546396378e-05 1.681534818201e-01 7.122342670676e-07 0
249 5.749508121027e-01 1.447154260762e-02 -1.235000451993e-06 1.235000451993e-06 2.496330570999e-03 4.238916668900e-04 1.935716442025e-02 1.058173726849e-06 1
250 2.017984813732e-01 5.481827478329e-01 -9.015021747653e-08 9.015021747653e-08 1.312693185357e-02 5.499295274071e-05 1.727108758962e-01 7.218887430538e-07 0
251 5.244103084234e-01 2.922994071377e-01 -2.562609988869e-07 2.562609988869e-07 4.672471992216e-03 2.763333382972e-04 2.014012582552e-01 1.291159783709e-06 0
252 5.749428938857e-01 7.215582472968e-02 -1.039261223544e-06 1.039261223544e-06 2.517102398655e-03 3.836030657526e-04 7.768181286798e-02 9.655681969372e-07 1
253 5.755648265546e-01 1.001368335572e-01 -9.356762925293e-07 9.356762925293e-07 2.530679496886e-03 3.954580615805e-04 1.052924939566e-01 1.000777608320e-06 1
254 2.496027136626e-01 5.383437849008e-01 -7.790331661737e-07 7.790331661737e-07 1.529819109695e-02 6.893159474585e-05 1.765933219149e-01 1.054528709040e-06 0
255 4.756406922577e-01 3.794888415674e-01 -3.090617175917e-07 3.090617175917e-07 6.940412128967e-03 1.689462140623e-04 2.014563918806e-01 1.172556353221e-06 0
256 5.250106858613e-01 3.212595602844e-01 -2.035560759756e-07 2.035560759756e-07 5.345715686313e-03 2.276793503555e-04 2.099000986214e-01 1.217109074645e-06 0
257 3.008423570801e-01 5.092314817691e-01 -1.108641681444e-06 1.108641681444e-06 1.320981093256e-02 7.238961791566e-05 1.794654997831e-01 9.562531661462e-07 1
258 3.259677976508e-01 4.947802255180e-01 -1.171919576675e-06 1.171919576675e-06 1.254639597117e-02 7.788113873931e-05 1.815100424031e-01 9.771276053093e-07 1
259 5.683422027672e-01 1.987886799512e-01 -8.112379526626e-07 8.112379526626e-07 3.501277148031e-03 3.625230493361e-04 1.813784779813e-01 1.269293668275e-06 0
260 2.279471939162e-01 5.540937205868e-01 -4.482548218274e-07 4.482548218274e-07 1.375475269936e-02 6.501403464762e-05 1.763362531650e-01 8.942519685655e-07 0
261 5.474003494392e-01 2.470404229273e-01 -4.278975689108e-07 4.278975689108e-07 4.237061797915e-03 3.569800781880e-04 1.960100718150e-01 1.512546651907e-06 0
262 3.758671695595e-01 4.659521483911e-01 -1.081222109067e-06 1.081222109067e-06 1.120747533471e-02 9.440700797186e-05 1.870733168025e-01 1.058064213269e-06 1
263 5.004722884428e-01 3.649535769998e-01 -1.533848060605e-07 1.533848060605e-07 6.514149634666e-03 1.778883400963e-04 2.084260543800e-01 1.158791265650e-06 0
264 4.008238740783e-01 4.515446127337e-01 -9.263216152148e-07 9.263216152148e-07 1.042493393772e-02 1.043348411218e-04 1.907495179014e-01 1.087683826097e-06 1
265 5.788489515985e-01 1.529119510533e-01 -6.316899955250e-07 6.316899955250e-07 2.389243025859e-03 3.939733583697e-04 1.533446618586e-01 9.412980988591e-07 0
266 1.447062832664e-02 5.750597363309e-01 7.119594198901e-07 7.119594198901e-07 9.210387269496e-03 5.190288255219e-05 1.671178673040e-01 4.780456487088e-07 0
267 7.235589989078e-02 5.752778506570e-01 6.496036186358e-07 6.496036186358e-07 1.201042083563e-02 5.284827029569e-05 1.683281621411e-01 6.347299666864e-07 0
268 1.014449342102e-01 5.755209590884e-01 5.651659978885e-07 5.651659978885e-07 1.263368308332e-02 5.371944212911e-05 1.695520759824e-01 6.786744072717e-07 0
269 5.490809056516e-01 2.765152591595e-01 -4.416025726709e-07 4.416025726709e-07 4.648182504053e-03 3.276823986435e-04 2.087127515568e-01 1.523127592261e-06 0
270 1.605831142850e-01 5.766546981054e-01 2.467145378696e-07 2.467145378696e-07 1.513034819824e-02 6.176100655629e-05 1.733580987750e-01 9.344655342705e-07 0
271 4.507191170022e-01 4.227418854233e-01 -4.760886161911e-07 4.760886161911e-07 8.948878193984e-03 1.341119405490e-04 2.002464685627e-01 1.200151420332e-06 0
272 1.872077389414e-01 5.750084540330e-01 1.794049053826e-07 1.794049053826e-07 1.547374337597e-02 5.914177341143e-05 1.752889027584e-01 9.151446245683e-07 0
273 5.865639129274e-01 1.796558587638e-01 -1.033824262449e-07 1.033824262449e-07 2.922444203107e-03 4.197608777452e-04 1.779604385231e-01 1.226727743858e-06 0
274 5.728674478667e-01 2.284254134787e-01 -1.255629420608e-06 1.255629420608e-06 4.620135851053e-03 5.741580001961e-04 2.007818899509e-01 2.652687960875e-06 1
275 5.996286488768e-01 2.881783744225e-02 -1.204710138751e-06 1.204710138751e-06 2.505341499953e-03 4.166277686432e-04 3.606090918743e-02 1.043794838815e-06 1
276 5.993358992132e-01 5.733993001971e-02 -1.155419451391e-06 1.155419451391e-06 2.520856658130e-03 4.454841941071e-04 6.762364596688e-02 1.123001796807e-06 1
277 4.756412780963e-01 4.083098020445e-01 -2.339752149782e-07 2.339752149782e-07 8.262949140539e-03 1.454329178033e-04 2.062537650650e-01 1.201704803169e-06 0
278 5.990589985578e-01 1.130491116411e-01 -7.724122038495e-07 7.724122038495e-07 2.413389578712e-03 4.137906011288e-04 1.262246549673e-01 9.986379245335e-07 0
279 2.762991143418e-01 5.527107677241e-01 -1.068335671475e-06 1.068335671475e-06 1.746000434842e-02 6.303748190407e-05 1.821714433895e-01 1.100634708158e-06 1
280 3.008241045132e-01 5.381169455239e-01 -1.306465681828e-06 1.306465681828e-06 1.684231860934e-02 6.756672692710e-05 1.837148108404e-01 1.137980342297e-06 1
281 3.508060562475e-01 5.092325689064e-01 -1.361044095538e-06 1.361044095538e-06 1.502730660413e-02 7.893757344577e-05 1.882800957366e-01 1.186219118756e-06 1
282 5.991339119439e-01 1.379572078406e-01 -5.746150488402e-07 5.746150488402e-07 2.271501460056e-03 3.425693852843e-04 1.498343863106e-01 7.781468588438e-07 0
283 5.500897182629e-01 3.354365377807e-01 3.631177471103e-07 3.631177471103e-07 5.907904584938e-03 2.950022527944e-04 2.252349944133e-01 1.742845161851e-06 0
284 3.757781240054e-01 4.948067267130e-01 -1.231968606119e-06 1.231968606119e-06 1.412377009972e-02 8.644246077914e-05 1.913238612949e-01 1.220893442898e-06 1
285 5.254078071521e-01 3.792909449140e-01 3.662334810584e-07 3.662334810584e-07 7.188634704597e-03 2.106586635769e-04 2.211462698590e-01 1.514348179813e-06 0
286 4.257091624414e-01 4.659857956276e-01 -7.415832548446e-07 7.415832548446e-07 1.195379959889e-02 1.075440717888e-04 1.992293652871e-01 1.285560282212e-06 0
287 2.305306778199e-01 5.824889523288e-01 -2.863552516358e-07 2.863552516358e-07 1.567811959195e-02 4.366156882144e-05 1.806000322366e-01 6.845312975547e-07 0
288 2.901619795019e-02 6.001846482327e-01 8.118037172341e-07 8.118037172341e-07 1.341059012345e-02 5.060900394797e-05 1.709794702596e-01 6.786966085021e-07 0
289 4.506733129819e-01 4.515755220697e-01 -4.334067582185e-07 4.334067582185e-07 1.088804805989e-02 1.187129092550e-04 2.042591233067e-01 1.292551861298e-06 0
290 5.797613788061e-02 6.003752814626e-01 7.756703035998e-07 7.756703035998e-07 1.383156999510e-02 5.056455840731e-05 1.715778459027e-01 6.993872288821e-07 0
291 5.747082263224e-01 2.904450010660e-01 2.298934731291e-07 2.298934731291e-07 5.149682169371e-03 4.464026485094e-04 2.272359063133e-01 2.298831759389e-06 0
292 1.156934465753e-01 6.007787382131e-01 6.097254077441e-07 6.097254077441e-07 1.559063184436e-02 5.087294240097e-05 1.739087251639e-01 7.931413158128e-07 0
293 1.458257700255e-01 6.020338671092e-01 5.623698658154e-07 5.623698658154e-07 1.672445318606e-02 5.669867852218e-05 1.758753230424e-01 9.482543946557e-07 0
294 2.055430403992e-01 5.947843171505e-01 -1.104531256251e-07 1.104531256251e-07 1.635603047191e-02 5.199377628850e-05 1.797093111759e-01 8.504117893245e-07 0
295 5.503247506300e-01 3.646355583740e-01 4.942950348931e-07 4.942950348931e-07 6.754272899352e-03 2.116204611111e-04 2.301792444902e-01 1.429342345431e-06 0
296 6.246778367740e-01 1.434629483463e-02 -1.324421468437e-06 1.324421468437e-06 2.527184548381e-03 4.684430795502e-04 2.244908314351e-02 1.183842112435e-06 1
297 6.001331370303e-01 2.423032735329e-01 -2.725670115589e-07 2.725670115589e-07 4.856643743605e-03 7.974541528925e-04 2.233027749054e-01 3.872950722457e-06 0
298 5.751166614958e-01 3.204061265405e-01 3.086574654057e-07 3.086574654057e-07 5.692388985532e-03 3.138927537266e-04 2.350769886147e-01 1.786799653951e-06 0
299 6.125378093038e-01 1.789001201121e-01 -1.494489254370e-06 1.494489254370e-06 3.101588318445e-03 7.168321305810e-04 1.907950288502e-01 2.223318162496e-06 1
300 6.233290494037e-01 7.147764367546e-02 -1.041561813668e-06 1.041561813668e-06 2.526625559731e-03 4.526308204574e-04 8.938690890540e-02 1.143628600090e-06 1
301 6.224302160793e-01 9.920581646928e-02 -1.001888991728e-06 1.001888991728e-06 2.532547179565e-03 5.084819576528e-04 1.203495516789e-01 1.287754547713e-06 1
302 5.005621537527e-01 4.227207418497e-01 2.615063256320e-07 2.615063256320e-07 9.139881709293e-03 1.587978413236e-04 2.168688999149e-01 1.451393485388e-06 0
303 2.767405551374e-01 5.813852127367e-01 -1.114752993815e-06 1.114752993815e-06 2.086270965479e-02 5.657665145985e-05 1.859771383660e-01 1.180342252647e-06 1
304 6.196957733195e-01 1.517781285949e-01 -3.137476353672e-07 3.137476353672e-07 2.467911124644e-03 4.401133090344e-04 1.719823595311e-01 1.086160531470e-06 0
305 5.254970866234e-01 4.082371492868e-01 5.243362927996e-07 5.243362927996e-07 8.413516874342e-03 1.643544012386e-04 2.246486403217e-01 1.382798528193e-06 0
306 3.259122427084e-01 5.525156954944e-01 -1.600565729231e-06 1.600565729231e-06 1.989633461281e-02 6.686904129718e-05 1.895762696879e-01 1.330448820887e-06 1
307 3.507687538720e-01 5.380825751281e-01 -1.598295260714e-06 1.598295260714e-06 1.933845286797e-02 7.245151890758e-05 1.920562186978e-01 1.401100283607e-06 1
308 2.526276383619e-01 5.954134616554e-01 -6.738585695945e-07 6.738585695945e-07 2.130318725503e-02 5.110014540560e-05 1.847276872052e-01 1.088595966335e-06 0
309 6.002933592736e-01 2.748480248880e-01 -5.422579050053e-08 5.422579050053e-08 5.128071598535e-03 5.220657455513e-04 2.368309007019e-01 2.677190522330e-06 0
310 4.006845584898e-01 5.092444601695e-01 -1.123191772127e-06 1.123191772127e-06 1.637440079902e-02 8.741715838578e-05 1.985773657513e-01 1.431403588121e-06 1
311 4.256588924071e-01 4.948310647415e-01 -7.641250127987e-07 7.641250127987e-07 1.491834435597e-02 9.652497548993e-05 2.027380426024e-01 1.439992823311e-06 0
312 1.454556962355e-02 6.251249119017e-01 9.166336655398e-07 9.166336655398e-07 1.258200549130e-02 4.890062431547e-05 1.742447781600e-01 6.152679236651e-07 0
313 6.273884426206e-01 2.273677896489e-01 -1.264610538227e-07 1.264610538227e-07 4.792117984084e-03 8.264036936827e-04 2.316401088364e-01 3.960224002610e-06 0
314 6.313635727087e-01 1.972003918199e-01 -5.334431093378e-07 5.334431093378e-07 3.702583208150e-03 7.490076430630e-04 2.148328577608e-01 2.773263121981e-06 0
315 7.265690814747e-02 6.255311066951e-01 8.655814966392e-07 8.655814966392e-07 1.647110418085e-02 4.897805427812e-05 1.754089375093e-01 8.067226345904e-07 0
316 2.034200599428e-01 6.209291782873e-01 1.712182452213e-08 1.712182452213e-08 2.298649319128e-02 5.084241654737e-05 1.827689220814e-01 1.168688861794e-06 0
317 4.756059570225e-01 4.660119807718e-01 5.459927228865e-08 5.459927228865e-08 1.210869240324e-02 1.232942048259e-04 2.132010600385e-01 1.492931601338e-06 0
318 1.012851825227e-01 6.256914550142e-01 7.674291077735e-07 7.674291077735e-07 1.731096388348e-02 4.787933955225e-05 1.765188683667e-01 8.288375177539e-07 0
319 1.568831462588e-01 6.262852189822e-01 3.438387107410e-07 3.438387107410e-07 1.893475598074e-02 4.549881360567e-05 1.797471220740e-01 8.615089330367e-07 0
320 5.753731027974e-01 3.790752149692e-01 1.139633834395e-06 1.139633834395e-06 7.315834357598e-03 2.721430054194e-04 2.433288179646e-01 1.990953149227e-06 0
321 6.490997572494e-01 2.882087092126e-02 -1.198908473915e-06 1.198908473915e-06 2.522687414791e-03 4.668944084948e-04 4.174402561188e-02 1.177828648346e-06 1
322 5.005726366992e-01 4.515892839306e-01 4.231564718539e-07 4.231564718539e-07 1.093156700200e-02 1.332769583522e-04 2.196913947094e-01 1.456926000051e-06 0
323 6.480437195426e-01 5.743012718463e-02 -1.172639932968e-06 1.172639932968e-06 2.552270869595e-03 5.204998182252e-04 7.808065461753e-02 1.328456523686e-06 1
324 6.003742487204e-01 3.349574818172e-01 9.824732459474e-07 9.824732459474e-07 6.099858754477e-03 4.265018168217e-04 2.510735107494e-01 2.601600841140e-06 0
325 6.424220088677e-01 1.414045110194e-01 -9.112725078302e-07 9.112725078302e-07 2.655098077664e-03 6.803644516355e-04 1.726984530524e-01 1.806434347649e-06 1
326 6.452313650137e-01 1.137402950933e-01 -7.874023103059e-07 7.874023103059e-07 2.634278368958e-03 5.676864532252e-04 1.447860214817e-01 1.495444144082e-06 0
327 1.817706091061e-01 6.341347539214e-01 2.350484624916e-07 2.350484624916e-07 2.009109331172e-02 5.084423572255e-05 1.824906496341e-01 1.021516284265e-06 0
328 3.013286256870e-01 5.955733164808e-01 -1.545162077439e-06 1.545162077439e-06 2.536020963090e-02 5.659681604736e-05 1.909378848120e-01 1.435307119403e-06 1
329 3.259753230866e-01 5.812976214388e-01 -1.849952460790e-06 1.849952460790e-06 2.551429714758e-02 6.112337803517e-05 1.929546163745e-01 1.559520029853e-06 1
330 5.504737611637e-01 4.226714692239e-01 1.152954263483e-06 1.152954263483e-06 9.140082226845e-03 1.890380521428e-04 2.355407235168e-01 1.727823340588e-06 0
331 3.757039131235e-01 5.525043798239e-01 -1.605342639173e-06 1.605342639173e-06 2.214474158268e-02 7.215298667777e-05 1.982965486060e-01 1.597809244398e-06 1
332 4.006476499834e-01 5.380921070587e-01 -1.255783789757e-06 1.255783789757e-06 2.110380616710e-02 7.897047355370e-05 2.017221570212e-01 1.666577566802e-06 1
333 6.259767752187e-01 2.900175748808e-01 5.765643264197e-07 5.765643264197e-07 5.269165887708e-03 6.855536739901e-04 2.563537938225e-01 3.612296033182e-06 0
334 6.003956576550e-01 3.644275496527e-01 1.117654879675e-06 1.117654879675e-06 6.854621118195e-03 2.829716335631e-04 2.541922132649e-01 1.939663335272e-06 0
335 2.525821561475e-01 6.234957769057e-01 -6.863633300859e-07 6.863633300859e-07 2.574330145308e-02 4.873741530273e-05 1.879784970701e-01 1.254661974182e-06 0
336 4.506007979822e-01 5.092716085374e-01 -2.724932448620e-07 2.724932448620e-07 1.666143952653e-02 9.751796434618e-05 2.103474560053e-01 1.624789665704e-06 0
337 5.754328338598e-01 4.081649214463e-01 1.298418688470e-06 1.298418688470e-06 8.417449264808e-03 1.888302781807e-04 2.450278245042e-01 1.589469286246e-06 0
338 2.926560003031e-02 6.503379838137e-01 1.022372657025e-06 1.022372657025e-06 1.779038484270e-02 4.772676538915e-05 1.775493181444e-01 8.490775235703e-07 0
339 2.283622151490e-01 6.367161287159e-01 -1.957172413906e-07 1.957172413906e-07 2.726042362232e-02 4.685345268219e-05 1.869042358625e-01 1.277244968285e-06 0
340 4.755837120571e-01 4.948627981256e-01 1.979257732581e-07 1.979257732581e-07 1.483128150777e-02 1.074605550000e-04 2.156971379167e-01 1.593777742186e-06 0
341 5.841699862381e-02 6.505535453771e-01 1.000654129950e-06 1.000654129950e-06 1.845084995643e-02 4.749860648710e-05 1.781160297624e-01 8.763896614329e-07 0
342 1.160721320749e-01 6.502895478242e-01 7.830101791387e-07 7.830101791387e-07 1.949123016125e-02 4.534101701195e-05 1.802145040384e-01 8.837521983251e-07 0
343 6.256492294922e-01 3.201659063355e-01 7.940007234483e-07 7.940007234483e-07 5.774226784002e-03 4.884653473036e-04 2.625492880965e-01 2.820509691457e-06 0
344 6.533921967094e-01 2.453732125684e-01 -4.563292188831e-08 4.563292188831e-08 4.520064022570e-03 9.453086812730e-04 2.559530279725e-01 4.272855760445e-06 0
345 1.415377723609e-01 6.496281828960e-01 4.893315925819e-07 4.893315925819e-07 1.838375441951e-02 4.032878510129e-05 1.815091337160e-01 7.413944813393e-07 0
346 6.602678292693e-01 1.859829025941e-01 -7.977603590725e-07 7.977603590725e-07 3.392336093500e-03 9.314503403902e-04 2.218449015222e-01 3.159792609008e-06 0
347 6.744219204754e-01 1.447457608663e-02 -1.219976257246e-06 1.219976257246e-06 2.511018749066e-03 4.742871506575e-04 2.590818036649e-02 1.190943927742e-06 1
348 5.255330860623e-01 4.660315993444e-01 1.067626082031e-06 1.067626082031e-06 1.189302141840e-02 1.409564772352e-04 2.288214085687e-01 1.676398402821e-06 0
349 6.641683014127e-01 1.573090133109e-01 -5.164862182072e-07 5.164862182072e-07 2.922032521653e-03 8.081588316275e-04 1.983838654115e-01 2.361466388676e-06 0
350 6.518203070641e-01 2.754782464451e-01 4.330455130408e-07 4.330455130408e-07 4.888409734669e-03 8.049071793674e-04 2.669176344569e-01 3.934716091125e-06 0
351 6.718632914392e-01 7.224145109583e-02 -9.842195469309e-07 9.842195469309e-07 2.586534080615e-03 5.740788349480e-04 1.027090020879e-01 1.484874471553e-06 1
352 6.699497702347e-01 1.008234462107e-01 -1.024522062189e-06 1.024522062189e-06 2.666452610522e-03 6.946994905068e-04 1.384130494670e-01 1.852383269990e-06 1
353 5.504992776561e-01 4.515973772006e-01 1.343315948711e-06 1.343315948711e-06 1.074268182573e-02 1.468235801220e-04 2.367660765212e-01 1.577279005765e-06 1
354 3.013293821617e-01 6.241825069093e-01 -1.698607947581e-06 1.698607947581e-06 3.123818567657e-02 5.203379173542e-05 1.939294513547e-01 1.625441247687e-06 1
355 3.508196150696e-01 5.956931224532e-01 -2.015277502759e-06 2.015277502759e-06 2.819744943479e-02 6.034719923259e-05 1.983241513200e-01 1.701637098892e-06 1
356 1.817462299312e-01 6.622331742456e-01 3.552547532172e-07 3.552547532172e-07 2.228172021198e-02 3.528151760743e-05 1.856128708962e-01 7.861329039830e-07 0
357 3.756916939430e-01 5.813330012047e-01 -1.871310261201e-06 1.871310261201e-06 2.982001304522e-02 6.535774587956e-05 2.011457086228e-01 1.948968834735e-06 1
358 2.766958293976e-01 6.380767184155e-01 -1.080818246638e-06 1.080818246638e-06 3.347503270839e-02 4.895211889689e-05 1.922467573238e-01 1.638673781218e-06 1
359 4.255918998107e-01 5.525277631579e-01 -7.577774541549e-07 7.577774541549e-07 2.311314689445e-02 7.845818037546e-05 2.082553402532e-01 1.813415448089e-06 0
360 4.505707138923e-01 5.381206600645e-01 -1.854503263957e-07 1.854503263957e-07 2.104004392062e-02 8.641237090909e-05 2.126587751600e-01 1.818120079212e-06 0
361 6.254019921475e-01 3.790340222655e-01 1.577289143578e-06 1.577289143578e-06 7.264081870180e-03 3.577203602259e-04 2.667553032533e-01 2.598509983311e-06 1
362 1.472003040676e-02 6.752130719119e-01 1.105369965155e-06 1.105369965155e-06 1.610287387619e-02 4.609768174164e-05 1.802761840609e-01 7.423051550704e-07 0
363 6.004034544703e-01 4.226572378807e-01 1.776244472790e-06 1.776244472790e-06 8.987481163831e-03 2.253004726820e-04 2.555296390349e-01 2.024883754432e-06 1
364 2.274631365648e-01 6.647565816500e-01 5.906472476560e-08 5.906472476560e-08 3.054846267949e-02 4.421634405455e-05 1.897083706783e-01 1.350741336174e-06 0
365 1.574318125678e-01 6.705537717921e-01 5.335753100429e-07 5.335753100429e-07 2.248177943187e-02 3.662102790599e-05 1.848015439153e-01 8.233058719508e-07 0
366 7.366721949007e-02 6.759592228800e-01 1.137031185313e-06 1.137031185313e-06 2.145713860894e-02 4.712654237233e-05 1.814199565022e-01 1.011200751843e-06 0
367 1.026940785659e-01 6.755348770079e-01 1.067669667477e-06 1.067669667477e-06 2.282981717444e-02 4.617728835500e-05 1.824165188653e-01 1.054219050756e-06 0
368 6.798816061778e-01 2.320122126564e-01 5.843419461807e-08 5.843419461807e-08 4.040467562978e-03 1.078001599390e-03 2.636251689526e-01 4.355630495175e-06 0
369 6.827821086497e-01 2.027893005112e-01 -4.077984015891e-07 4.077984015891e-07 3.571511129148e-03 1.093036107929e-03 2.462778609384e-01 3.903790624029e-06 0
370 5.005429734201e-01 5.093086611039e-01 9.052405128862e-07 9.052405128862e-07 1.612854130214e-02 1.087740459843e-04 2.234507406493e-01 1.754366693260e-06 0
371 6.507016149965e-01 3.350974147414e-01 1.187912197246e-06 1.187912197246e-06 6.013029280860e-03 5.952809398560e-04 2.776017111386e-01 3.579441721692e-06 0
372 2.024966021837e-01 6.770680515456e-01 4.774475059312e-07 4.774475059312e-07 3.200866095235e-02 4.208278412969e-05 1.887311422624e-01 1.347013569138e-06 0
373 5.255256677486e-01 4.949001591639e-01 1.287379003824e-06 1.287379003824e-06 1.427322649718e-02 1.180259792090e-04 2.299925557641e-01 1.684611533801e-06 0
374 6.987690457618e-01 2.923274473091e-02 -1.006538606797e-06 1.006538606797e-06 2.486912355598e-03 5.172880664054e-04 4.760044042841e-02 1.286450083747e-06 1
375 6.253500579004e-01 4.081740040164e-01 1.677185613944e-06 1.677185613944e-06 8.260875576186e-03 2.395822908578e-04 2.662559140379e-01 1.979159495033e-06 1
376 6.972664544324e-01 5.839036347673e-02 -9.952860258324e-07 9.952860258324e-07 2.549541910005e-03 5.907327199822e-04 8.907542516512e-02 1.506097827206e-06 1
377 6.901509121405e-01 1.452313610514e-01 -8.521901215893e-07 8.521901215893e-07 2.904671616418e-03 9.691491244186e-04 1.972029800026e-01 2.815059953776e-06 1
378 6.931230248166e-01 1.164100098773e-01 -7.159402426513e-07 7.159402426513e-07 2.756751275288e-03 8.271501630153e-04 1.651687984758e-01 2.280247266747e-06 0
379 6.766957554804e-01 2.911489771265e-01 5.946272820999e-07 5.946272820999e-07 4.974955030952e-03 9.088886935128e-04 2.847154390212e-01 4.521680378367e-06 0
380 6.504329687172e-01 3.644954628359e-01 1.338596153066e-06 1.338596153066e-06 6.741882537082e-03 4.161997826642e-04 2.785398898654e-01 2.805970046681e-06 0
381 5.754604791460e-01 4.660581565446e-01 1.851314861817e-06 1.851314861817e-06 1.149563251076e-02 1.587319724640e-04 2.456297879490e-01 1.824724423154e-06 1
382 3.259522796459e-01 6.386843922891e-01 -1.998592590467e-06 1.998592590467e-06 3.698309422489e-02 5.127993978656e-05 1.985554079896e-01 1.896490844973e-06 1
383 3.507958151542e-01 6.244707028751e-01 -2.328406304337e-06 2.328406304337e-06 3.980198865273e-02 5.482794485323e-05 2.009018098642e-01 2.182261238901e-06 1
384 4.006083838576e-01 5.957660198829e-01 -1.382996118568e-06 1.382996118568e-06 2.997223338925e-02 6.418669628375e-05 2.067887251825e-01 1.923818641501e-06 1
385 6.004055832641e-01 4.516245650023e-01 1.888502177940e-06 1.888502177940e-06 1.040750374609e-02 1.636538901651e-04 2.547940165701e-01 1.703228474955e-06 1
386 4.255648528655e-01 5.813730546014e-01 -7.991354214810e-07 7.991354214810e-07 3.081539164929e-02 7.004753494186e-05 2.104274845365e-01 2.158542223300e-06 0
387 2.763387267712e-01 6.665867501580e-01 -9.484666605181e-07 9.484666605181e-07 3.592219016961e-02 4.579616087242e-05 1.948642702665e-01 1.645098399897e-06 1
388 4.755294976489e-01 5.525651109992e-01 6.536539638553e-07 6.536539638553e-07 2.252372045256e-02 8.557134578692e-05 2.193211293068e-01 1.927385071254e-06 0
389 6.759046091393e-01 3.206198139680e-01 9.132508499335e-07 9.132508499335e-07 5.564209976295e-03 7.179450952900e-04 2.890733285483e-01 3.994797261645e-06 0
390 2.513259749368e-01 6.800462615822e-01 -1.803128664085e-07 1.803128664085e-07 4.276594823670e-02 4.415298198908e-05 1.934167670582e-01 1.888244142241e-06 0
391 1.495058922330e-01 6.976900547129e-01 1.446871885352e-06 1.446871885352e-06 3.358633772774e-02 5.120789520545e-05 1.869905301210e-01 1.719885662697e-06 1
392 2.955086129837e-02 7.005425012117e-01 1.197793682583e-06 1.197793682583e-06 2.208793667850e-02 4.487171566544e-05 1.830595883101e-01 9.911236142739e-07 0
393 5.005188431018e-01 5.381619224503e-01 1.148285343189e-06 1.148285343189e-06 1.978926768312e-02 9.418703548444e-05 2.246971438053e-01 1.863892457481e-06 0
394 5.934665178817e-02 7.010730906163e-01 1.221487052286e-06 1.221487052286e-06 2.308420199978e-02 4.547618486547e-05 1.836345266278e-01 1.049781437614e-06 0
395 1.202337985171e-01 7.020097950005e-01 1.381730637378e-06 1.381730637378e-06 2.758708057404e-02 5.157572916499e-05 1.858629527815e-01 1.422823796140e-06 1
396 7.036301107142e-01 2.480812293207e-01 -3.007620689698e-08 3.007620689698e-08 4.024247937892e-03 1.170935191002e-03 2.835464883596e-01 4.712133527797e-06 0
397 7.093231925407e-01 1.905287587911e-01 -3.178537213113e-07 3.178537213113e-07 3.271711251911e-03 1.191820570904e-03 2.487421988261e-01 3.899292772087e-06 0
398 7.020161496621e-01 2.771129599140e-01 5.419447403183e-07 5.419447403183e-07 4.529298771212e-03 1.053646102673e-03 2.936067446245e-01 4.772277998131e-06 0
399 5.504853158382e-01 5.093537253892e-01 1.864060223297e-06 1.864060223297e-06 1.525932999247e-02 1.199332910034e-04 2.375682138018e-01 1.830101664505e-06 1
400 7.127915238882e-01 1.616447086146e-01 -4.471377293631e-07 4.471377293631e-07 3.044777921024e-03 1.150374993472e-03 2.231666984709e-01 3.502636381023e-06 0
401 7.243471252864e-01 1.475816864428e-02 -8.525950910788e-07 8.525950910788e-07 2.410132616063e-03 4.256366549369e-04 2.917068377435e-02 1.025840784655e-06 1
402 2.003508585631e-01 7.056679615579e-01 9.386513133591e-07 9.386513133591e-07 3.651638999391e-02 4.315873189297e-05 1.911623557348e-01 1.576001085446e-06 0
403 5.754539356418e-01 4.949459449137e-01 2.000112729433e-06 2.000112729433e-06 1.355240255672e-02 1.276649748375e-04 2.451761290579e-01 1.730167131391e-06 1
404 6.502210519159e-01 4.227201946202e-01 1.740769433845e-06 1.740769433845e-06 8.678489278076e-03 2.666365927412e-04 2.754137638120e-01 2.314002811248e-06 1
405 7.213952688941e-01 7.383000595412e-02 -7.476448987317e-07 7.476448987317e-07 2.564197209505e-03 7.223696311919e-04 1.155787454450e-01 1.852298192533e-06 0
406 7.191653604828e-01 1.032676572398e-01 -7.994372653597e-07 7.994372653597e-07 2.713175276134e-03 8.820339248063e-04 1.558794225229e-01 2.393112637495e-06 0
407 6.752386687637e-01 3.792058165406e-01 1.363530105733e-06 1.363530105733e-06 7.041161032446e-03 4.587331811338e-04 2.891364995772e-01 3.230014199289e-06 1
408 3.258133871155e-01 6.674191202027e-01 -2.085567708799e-06 2.085567708799e-06 4.889635483367e-02 4.696505428765e-05 2.008655198820e-01 2.296419959232e-06 1
409 3.756373580542e-01 6.389434006939e-01 -1.908923689014e-06 1.908923689014e-06 3.788048261206e-02 5.340251276798e-05 2.057946981524e-01 2.022912956348e-06 1
410 3.008333870048e-01 6.814272665654e-01 -1.249422611967e-06 1.249422611967e-06 5.373759609447e-02 4.476866149739e-05 1.988789875556e-01 2.405760249236e-06 1
411 1.716745659758e-01 7.179693671786e-01 1.599111829597e-06 1.599111829597e-06 3.875247666235e-02 5.157553513731e-05 1.901965811108e-01 1.998679721757e-06 1
412 4.005778478842e-01 6.245988389502e-01 -1.608526669065e-06 1.608526669065e-06 4.546672431153e-02 5.755686247474e-05 2.088259319269e-01 2.616921998376e-06 1
413 4.505145993316e-01 5.958163092958e-01 2.617891921313e-07 2.617891921313e-07 3.055691067129e-02 6.846705167354e-05 2.162043793941e-01 2.092141581915e-06 0
414 4.755004300335e-01 5.814154687871e-01 8.733164129041e-07 8.733164129041e-07 2.843182443590e-02 7.515879386103e-05 2.206467409930e-01 2.136901631871e-06 0
415 6.253275092774e-01 4.661056546051e-01 1.996496895602e-06 1.996496895602e-06 1.096903152177e-02 1.741287446080e-04 2.627484208163e-01 1.910023688452e-06 1
416 7.005768306662e-01 3.355621578584e-01 8.553431667322e-07 8.553431667322e-07 5.769715163006e-03 7.660482028866e-04 3.013196846524e-01 4.419879931788e-06 0
417 2.504758377220e-01 7.087654192572e-01 2.875319660429e-07 2.875319660429e-07 4.094323029519e-02 4.205903001871e-05 1.957053293632e-01 1.722032552048e-06 0
418 6.750786862095e-01 4.082905665740e-01 1.409341549038e-06 1.409341549038e-06 7.957069090704e-03 3.223481550908e-04 2.864345477058e-01 2.564946541319e-06 1
419 1.483083089160e-02 7.253294292998e-01 1.252092389524e-06 1.252092389524e-06 1.945675769540e-02 4.322734974857e-05 1.852844435898e-01 8.410640698721e-07 0
420 1.060947331909e-01 7.280079240927e-01 1.826359709048e-06 1.826359709048e-06 3.269146027705e-02 5.139586993463e-05 1.876184391887e-01 1.680206040373e-06 1
421 7.423444553785e-02 7.266468738364e-01 1.361421988753e-06 1.361421988753e-06 2.704375573195e-02 4.379411955329e-05 1.864047958554e-01 1.184357471695e-06 1
422 6.501963744991e-01 4.516845180873e-01 1.747211963184e-06 1.747211963184e-06 9.933846791469e-03 1.934995690651e-04 2.725765739262e-01 1.922195073308e-06 1
423 5.254790711413e-01 5.526122582450e-01 1.866324164459e-06 1.866324164459e-06 2.104395137610e-02 9.297159216214e-05 2.312517169915e-01 1.956489664819e-06 1
424 2.244672557294e-01 7.220756493372e-01 9.182879492190e-07 9.182879492190e-07 4.791093479469e-02 4.230755531593e-05 1.944327742670e-01 2.026994524064e-06 0
425 7.287247596493e-01 2.351072908645e-01 3.576876395696e-07 3.576876395696e-07 3.560652629985e-03 1.234182607592e-03 2.875899643274e-01 4.394495547603e-06 0
426 7.315173390038e-01 2.067777324801e-01 -3.471564025922e-07 3.471564025922e-07 3.225125335477e-03 1.296095968442e-03 2.701884822005e-01 4.180071945030e-06 0
427 5.504628495493e-01 5.382125631239e-01 2.067670896203e-06 2.067670896203e-06 1.830104433561e-02 1.015703158126e-04 2.375195423942e-01 1.858842852869e-06 1
428 7.001795365699e-01 3.647501123364e-01 1.008935592287e-06 1.008935592287e-06 6.503200883171e-03 5.713589930696e-04 3.003676852026e-01 3.715662308338e-06 0
429 7.261293668597e-01 2.921220316573e-01 2.400637703158e-07 2.400637703158e-07 4.611543549401e-03 1.090334531065e-03 3.074550934273e-01 5.028125173421e-06 0
430 7.396824381585e-01 1.493663142408e-01 -5.474122399490e-07 5.474122399490e-07 2.993313639775e-03 1.220734228104e-03 2.183884522201e-01 3.654040415526e-06 0
431 7.488866913896e-01 2.984836030289e-02 -6.103905746500e-07 6.103905746500e-07 2.352313405695e-03 5.453958600837e-04 5.250110599905e-02 1.282941993086e-06 0
432 7.474374263267e-01 5.976257886690e-02 -5.695563074264e-07 5.695563074264e-07 2.451152264838e-03 6.357069580800e-04 9.849167221379e-02 1.558214550071e-06 0
433 7.430841620771e-01 1.198106140402e-01 -4.151812710074e-07 4.151812710074e-07 2.808314054538e-03 1.090356703497e-03 1.832604725800e-01 3.062064054891e-06 0
434 6.003932403385e-01 5.094088993596e-01 2.161731547057e-06 2.161731547057e-06 1.426773777187e-02 1.288155610438e-04 2.521329351506e-01 1.837906645909e-06 1
435 7.254811942049e-01 3.211003927601e-01 6.711560914718e-07 6.711560914718e-07 5.303497157678e-03 9.123382147677e-04 3.107536484153e-01 4.838583128862e-06 0
436 3.505914624294e-01 6.820257203054e-01 -1.836658144176e-06 1.836658144176e-06 6.345093280222e-02 4.534437574952e-05 2.051264601547e-01 2.877142938642e-06 1
437 3.755718978599e-01 6.677636902106e-01 -2.164877968246e-06 2.164877968246e-06 6.766878454649e-02 4.811099631040e-05 2.076839157490e-01 3.255612643646e-06 1
438 6.253217098560e-01 4.950022005933e-01 2.003614080660e-06 2.003614080660e-06 1.274572740250e-02 1.384523344766e-04 2.604881294173e-01 1.764675713478e-06 1
439 1.693776927467e-01 7.482449812916e-01 1.992826474829e-06 1.992826474829e-06 4.241143777411e-02 4.868745419002e-05 1.924492127025e-01 2.064904933760e-06 1
440 4.255026485637e-01 6.390547731151e-01 -2.924076391341e-07 2.924076391341e-07 3.933635183289e-02 5.569090747922e-05 2.138672288570e-01 2.190677130496e-06 0
441 4.504829310031e-01 6.246652087423e-01 3.222033469673e-07 3.222033469673e-07 4.199384237585e-02 6.054492247889e-05 2.175716706432e-01 2.542513931237e-06 0
442 3.004962326541e-01 7.102207338324e-01 -8.399034034064e-07 8.399034034064e-07 5.613664208105e-02 4.147068042649e-05 2.009294888843e-01 2.328024743960e-06 0
443 5.004603766869e-01 5.958637137003e-01 1.863404481204e-06 1.863404481204e-06 2.950597671915e-02 7.313011683771e-05 2.263755674816e-01 2.157775524882e-06 1
444 2.751514352056e-01 7.240993751000e-01 1.117423897717e-07 1.117423897717e-07 6.640611808866e-02 4.052487687538e-05 1.992169327702e-01 2.691099759315e-06 0
445 6.997302404337e-01 4.228600561818e-01 1.040812796564e-06 1.040812796564e-06 8.259570948664e-03 3.050918827533e-04 2.932356482403e-01 2.519928051462e-06 0
446 5.254496723418e-01 5.814636917071e-01 2.123329394183e-06 2.123329394183e-06 2.549181025341e-02 8.040982440557e-05 2.315601474979e-01 2.049791986257e-06 1
447 2.965910668685e-02 7.507057352443e-01 1.306863995798e-06 1.306863995798e-06 2.576034197889e-02 4.182852763084e-05 1.875724357052e-01 1.077517176244e-06 0
448 5.926693084329e-02 7.514925903763e-01 1.324812295385e-06 1.324812295385e-06 2.688776077483e-02 4.136435039821e-05 1.881175705890e-01 1.112194758113e-06 0
449 1.181177110927e-01 7.534970575535e-01 1.165696259105e-06 1.165696259105e-06 2.800176269415e-02 4.144634304486e-05 1.901830542775e-01 1.160570662482e-06 0
450 6.750315546028e-01 4.661564847151e-01 1.404266124467e-06 1.404266124467e-06 1.032417769070e-02 1.847059353359e-04 2.788921377595e-01 1.906936896935e-06 1
451 2.233977663380e-01 7.514094894622e-01 1.542645593117e-06 1.542645593117e-06 4.586175954624e-02 4.097142686977e-05 1.964591745574e-01 1.879021727368e-06 1
452 7.515797355149e-01 2.499350551316e-01 -2.478521359692e-07 2.478521359692e-07 3.496894505393e-03 1.238059617491e-03 3.026682609630e-01 4.329363873754e-06 0
453 7.505983037774e-01 2.779180653311e-01 5.528791598077e-07 5.528791598077e-07 4.099983759183e-03 1.195013990700e-03 3.124627666442e-01 4.899537953866e-06 0
454 1.452808979128e-01 7.625299989847e-01 1.615115599567e-06 1.615115599567e-06 3.490866932419e-02 4.722402959397e-05 1.921108542382e-01 1.648528033251e-06 1
455 5.754059474613e-01 5.526660353324e-01 2.305990024362e-06 2.305990024362e-06 1.920648027644e-02 9.958278190813e-05 2.436538750288e-01 1.912634736591e-06 1
456 7.573671183009e-01 1.954598959882e-01 1.171167773964e-07 1.171167773964e-07 2.956465736501e-03 1.278408486143e-03 2.688560051362e-01 3.779570886535e-06 0
457 7.247407489715e-01 3.795147115091e-01 6.624228399647e-07 6.624228399647e-07 6.767064040673e-03 5.490378491672e-04 3.077572088723e-01 3.715374286068e-06 0
458 7.620638861081e-01 1.669325279255e-01 -9.972551209792e-08 9.972551209792e-08 3.068184885666e-03 1.394969765014e-03 2.428244611915e-01 4.280025148976e-06 0
459 6.003677184469e-01 5.382701520436e-01 2.192360414177e-06 2.192360414177e-06 1.677551151187e-02 1.082636020228e-04 2.506186237970e-01 1.816177302051e-06 1
460 1.969844959426e-01 7.652774157958e-01 1.922503620737e-06 1.922503620737e-06 4.794406971213e-02 4.214123445148e-05 1.954341470874e-01 2.020422282297e-06 1
461 7.745395661031e-01 1.509019165860e-02 -3.140441420531e-07 3.140441420531e-07 2.203771280759e-03 3.520266790527e-04 3.151925980005e-02 7.757862853574e-07 0
462 6.997077862438e-01 4.517616508558e-01 9.893916435466e-07 9.893916435466e-07 9.297045589294e-03 2.322728847935e-04 2.885338194610e-01 2.159451599082e-06 0
463 7.702602906923e-01 1.063952381178e-01 -3.391687080928e-07 3.391687080928e-07 2.717200847430e-03 1.050306010422e-03 1.696918967265e-01 2.853892381579e-06 0
464 7.723836465305e-01 7.578485423021e-02 -3.562297543231e-07 3.562297543231e-07 2.446948611373e-03 8.358195214679e-04 1.253696589101e-01 2.045207417414e-06 0
465 7.501094162458e-01 3.358086910153e-01 3.130324488324e-07 3.130324488324e-07 5.569427625916e-03 9.008215639986e-04 3.189928879664e-01 5.017060504555e-06 0
466 7.244514353895e-01 4.085399053211e-01 6.485332312218e-07 6.485332312218e-07 7.625959983344e-03 4.012729139507e-04 3.033225880122e-01 3.060091184188e-06 0
467 3.504539845318e-01 7.108632935909e-01 -1.704440173227e-06 1.704440173227e-06 9.656249788772e-02 4.112056654524e-05 2.068513988410e-01 3.970704620166e-06 1
468 4.004700427026e-01 6.822674527194e-01 -8.081564729256e-07 8.081564729256e-07 6.856081220650e-02 4.607550641206e-05 2.121045541687e-01 3.158974142437e-06 0
469 3.253387548671e-01 7.250501607553e-01 -8.435059313281e-07 8.435059313281e-07 9.806285769260e-02 3.952678618757e-05 2.046588764670e-01 3.876109608958e-06 0
470 4.254603035764e-01 6.679030973677e-01 -5.109142562684e-07 5.109142562684e-07 6.853303654450e-02 4.944335068182e-05 2.152302860593e-01 3.388502959160e-06 0
471 6.502332202928e-01 5.094727150495e-01 1.714714673187e-06 1.714714673187e-06 1.324092317942e-02 1.331136933228e-04 2.663133657859e-01 1.762548187416e-06 1
472 4.754371617754e-01 6.391160960767e-01 1.753698513813e-06 1.753698513813e-06 4.059727288426e-02 5.832479424750e-05 2.226167442388e-01 2.367827587984e-06 1
473 5.004287767573e-01 6.247154415435e-01 2.069739854725e-06 2.069739854725e-06 3.551483970453e-02 6.384191197460e-05 2.269456221145e-01 2.267335270209e-06 1
474 2.746819312594e-01 7.531185268518e-01 8.627639173844e-07 8.627639173844e-07 5.995951342901e-02 3.798374245440e-05 2.010260040584e-01 2.277486715779e-06 0
475 6.750741998180e-01 4.950481356891e-01 1.329352270947e-06 1.329352270947e-06 1.193037651729e-02 1.525766670173e-04 2.748897052392e-01 1.820297085269e-06 0
476 7.497662651087e-01 3.650350552862e-01 3.643058619595e-07 3.643058619595e-07 6.277271679618e-03 6.896480662119e-04 3.169206493908e-01 4.329108274935e-06 0
477 1.482827579525e-02 7.753763059444e-01 1.320535649997e-06 1.320535649997e-06 2.189158896610e-02 4.044222279850e-05 1.893314652375e-01 8.853445183802e-07 0
478 5.504009606489e-01 5.959117649134e-01 2.500623627321e-06 2.500623627321e-06 2.684724555098e-02 7.780808554398e-05 2.370114829359e-01 2.088932778451e-06 1
479 2.489368443844e-01 7.671184111339e-01 1.444491054644e-06 1.444491054644e-06 6.185231514792e-02 3.809145516332e-05 1.995472599136e-01 2.356044689204e-06 1
480 7.402090832385e-02 7.768120171057e-01 1.315480842220e-06 1.315480842220e-06 2.781198556008e-02 3.968797123336e-05 1.903657669091e-01 1.103801282851e-06 0
481 1.010114009201e-01 7.774554340267e-01 1.041335634826e-06 1.041335634826e-06 2.633571709689e-02 3.521422213795e-05 1.912333349426e-01 9.273917920122e-07 0
482 5.753734573604e-01 5.815138036597e-01 2.382234593350e-06 2.382234593350e-06 2.280717187088e-02 8.540754041932e-05 2.428063890959e-01 1.947904453412e-06 1
483 7.735003086124e-01 2.376071178514e-01 9.295420163160e-07 9.295420163160e-07 2.779070427476e-03 1.099351241628e-03 3.018843146791e-01 3.055174525019e-06 0
484 7.764951120439e-01 2.114615170923e-01 -4.475280298590e-07 4.475280298590e-07 2.613922042556e-03 1.189824401397e-03 2.855645630449e-01 3.110108229582e-06 0
485 7.745350393118e-01 2.919272126836e-01 -7.533645756317e-08 7.533645756317e-08 4.322249351407e-03 1.169541074461e-03 3.215688335967e-01 5.055048150534e-06 0
486 1.448914322735e-01 7.945304855361e-01 1.594814552893e-06 1.594814552893e-06 3.615294690259e-02 3.862608603728e-05 1.942052559606e-01 1.396446837561e-06 1
487 7.917645852353e-01 1.558195404587e-01 -4.832232794002e-07 4.832232794002e-07 3.281358132755e-03 1.458036542187e-03 2.347993215620e-01 4.784340065560e-06 0
488 7.746943244350e-01 3.208394772651e-01 4.332001465727e-07 4.332001465727e-07 5.154175776148e-03 1.016518203489e-03 3.247716049142e-01 5.239313500438e-06 0
489 6.252626932665e-01 5.527226622346e-01 1.925539855186e-06 1.925539855186e-06 1.726264519051e-02 1.038392051457e-04 2.559636160596e-01 1.792539355295e-06 1
490 7.965592659009e-01 1.248379508516e-01 2.565985827643e-07 2.565985827643e-07 2.901582750608e-03 1.363152926603e-03 1.970633501023e-01 3.955301018271e-06 0
491 1.964760439019e-01 7.953906227100e-01 2.115201597338e-06 2.115201597338e-06 4.740285607523e-02 3.949665185682e-05 1.972372546880e-01 1.872254103422e-06 1
492 7.995189874626e-01 3.033284956308e-02 -1.518847354382e-07 1.518847354382e-07 2.102647226608e-03 5.257510335707e-04 5.508982339513e-02 1.105468952624e-06 0
493 7.988123329530e-01 6.111329357067e-02 -8.020670567154e-09 8.020670567154e-09 2.253894322056e-03 6.520006511968e-04 1.041256521997e-01 1.469540565709e-06 0
494 7.242851862449e-01 4.660715613928e-01 3.550620754352e-07 3.550620754352e-07 9.493783733175e-03 1.852553614075e-04 2.926095617990e-01 1.758774336614e-06 0
495 6.501997255950e-01 5.383319240068e-01 1.594143419706e-06 1.594143419706e-06 1.523293299057e-02 1.146123937985e-04 2.632999724057e-01 1.745882914622e-06 1
496 3.753677779970e-01 7.254577578371e-01 -8.149758661822e-07 8.149758661822e-07 1.292511163748e-01 3.888956428289e-05 2.107438218650e-01 5.026519598894e-06 0
497 4.004034007374e-01 7.111239470605e-01 -1.085129671361e-06 1.085129671361e-06 1.205507493429e-01 4.104894366778e-05 2.134199296607e-01 4.948480918885e-06 1
498 7.486817786295e-01 4.232241941187e-01 1.819232153664e-07 1.819232153664e-07 7.892149138748e-03 3.217327316576e-04 3.070518157908e-01 2.539162701058e-06 0
499 4.504051922476e-01 6.823685077826e-01 1.355100994688e-06 1.355100994688e-06 6.543672434689e-02 4.714307957148e-05 2.196977289913e-01 3.084888702783e-06 1
500 3.251360593128e-01 7.539662660274e-01 -1.507509560834e-07 1.507509560834e-07 1.136670338391e-01 3.614811258892e-05 2.062072020647e-01 4.108848736865e-06 0
501 4.754017680072e-01 6.679710708645e-01 1.642158708943e-06 1.642158708943e-06 5.186287662948e-02 5.113084351041e-05 2.233551468502e-01 2.651792628942e-06 1
502 1.684797750668e-01 8.103586747572e-01 2.182948024387e-06 2.182948024387e-06 4.336232923254e-02 4.289574835836e-05 1.963648757985e-01 1.860059562991e-06 1
503 1.177052296691e-01 8.020262116688e-01 1.194089844460e-06 1.194089844460e-06 2.781985634461e-02 3.585393417459e-05 1.934506091224e-01 9.974512981261e-07 0
504 2.998240331536e-01 7.681559908563e-01 6.109053535418e-07 6.109053535418e-07 1.019155852534e-01 3.553549945528e-05 2.042990084372e-01 3.621621224257e-06 0
505 5.253868952272e-01 6.391633028191e-01 2.719415278219e-06 2.719415278219e-06 3.830176246194e-02 6.128906317360e-05 2.318195070875e-01 2.347479139190e-06 1
506 5.503697834638e-01 6.247596481822e-01 2.576278068250e-06 2.576278068250e-06 3.120741552197e-02 6.732477206729e-05 2.366767778189e-01 2.101032136826e-06 1
507 7.001059397962e-01 5.095261422200e-01 8.094185617212e-07 8.094185617212e-07 1.234902569295e-02 1.332197429702e-04 2.791405745970e-01 1.645134028747e-06 0
508 2.971189797185e-02 8.008255932751e-01 1.333008270655e-06 1.333008270655e-06 2.781647511487e-02 3.934216802806e-05 1.911583297937e-01 1.094360437917e-06 0
509 5.929670634402e-02 8.014744493043e-01 1.333296284737e-06 1.333296284737e-06 2.841690352551e-02 3.869954284840e-05 1.916509509571e-01 1.099721175604e-06 0
510 7.741389730418e-01 3.801224162891e-01 -6.694766380026e-08 6.694766380026e-08 6.589720365077e-03 5.996606211106e-04 3.204599874059e-01 3.951595807067e-06 0
511 7.485379836748e-01 4.518542555164e-01 1.084485797129e-07 1.084485797129e-07 8.396913555534e-03 2.519212294366e-04 3.011057705040e-01 2.115360786383e-06 0
512 2.486122597954e-01 7.964673736474e-01 1.925472791402e-06 1.925472791402e-06 5.824387797940e-02 3.571950499157e-05 2.011292517288e-01 2.080442490214e-06 1
513 6.002876094529e-01 5.959486967553e-01 2.138922460888e-06 2.138922460888e-06 2.338662448926e-02 8.178434798706e-05 2.477125602035e-01 1.912659835472e-06 1
514 7.975856489179e-01 2.494107983309e-01 -5.805251171190e-07 5.805251171190e-07 2.923480370911e-03 1.115618314322e-03 3.112992062162e-01 3.261488243350e-06 0
515 7.246406945821e-01 4.949444017830e-01 3.325018795248e-07 3.325018795248e-07 1.123184194374e-02 1.634430916150e-04 2.872736371226e-01 1.835766971816e-06 0
516 7.996018113548e-01 2.757478829637e-01 -1.464220713999e-07 1.464220713999e-07 4.160429635365e-03 1.333950566481e-03 3.212799629373e-01 5.549807468901e-06 0
517 2.225647297084e-01 8.108716588898e-01 1.967534739680e-06 1.967534739680e-06 4.987655760577e-02 3.628405904131e-05 1.998527567900e-01 1.809723960945e-06 1
518 8.014171199906e-01 2.048718763160e-01 2.405346075732e-07 2.405346075732e-07 2.765842795001e-03 1.069508596723e-03 2.834467403490e-01 2.958092646437e-06 0
519 6.252150743734e-01 5.815534386190e-01 1.808320028122e-06 1.808320028122e-06 2.007169334558e-02 8.973361556917e-05 2.538994001802e-01 1.801105614494e-06 1
520 8.119898253749e-01 1.777572677450e-01 1.098885899456e-07 1.098885899456e-07 3.003419927591e-03 1.668533595035e-03 2.592150233814e-01 5.011307049184e-06 0
521 7.733438001446e-01 4.092863613095e-01 -1.686406899630e-07 1.686406899630e-07 7.460743692971e-03 4.294446183780e-04 3.150658839615e-01 3.203976228044e-06 0
522 8.008274938813e-01 3.354151401732e-01 -1.546528110916e-07 1.546528110916e-07 5.439272438129e-03 9.826779655466e-04 3.287808179120e-01 5.345053173554e-06 0
523 8.244947858866e-01 1.098145156641e-01 8.287680623358e-07 8.287680623358e-07 2.545546742812e-03 1.216465679540e-03 1.770251979920e-01 3.096570248295e-06 0
524 8.249794213595e-01 1.524265790447e-02 1.650491984617e-07 1.650491984617e-07 1.847654894650e-03 3.240706813970e-04 3.215603109728e-02 5.987707806957e-07 0
525 8.246244971004e-01 7.670024227073e-02 -2.383289603932e-08 2.383289603932e-08 2.257041107484e-03 8.027616076678e-04 1.283574187909e-01 1.811865948016e-06 0
526 6.749881053484e-01 5.527920864883e-01 1.045657767324e-06 1.045657767324e-06 1.540969742527e-02 1.042517771091e-04 2.674840348657e-01 1.606488341298e-06 0
527 3.752732779662e-01 7.543423463197e-01 -6.630403246447e-07 6.630403246447e-07 1.742734421224e-01 3.480868668199e-05 2.119737817016e-01 6.066229643829e-06 0
528 1.058114123454e-01 8.268340888974e-01 1.775344018037e-06 1.775344018037e-06 3.497401338750e-02 4.259699900650e-05 1.943955437560e-01 1.489788013521e-06 1
529 8.006152936251e-01 3.654717149263e-01 -6.280381021298e-07 6.280381021298e-07 6.494748512740e-03 7.688802424451e-04 3.265333397911e-01 4.993683811096e-06 0
530 4.253497500527e-01 7.256212639904e-01 6.924064407845e-07 6.924064407845e-07 1.295397206198e-01 3.863891867151e-05 2.173924444977e-01 5.005274729760e-06 0
531 3.501567889468e-01 7.686639873456e-01 -1.240185433866e-07 1.240185433866e-07 1.661112045930e-01 3.366309110094e-05 2.096440342660e-01 5.591816613100e-06 0
532 4.503612806891e-01 7.112301800642e-01 7.564632043539e-07 7.564632043539e-07 9.723083269251e-02 4.138421904094e-05 2.205257337680e-01 4.023822077680e-06 0
533 7.000533400245e-01 5.384108840620e-01 6.316038559603e-07 6.316038559603e-07 1.383504336155e-02 1.206038592860e-04 2.747890118881e-01 1.668559622792e-06 0
534 5.003616894727e-01 6.824237806993e-01 2.731728555370e-06 2.731728555370e-06 5.704159963069e-02 4.867908082682e-05 2.277329575552e-01 2.776732638913e-06 1
535 5.253552017108e-01 6.680166671872e-01 2.576249635983e-06 2.576249635983e-06 4.055884379882e-02 5.324650902740e-05 2.318494409966e-01 2.159616842475e-06 1
536 1.692103275273e-01 8.406794463443e-01 1.990094099713e-06 1.990094099713e-06 4.119137000919e-02 4.051120204827e-05 1.978959976697e-01 1.668711913087e-06 1
537 2.996461533570e-01 7.972037562110e-01 1.338199429014e-06 1.338199429014e-06 1.019249671305e-01 3.276953554013e-05 2.056604416998e-01 3.340033832808e-06 0
538 8.153899045956e-01 2.291414667897e-01 1.661943671888e-06 1.661943671888e-06 3.300607169474e-03 1.440054747290e-03 3.010342971539e-01 4.753055023340e-06 1
539 7.439338161656e-02 8.269257434539e-01 1.389991824462e-06 1.389991824462e-06 3.033298813684e-02 3.787278943231e-05 1.934553568956e-01 1.148794872559e-06 1
540 5.753115341099e-01 6.391924897821e-01 2.373074283909e-06 2.373074283909e-06 3.280657728925e-02 6.435721032922e-05 2.411795304417e-01 2.111339794786e-06 1
541 2.741794668739e-01 8.115152547199e-01 1.523280126941e-06 1.523280126941e-06 7.144679189090e-02 3.285513791325e-05 2.039787835256e-01 2.347394201035e-06 1
542 1.488362217661e-02 8.254492873307e-01 1.326750037904e-06 1.326750037904e-06 2.325591914897e-02 3.827914865744e-05 1.924893519842e-01 8.902167862690e-07 0
543 6.002568633874e-01 6.247794996089e-01 2.007861069395e-06 2.007861069395e-06 2.708174423656e-02 7.069155282682e-05 2.464126777763e-01 1.914450553341e-06 1
544 7.706343509326e-01 4.650040943288e-01 -3.456748045259e-07 3.456748045259e-07 8.207492238910e-03 1.279152153926e-04 3.026361792850e-01 1.049863137573e-06 0
545 8.214526537811e-01 2.890081024420e-01 6.939806374087e-08 6.939806374087e-08 3.982209625034e-03 1.208983487104e-03 3.259114604553e-01 4.814425678855e-06 0
546 7.512285138476e-01 5.094614839062e-01 -2.118844238923e-07 2.118844238923e-07 1.145713266024e-02 1.520166505367e-04 2.898826830013e-01 1.741674931764e-06 0
547 8.225190511845e-01 3.197630950700e-01 1.734211735903e-06 1.734211735903e-06 4.834189516149e-03 9.013569772846e-04 3.301212608419e-01 4.357330449897e-06 1
548 6.500324567448e-01 5.959448691946e-01 1.254425497595e-06 1.254425497595e-06 2.003331032086e-02 8.401884866972e-05 2.579842331211e-01 1.683175668202e-06 0
549 2.227407242841e-01 8.404061546859e-01 1.905229603338e-06 1.905229603338e-06 4.955243834951e-02 3.403635363530e-05 2.011946392697e-01 1.686584315155e-06 1
550 8.410405122110e-01 1.746691280012e-01 1.290911902774e-06 1.290911902774e-06 3.129303495854e-03 1.489877363548e-03 2.551703551873e-01 4.662278442143e-06 0
551 6.748684553913e-01 5.815742552918e-01 8.612310318975e-07 8.612310318975e-07 1.748335796475e-02 9.256362063347e-05 2.642617455180e-01 1.618322914048e-06 0
552 7.984602224440e-01 4.255658940886e-01 -4.127110151980e-07 4.127110151980e-07 7.420456620304e-03 3.484624237955e-04 3.155585931798e-01 2.585750299581e-06 0
553 8.497250344867e-01 1.227425362890e-01 -3.248533579862e-07 3.248533579862e-07 2.261274948184e-03 1.004999142275e-03 1.932732240853e-01 2.272579383372e-06 0
554 8.509707454024e-01 6.101258154594e-02 4.466218911573e-07 4.466218911573e-07 1.903948332604e-03 5.941464271260e-04 1.030771513450e-01 1.131224099249e-06 0
555 8.506190151518e-01 3.033544118728e-02 1.466894043917e-07 1.466894043917e-07 1.677693005839e-03 4.411947421798e-04 5.458693341680e-02 7.401893331682e-07 0
556 1.190772996025e-01 8.509274162394e-01 1.170323078706e-06 1.170323078706e-06 2.816429921454e-02 3.491577504717e-05 1.960331548474e-01 9.833783357361e-07 0
557 1.973825909381e-01 8.552458900932e-01 1.678647928470e-06 1.678647928470e-06 4.009347574849e-02 3.412603190734e-05 2.001220174056e-01 1.368231232669e-06 1
558 1.466539119717e-01 8.569070509624e-01 1.432331780962e-06 1.432331780962e-06 3.329137497978e-02 3.711590525039e-05 1.974391904198e-01 1.235639519405e-06 1
559 7.729693727683e-01 4.937384823285e-01 -2.444238612094e-07 2.444238612094e-07 1.027832675612e-02 1.315943788663e-04 2.968173748338e-01 1.352570025257e-06 0
560 4.002537605910e-01 7.688830902080e-01 1.712015882803e-07 1.712015882803e-07 1.996252654661e-01 3.223586311625e-05 2.155170211876e-01 6.435092732112e-06 0
561 4.252946099370e-01 7.544958186552e-01 -1.621706142511e-08 1.621706142511e-08 1.736967779560e-01 3.392994627873e-05 2.182452421268e-01 5.893522344837e-06 0
562 8.221967057386e-01 3.810579066486e-01 -4.669652812091e-07 4.669652812091e-07 5.825741091642e-03 5.702307599656e-04 3.263568219595e-01 3.322016770050e-06 0
563 7.958945681868e-01 4.526535657103e-01 -1.018257533703e-06 1.018257533703e-06 8.410040454600e-03 2.783907282071e-04 3.092039472710e-01 2.341277286407e-06 1
564 3.500597520780e-01 7.975984906892e-01 4.476574823310e-07 4.476574823310e-07 1.779782024679e-01 3.035478252016e-05 2.107560815640e-01 5.402489629241e-06 0
565 8.562559892304e-01 1.507392898012e-01 6.617185545198e-07 6.617185545198e-07 2.036287134708e-03 9.983599039836e-04 2.275839264316e-01 2.032947428290e-06 0
566 7.244900997685e-01 5.530127062190e-01 7.748473721782e-08 7.748473721782e-08 1.393224360972e-02 9.987743424741e-05 2.774832600784e-01 1.391516745048e-06 0
567 4.753220713915e-01 7.256934386849e-01 2.197719008867e-06 2.197719008867e-06 9.903105933054e-02 3.893672180601e-05 2.244724109872e-01 3.855944807308e-06 1
568 5.003259044155e-01 7.112844762381e-01 2.025725837505e-06 2.025725837505e-06 5.830164519141e-02 4.228753667785e-05 2.280069838885e-01 2.465432959411e-06 1
569 8.414154985494e-01 2.295497040898e-01 3.309764532302e-07 3.309764532302e-07 3.332360014452e-03 1.477813086044e-03 3.004224892315e-01 4.924605236766e-06 0
570 3.248611426475e-01 8.119485347256e-01 6.620689444174e-07 6.620689444174e-07 1.358040697603e-01 3.005164092594e-05 2.086913739332e-01 4.081135140718e-06 0
571 5.969201550284e-02 8.521016738175e-01 1.423289138843e-06 1.423289138843e-06 3.052402813669e-02 3.815708492265e-05 1.943679371785e-01 1.164707933793e-06 1
572 5.503145979885e-01 6.824566767411e-01 2.513995779665e-06 2.513995779665e-06 4.674110670892e-02 5.070610480175e-05 2.359830041347e-01 2.370059455332e-06 1
573 5.752880421510e-01 6.680361539730e-01 2.112735428680e-06 2.112735428680e-06 3.568525921167e-02 5.571822536405e-05 2.404471482167e-01 1.988319314930e-06 1
574 7.511305188058e-01 5.386450465003e-01 -4.374317992417e-07 4.374317992417e-07 1.364655360941e-02 1.356338818214e-04 2.845098290987e-01 1.850935039528e-06 0
575 2.976706443505e-02 8.512740737235e-01 1.350429070048e-06 1.350429070048e-06 2.914847784073e-02 3.789717471120e-05 1.938935395208e-01 1.104644957296e-06 1
576 2.741745469554e-01 8.406713110885e-01 1.698036562079e-06 1.698036562079e-06 7.330966608157e-02 3.055944745264e-05 2.051364752607e-01 2.240302888391e-06 1
577 8.208368074546e-01 4.119881407905e-01 2.881326946252e-07 2.881326946252e-07 6.802777939568e-03 3.195176321217e-04 3.207777928478e-01 2.173607499100e-06 0
578 6.251508576426e-01 6.391589437351e-01 1.421262575632e-06 1.421262575632e-06 2.686171706222e-02 6.704075579462e-05 2.503369644625e-01 1.800829813792e-06 1
579 2.487833344527e-01 8.551579258121e-01 1.482484190165e-06 1.482484190165e-06 4.380696344023e-02 3.097394911212e-05 2.036383142021e-01 1.356874656354e-06 1
580 6.499989860794e-01 6.247195714571e-01 1.039514436670e-06 1.039514436670e-06 2.280567542913e-02 7.330738450781e-05 2.557370685755e-01 1.671824417643e-06 0
581 8.564934007804e-01 2.021919738722e-01 7.651386646668e-07 7.651386646668e-07 3.072850963989e-03 1.270354984904e-03 2.791561315277e-01 3.903611539971e-06 0
582 8.462950185480e-01 2.798064716902e-01 7.713989015773e-07 7.713989015773e-07 3.756570589604e-03 9.285973486851e-04 3.231161012664e-01 3.488341489655e-06 0
583 8.477357779426e-01 3.266614800818e-01 -8.126792228369e-07 8.126792228369e-07 4.020671428378e-03 7.890983379490e-04 3.303643577199e-01 3.172705141572e-06 0
584 6.994451079927e-01 5.958654284748e-01 3.133661271056e-07 3.133661271056e-07 1.716505912108e-02 8.308264744335e-05 2.672902333793e-01 1.426118555300e-06 0
585 8.776480102719e-01 1.055838298805e-01 3.088449696980e-07 3.088449696980e-07 1.895646201470e-03 5.958011718748e-04 1.669228248193e-01 1.129428228296e-06 0
586 8.787640099738e-01 7.696814853088e-02 3.424597816399e-07 3.424597816399e-07 1.709024988043e-03 6.575173726134e-04 1.255584133035e-01 1.123713619868e-06 0
587 8.565762467768e-01 2.545183950071e-01 1.860089883496e-07 1.860089883496e-07 3.736078867067e-03 1.245028895695e-03 3.126791037302e-01 4.651526146093e-06 0
588 8.756395937923e-01 1.509278328281e-02 3.298191884355e-07 3.298191884355e-07 1.357265453825e-03 3.346230746001e-04 3.101323107502e-02 4.541723392074e-07 0
589 8.475984042805e-01 3.739524328009e-01 2.017024772375e-07 2.017024772375e-07 5.581155766406e-03 4.358336159500e-04 3.282095116107e-01 2.432455298853e-06 0
590 1.982546582715e-01 8.845228069741e-01 1.308935870577e-06 1.308935870577e-06 3.616221511388e-02 3.161153667487e-05 2.011844463829e-01 1.143143189317e-06 0
591 7.240015176938e-01 5.816850818284e-01 -3.569897682465e-08 3.569897682465e-08 1.517933178707e-02 9.151598631764e-05 2.732766001908e-01 1.389151520136e-06 0
592 1.036677408805e-01 8.784846080409e-01 1.301262325507e-06 1.301262325507e-06 2.913578520226e-02 3.972275236385e-05 1.965675975985e-01 1.157353580516e-06 0
593 4.001934471874e-01 7.977774933202e-01 -6.366492323135e-08 6.366492323135e-08 2.175832898209e-01 2.836862523879e-05 2.163403848621e-01 6.172538807153e-06 0
594 7.990647934859e-01 4.998882553079e-01 -8.389895968346e-07 8.389895968346e-07 9.196638284306e-03 1.217352066071e-04 2.992011962462e-01 1.119554661630e-06 0
595 3.751159276939e-01 8.121712527756e-01 3.443879652688e-08 3.443879652688e-08 2.035659015233e-01 2.761341027104e-05 2.139201115330e-01 5.621148755958e-06 0
596 4.502646627390e-01 7.689743621458e-01 1.154507551685e-06 1.154507551685e-06 1.652644046866e-01 3.137854097611e-05 2.218137562982e-01 5.185755894352e-06 0
597 8.591970729404e-01 3.502533516369e-01 -2.284844740822e-07 2.284844740822e-07 5.172931032560e-03 6.766418204556e-04 3.298822110431e-01 3.500221470963e-06 0
598 8.140397465802e-01 4.728868741910e-01 -5.049891783144e-07 5.049891783144e-07 8.476103061643e-03 1.227421763673e-04 3.068644521472e-01 1.040375336899e-06 0
599 7.570048750966e-02 8.795672110624e-01 1.609903362964e-06 1.609903362964e-06 3.171468206606e-02 4.155866530315e-05 1.958275803778e-01 1.318019857179e-06 1
600 1.498196488030e-01 8.859891590056e-01 9.239966944468e-07 9.239966944468e-07 2.765415399869e-02 2.769532514645e-05 1.986535480127e-01 7.658907866436e-07 0
601 4.752805935570e-01 7.545630661017e-01 9.381850561236e-07 9.381850561236e-07 1.128101657059e-01 3.369629311757e-05 2.248954042085e-01 3.801284410269e-06 0
602 3.248162462185e-01 8.409337972706e-01 1.043997117394e-06 1.043997117394e-06 1.269886680512e-01 2.742589537393e-05 2.096546568893e-01 3.482777923646e-06 0
603 5.252923130660e-01 7.257333940235e-01 2.270881101075e-06 2.270881101075e-06 6.776767058858e-02 3.994430511899e-05 2.318053984586e-01 2.706932511193e-06 1
604 8.626667964080e-01 3.024818571152e-01 7.866026910740e-07 7.866026910740e-07 3.636416277537e-03 8.219466355034e-04 3.269885490991e-01 2.988940124612e-06 0
605 5.502874944009e-01 7.113127080386e-01 1.871894496117e-06 1.871894496117e-06 4.330513448455e-02 4.385390978799e-05 2.356562938263e-01 1.899099461042e-06 1
606 8.858202269146e-01 1.523210748203e-01 2.294751555224e-07 2.294751555224e-07 1.893777850911e-03 7.291191178767e-04 2.255400090210e-01 1.380789636111e-06 0
607 2.995963370096e-01 8.553450751245e-01 8.431983730179e-07 8.431983730179e-07 7.318238382283e-02 2.777189578399e-05 2.077901100238e-01 2.032413536752e-06 0
608 1.488344225844e-02 8.758247863928e-01 1.252616693163e-06 1.252616693163e-06 2.332016350558e-02 3.622904118293e-05 1.948183326345e-01 8.448671640361e-07 0
609 6.002362118029e-01 6.824363161952e-01 1.494446634302e-06 1.494446634302e-06 3.655201625808e-02 5.306532643465e-05 2.441753360551e-01 1.939644674580e-06 1
610 7.726927044974e-01 5.543845814928e-01 -5.616402904000e-07 5.616402904000e-07 1.159263072374e-02 9.105546140133e-05 2.851286971116e-01 1.055572339405e-06 0
611 1.732481316920e-01 8.990384712685e-01 1.052418028616e-06 1.052418028616e-06 2.865531697009e-02 3.075744973605e-05 2.001992899790e-01 8.813644713783e-07 0
612 6.251536980170e-01 6.679720961306e-01 1.121626186340e-06 1.121626186340e-06 2.992005750803e-02 5.823323557951e-05 2.488380455958e-01 1.742341757417e-06 0
613 8.458017787853e-01 4.210050013842e-01 -1.069063995812e-06 1.069063995812e-06 6.438529043909e-03 3.108716202699e-04 3.203541168901e-01 2.001555956035e-06 1
614 8.851308197474e-01 2.014418040015e-01 1.038027063896e-06 1.038027063896e-06 2.806737593603e-03 1.093849049341e-03 2.743559587432e-01 3.070147248513e-06 0
615 6.747846658454e-01 6.389548049522e-01 4.654069675101e-07 4.654069675101e-07 2.203299897501e-02 6.852722355647e-05 2.589008839059e-01 1.509860246380e-06 0
616 2.490477181266e-01 8.842879574712e-01 1.194202080463e-06 1.194202080463e-06 4.666215008362e-02 2.910333079482e-05 2.045625236231e-01 1.358023989481e-06 0
617 8.983768945180e-01 1.248454058388e-01 7.099467198593e-07 7.099467198593e-07 1.678190638265e-03 8.656444636784e-04 1.901674375533e-01 1.452716435011e-06 0
618 6.993947891122e-01 6.244712758727e-01 1.505037873052e-07 1.505037873052e-07 1.911864834451e-02 7.387376272098e-05 2.642175100909e-01 1.412366491348e-06 0
619 1.232101795494e-01 8.987634154309e-01 1.200201447583e-06 1.200201447583e-06 2.832629959656e-02 3.814947769621e-05 1.979447605106e-01 1.080633534675e-06 0
620 2.238771752915e-01 8.988131032260e-01 9.917061939550e-07 9.917061939550e-07 3.055606283148e-02 2.951699723579e-05 2.031926563430e-01 9.019232221334e-07 0
621 9.041105852918e-01 5.989108543740e-02 6.171572861994e-07 6.171572861994e-07 1.419321344623e-03 6.030758583973e-04 9.783741484071e-02 8.559584382498e-07 0
622 9.013378993609e-01 2.869286054799e-02 1.583859015351e-07 1.583859015351e-07 1.137531197975e-03 2.711755850466e-04 4.990067408903e-02 3.084706881196e-07 0
623 8.111030298474e-01 5.242542069095e-01 -1.228830447246e-06 1.228830447246e-06 1.148434009120e-02 1.337742446372e-04 2.955402017309e-01 1.536308920857e-06 1
624 8.624398290536e-01 3.980478759329e-01 9.415815771576e-08 9.415815771576e-08 5.523291802683e-03 3.387543551834e-04 3.247998755780e-01 1.871039153108e-06 0
625 8.992421688622e-01 1.755007431496e-01 8.602151142754e-07 8.602151142754e-07 2.304868963541e-03 9.185022658786e-04 2.481778346196e-01 2.117027365566e-06 0
626 8.863124770406e-01 2.522175039613e-01 1.094417152252e-06 1.094417152252e-06 3.459244824086e-03 9.946037467473e-04 3.076477168906e-01 3.440577862952e-06 0
627 7.480317521748e-01 5.957103245741e-01 -3.302897268041e-07 3.302897268041e-07 1.440129680906e-02 7.591015110415e-05 2.751321323833e-01 1.093204616872e-06 0
628 8.406951077372e-01 4.715767033437e-01 -9.379074733210e-07 9.379074733210e-07 9.812986525720e-03 1.477734162617e-04 3.093844080387e-01 1.450098542636e-06 1
629 7.987598506241e-01 5.484524618998e-01 -6.965845764637e-07 6.965845764637e-07 1.202600147054e-02 9.811718053573e-05 2.894990114282e-01 1.179957357408e-06 0
630 4.251889312336e-01 8.122701779823e-01 1.504340999497e-07 1.504340999497e-07 2.026725918376e-01 2.564247582497e-05 2.195735908473e-01 5.197027036578e-06 0
631 4.502192974391e-01 7.978543183606e-01 3.498730655414e-09 3.498730655414e-09 1.760682968810e-01 2.700127995553e-05 2.223090038704e-01 4.754069375377e-06 0
632 3.750686031699e-01 8.410869273739e-01 2.050187756704e-07 2.050187756704e-07 1.804588797255e-01 2.451242375856e-05 2.146667192178e-01 4.423484530825e-06 0
633 8.878080326863e-01 3.016199000380e-01 7.084912372929e-07 7.084912372929e-07 3.910495937498e-03 7.349905117190e-04 3.240946428509e-01 2.874177410177e-06 0
634 8.560612273308e-01 4.462416107358e-01 -9.427297280156e-07 9.427297280156e-07 8.312993503133e-03 2.660144726982e-04 3.155867697398e-01 2.211376583280e-06 1
635 3.499675311250e-01 8.554994278325e-01 -1.965028100753e-08 1.965028100753e-08 1.363001146836e-01 2.460535694682e-05 2.124743856280e-01 3.353712973684e-06 0
636 5.930108623567e-02 9.044966922692e-01 1.577869247723e-06 1.577869247723e-06 3.179424460317e-02 4.139034775963e-05 1.963016849041e-01 1.315974840880e-06 1
637 5.002506983158e-01 7.690196519763e-01 1.454954593095e-06 1.454954593095e-06 1.010084644389e-01 3.135257118454e-05 2.283913322165e-01 3.166875071560e-06 1
638 7.700825199410e-01 5.827774839572e-01 -3.812125816626e-07 3.812125816626e-07 1.178832563377e-02 6.968962750753e-05 2.800926673349e-01 8.215240223545e-07 0
639 8.997891477801e-01 2.264986431732e-01 1.006164200143e-06 1.006164200143e-06 2.990419733386e-03 9.749645658032e-04 2.905606590259e-01 2.915553276930e-06 0
640 8.882539802965e-01 3.501625386278e-01 4.193579433329e-07 4.193579433329e-07 4.951798882319e-03 5.035298089691e-04 3.281341836942e-01 2.493378345267e-06 0
641 5.252585848008e-01 7.545989423449e-01 1.081824460788e-06 1.081824460788e-06 5.937211889853e-02 3.432842557647e-05 2.317587328151e-01 2.038151364926e-06 0
642 2.840899205223e-02 9.015818676936e-01 1.155602375138e-06 1.155602375138e-06 2.768780769357e-02 3.411305826319e-05 1.957840803424e-01 9.445157970310e-07 0
643 5.752586150877e-01 7.257379328290e-01 1.340565690904e-06 1.340565690904e-06 4.853039395195e-02 4.169785491214e-05 2.391768900406e-01 2.023613325837e-06 0
644 2.996545291565e-01 8.843435437834e-01 7.461293881076e-07 7.461293881076e-07 6.986930027372e-02 2.580273160299e-05 2.085711383742e-01 1.802818802251e-06 0
645 6.002338883273e-01 7.112820637538e-01 9.984876249757e-07 9.984876249757e-07 3.750748235804e-02 4.599838466762e-05 2.432325763817e-01 1.725283601419e-06 0
646 6.500843192045e-01 6.822588131514e-01 5.102631471362e-07 5.102631471362e-07 2.855282878836e-02 5.535811427737e-05 2.520140284835e-01 1.580630759008e-06 0
647 9.011724850901e-01 2.766436235671e-01 9.684697479084e-07 9.684697479084e-07 3.685198041908e-03 8.481937686054e-04 3.154521021332e-01 3.125762015223e-06 0
648 9.259751766722e-01 1.223150375758e-01 9.368197628179e-07 9.368197628179e-07 1.827191282629e-03 7.573918369127e-04 1.830347918154e-01 1.383899761942e-06 0
649 2.744971227763e-01 8.987998114065e-01 5.200661803873e-07 5.200661803873e-07 3.512128492254e-02 2.658109317549e-05 2.068494243131e-01 9.335621469690e-07 0
650 6.748671585961e-01 6.676808942510e-01 2.349030088712e-07 2.349030088712e-07 2.440846110774e-02 6.013796884178e-05 2.566992826165e-01 1.467875273573e-06 0
651 1.738154084345e-01 9.277781934025e-01 9.094553409622e-07 9.094553409622e-07 2.573335347650e-02 3.054159107798e-05 2.009016599424e-01 7.859375589444e-07 0
652 1.214008630460e-01 9.261702870477e-01 1.275621778863e-06 1.275621778863e-06 2.800982958127e-02 3.745976837921e-05 1.985567683447e-01 1.049241728456e-06 0
653 7.239584099582e-01 6.383699103584e-01 -2.358793351525e-07 2.358793351525e-07 1.831231397062e-02 6.768576192731e-05 2.665092294246e-01 1.239482923753e-06 0
654 9.019339215770e-01 3.257087099955e-01 7.618042232481e-07 7.618042232481e-07 4.322856777041e-03 6.315353312121e-04 3.258296015624e-01 2.730036786471e-06 0
655 8.876692292733e-01 3.987238585448e-01 8.365634195460e-09 8.365634195460e-09 5.915439860717e-03 2.913135712776e-04 3.241816969618e-01 1.723247911503e-06 0
656 9.317612919637e-01 6.926829916694e-02 1.846977505491e-07 1.846977505491e-07 1.116623157661e-03 3.319493638197e-04 1.094120168884e-01 3.706623468118e-07 0
657 7.480389633197e-01 6.237893057062e-01 -4.224611040993e-07 4.224611040993e-07 1.592477531472e-02 7.062053335768e-05 2.714953928505e-01 1.124616126327e-06 0
658 9.256983055685e-01 1.360007726518e-02 1.852328243454e-07 1.852328243454e-07 7.835024771576e-04 2.553207736025e-04 2.682008914894e-02 2.000444585874e-07 0
659 2.242646237151e-01 9.277799184504e-01 6.802544852351e-07 6.802544852351e-07 2.684669278140e-02 2.837490041739e-05 2.038406382665e-01 7.617722342084e-07 0
660 8.412957241477e-01 5.243980497933e-01 -1.031211117453e-06 1.031211117453e-06 1.109418574155e-02 9.057817050987e-05 2.983181036462e-01 1.004891047766e-06 1
661 9.018847118563e-01 3.745376024037e-01 3.617069212397e-07 3.617069212397e-07 5.494756340220e-03 4.194296461674e-04 3.260304434131e-01 2.304663707554e-06 0
662 9.279402797198e-01 1.750964667894e-01 1.028271517520e-06 1.028271517520e-06 2.193384801698e-03 7.683382500851e-04 2.428875951326e-01 1.685261440300e-06 0
663 8.559128489432e-01 4.987219273444e-01 -1.008782413255e-06 1.008782413255e-06 9.933797561611e-03 1.313772983747e-04 3.045437847243e-01 1.305075486245e-06 1
664 9.415181959732e-01 9.684631827120e-02 4.864908999475e-07 4.864908999475e-07 1.315039906300e-03 4.776950064358e-04 1.474554190247e-01 6.281879965033e-07 0
665 4.251459111661e-01 8.411597241308e-01 -3.245352040107e-07 3.245352040107e-07 1.794781437992e-01 2.201598344984e-05 2.200766917300e-01 3.951387843492e-06 0
666 4.001031025959e-01 8.555827140672e-01 -4.553193110391e-07 4.553193110391e-07 1.702961296817e-01 2.162473819474e-05 2.175977278353e-01 3.682609219944e-06 0
667 6.882314923339e-02 9.319992279136e-01 1.094178801138e-06 1.094178801138e-06 2.560326614263e-02 3.497000682968e-05 1.971572874325e-01 8.953463918701e-07 0
668 4.751969624974e-01 8.123162714758e-01 3.905039184092e-07 3.905039184092e-07 1.339143209779e-01 2.449463996659e-05 2.255322021807e-01 3.280183078724e-06 0
669 1.485776090421e-01 9.421357527565e-01 9.948055209041e-07 9.948055209041e-07 2.567974677721e-02 3.214425071584e-05 1.999512451373e-01 8.254562187258e-07 0
670 1.992093834376e-01 9.422293443326e-01 6.739751067590e-07 6.739751067590e-07 2.121553590744e-02 2.913056149778e-05 2.025401759098e-01 6.180204734599e-07 0
671 5.002124325561e-01 7.978929011357e-01 6.900091045271e-08 6.900091045271e-08 9.928155595782e-02 2.660350184154e-05 2.285257977311e-01 2.641237056755e-06 0
672 3.499560207934e-01 8.844258558839e-01 7.122913965049e-08 7.122913965049e-08 1.029825876590e-01 2.228570123506e-05 2.131002600895e-01 2.295039180981e-06 0
673 8.132732427428e-01 5.752589211200e-01 -9.148329561779e-07 9.148329561779e-07 1.315664504009e-02 7.669231446413e-05 2.864211998689e-01 1.009013558708e-06 1
674 9.633897856540e-02 9.417245349343e-01 1.425755470395e-06 1.425755470395e-06 3.025140381236e-02 3.944105911078e-05 1.980204836022e-01 1.193147405947e-06 1
675 7.949791712614e-01 5.950512330817e-01 -6.779116543425e-07 6.779116543425e-07 1.170401137450e-02 7.725797805504e-05 2.812387631585e-01 9.042282539271e-07 0
676 9.285117841985e-01 2.257130823503e-01 1.383171269719e-06 1.383171269719e-06 2.878320034578e-03 8.113622118623e-04 2.849797506053e-01 2.335360109703e-06 1
677 9.421166199265e-01 1.493864301971e-01 8.507808263877e-07 8.507808263877e-07 1.881277175185e-03 6.582821219003e-04 2.134386975581e-01 1.238411130764e-06 0
678 3.248629280338e-01 8.988586939809e-01 -2.313243557380e-07 2.313243557380e-07 6.694311901801e-02 2.309532862289e-05 2.110681350958e-01 1.546073332762e-06 0
679 8.860523013973e-01 4.481711856166e-01 -3.934631918644e-07 3.934631918644e-07 7.803823428323e-03 1.543308673487e-04 3.158412758032e-01 1.204370838329e-06 0
680 5.502347699456e-01 7.690408820021e-01 8.382639419687e-07 8.382639419687e-07 6.023886299367e-02 3.236022364076e-05 2.350753580680e-01 1.949343078341e-06 0
681 1.352554979379e-02 9.257570813007e-01 9.244857316187e-07 9.244857316187e-07 1.963809936467e-02 3.157990963827e-05 1.963202170178e-01 6.201694034037e-07 0
682 5.752396188976e-01 7.546005584712e-01 5.397693558643e-07 5.397693558643e-07 4.365889551851e-02 3.591034752118e-05 2.386407359238e-01 1.567806110460e-06 0
683 6.252243768255e-01 7.256407254675e-01 3.947199630004e-07 3.947199630004e-07 3.629626880465e-02 4.402548706574e-05 2.463524362293e-01 1.597960912794e-06 0
684 6.501573214886e-01 7.110816949297e-01 1.813977212821e-07 1.813977212821e-07 3.054846486758e-02 4.839698108553e-05 2.504828069299e-01 1.478453476388e-06 0
685 9.291809152478e-01 2.758340085318e-01 1.447774730345e-06 1.447774730345e-06 3.616314327661e-03 6.936339010144e-04 3.108254156162e-01 2.508398214390e-06 1
686 9.010222530715e-01 4.236105588769e-01 -3.940795784105e-08 3.940795784105e-08 6.682778532697e-03 2.440099835113e-04 3.200717446926e-01 1.630664679573e-06 0
687 6.997876033590e-01 6.816984922984e-01 -1.832481377047e-07 1.832481377047e-07 2.310320353028e-02 5.694061127946e-05 2.592191027520e-01 1.315510531528e-06 0
688 2.746520071015e-01 9.277565505613e-01 2.273388970134e-07 2.273388970134e-07 3.446993385598e-02 2.529914540074e-05 2.074104732973e-01 8.720598685761e-07 0
689 9.425515670235e-01 2.002519668184e-01 1.209289197266e-06 1.209289197266e-06 2.458653252874e-03 7.341501788920e-04 2.635092792111e-01 1.805020725431e-06 0
690 7.242687314543e-01 6.668710374853e-01 -3.697805254259e-07 3.697805254259e-07 2.026818165256e-02 6.054032449844e-05 2.637476094042e-01 1.227042294239e-06 0
691 9.296494503549e-01 3.253989436382e-01 1.188415725908e-06 1.188415725908e-06 4.389797031167e-03 5.050092676271e-04 3.225896257483e-01 2.216888183741e-06 0
692 2.495900508755e-01 9.422115118503e-01 2.234516626491e-07 2.234516626491e-07 1.892037239417e-02 2.637209532312e-05 2.057774073461e-01 4.989698643281e-07 0
693 9.514547317082e-01 4.901021551298e-02 1.393184933071e-07 1.393184933071e-07 5.969173868971e-04 2.597703107040e-04 7.755199089642e-02 1.550614150589e-07 0
694 9.481644312440e-01 2.454021850063e-02 4.315394882324e-08 4.315394882324e-08 4.847730028568e-04 1.012550602498e-04 4.126564135217e-02 4.908571961174e-08 0
695 7.721811639242e-01 6.369968214434e-01 -6.414380491503e-07 6.414380491503e-07 1.576906755546e-02 6.465370332210e-05 2.729137520152e-01 1.019528615397e-06 0
696 8.554884535504e-01 5.502083993528e-01 -1.110674249902e-06 1.110674249902e-06 1.218700517480e-02 8.528442792302e-05 2.944035308366e-01 1.039361764428e-06 1
697 9.430435436167e-01 2.506223281030e-01 1.449446548507e-06 1.449446548507e-06 3.190347983746e-03 7.104294743007e-04 2.975410732381e-01 2.266517240929e-06 1
698 8.848131734311e-01 4.989726775090e-01 -7.410684409175e-07 7.410684409175e-07 9.703574097271e-03 7.849981936566e-05 3.058058366855e-01 7.617288138371e-07 0
699 8.398091513689e-01 5.768710156893e-01 -1.161887133211e-06 1.161887133211e-06 1.305157388369e-02 8.264297370725e-05 2.885347855176e-01 1.078620877308e-06 1
700 9.296242420728e-01 3.747305698416e-01 8.314821645780e-07 8.314821645780e-07 5.480647737912e-03 3.151176177168e-04 3.240872274652e-01 1.727048658716e-06 0
701 7.970706040997e-01 6.211915894359e-01 -8.067324440714e-07 8.067324440714e-07 1.475810728418e-02 7.247055010269e-05 2.777141870305e-01 1.069528153359e-06 0
702 4.501374890575e-01 8.556228800692e-01 -3.849428955140e-07 3.849428955140e-07 1.350784107755e-01 1.923845791246e-05 2.230526671269e-01 2.598700320586e-06 0
703 4.000715677196e-01 8.844773024043e-01 -4.471040913071e-07 4.471040913071e-07 1.196623736223e-01 1.879793938097e-05 2.180519854873e-01 2.249406045536e-06 0
704 4.751581741833e-01 8.411952870358e-01 -5.165632338763e-07 5.165632338763e-07 1.245969736825e-01 2.041339314829e-05 2.257667853376e-01 2.543447008868e-06 0
705 8.995865062916e-01 4.737570283891e-01 -5.166455633904e-07 5.166455633904e-07 8.634295457003e-03 1.395832387818e-04 3.110540677189e-01 1.205202924488e-06 0
706 1.491102193054e-01 9.710293452725e-01 8.739484053497e-07 8.739484053497e-07 2.276421579432e-02 3.160314285270e-05 2.003241977382e-01 7.194207636775e-07 0
707 3.750255579620e-01 8.989079437624e-01 -7.831553835559e-07 7.831553835559e-07 1.047760760582e-01 1.937857159175e-05 2.157526744620e-01 2.030410690996e-06 0
708 9.435319916218e-01 3.005005186453e-01 1.429448114212e-06 1.429448114212e-06 3.978168330158e-03 5.879805975717e-04 3.163999447223e-01 2.339085792007e-06 1
709 9.720788433756e-01 9.898142671513e-02 4.293711345994e-07 4.293711345994e-07 1.115857824439e-03 4.013741718145e-04 1.478413719982e-01 4.478765101470e-07 0
710 4.885429052307e-02 9.515671960558e-01 6.321087708527e-07 6.321087708527e-07 2.073326656163e-02 2.490433718907e-05 1.971388221321e-01 5.163482614816e-07 0
711 5.251895533565e-01 8.123423097857e-01 1.429553715001e-07 1.429553715001e-07 6.902834260096e-02 2.458560176587e-05 2.316496539281e-01 1.697103341745e-06 0
712 1.995968715861e-01 9.711045153651e-01 5.252588477384e-07 5.252588477384e-07 1.622794128345e-02 2.874870855885e-05 2.028850614528e-01 4.665323544681e-07 0
713 9.710360054299e-01 1.494477138801e-01 9.830265054520e-07 9.830265054520e-07 1.770016378804e-03 5.829975482871e-04 2.103024128184e-01 1.031915209271e-06 0
714 2.444878526690e-02 9.482398740186e-01 5.678628479251e-07 5.678628479251e-07 1.988460922606e-02 2.349858377205e-05 1.968195134408e-01 4.672601556729e-07 0
715 5.502040042610e-01 7.979110002836e-01 -1.473322207844e-07 1.473322207844e-07 5.429857541920e-02 2.745582362596e-05 2.348287388438e-01 1.490812109850e-06 0
716 9.437090392909e-01 3.500457397084e-01 1.159360600649e-06 1.159360600649e-06 4.925708940419e-03 4.176134403118e-04 3.231153239576e-01 2.057042256583e-06 0
717 3.248978077426e-01 9.277763416047e-01 -3.473172328098e-07 3.473172328098e-07 5.064292359378e-02 2.159268403004e-05 2.115301054362e-01 1.093516647518e-06 0
718 9.878021771529e-02 9.721430436920e-01 9.705194508831e-07 9.705194508831e-07 2.522734191999e-02 3.156528024395e-05 1.984848750833e-01 7.963081175143e-07 0
719 6.002380806373e-01 7.690106038160e-01 8.850233298080e-08 8.850233298080e-08 4.310437815045e-02 3.437723292831e-05 2.416724408969e-01 1.481809247908e-06 0
720 6.252475653257e-01 7.545066398875e-01 -5.567795617190e-08 5.567795617190e-08 3.624665648219e-02 3.828525854453e-05 2.453338585294e-01 1.387712614795e-06 0
721 2.998442931906e-01 9.422179305619e-01 -4.303813287003e-07 4.303813287003e-07 3.390681849768e-02 2.292319882609e-05 2.095989948340e-01 7.772527419827e-07 0
722 6.752206663009e-01 7.252804648992e-01 -2.321063598827e-07 2.321063598827e-07 2.836651563537e-02 4.656602485280e-05 2.531040292614e-01 1.320915872064e-06 0
723 7.000681087797e-01 7.104751811683e-01 -3.709109527156e-07 3.709109527156e-07 2.490981128865e-02 5.056264767769e-05 2.571759588164e-01 1.259506011906e-06 0
724 9.291121556332e-01 4.242705044661e-01 3.574257210606e-07 3.574257210606e-07 6.726669168161e-03 1.659431285275e-04 3.191968523246e-01 1.116244526334e-06 0
725 9.712726976521e-01 2.000305005233e-01 1.464277088561e-06 1.464277088561e-06 2.398335935686e-03 6.473034667518e-04 2.597686500326e-01 1.552451165605e-06 1
726 1.747355068462e-01 9.855469569511e-01 6.700256634229e-07 6.700256634229e-07 1.536640173803e-02 2.974354936400e-05 2.016218751216e-01 4.570513286423e-07 0
727 7.492131921806e-01 6.803228625815e-01 -6.038592137052e-07 6.038592137052e-07 1.953478095112e-02 5.706141521153e-05 2.655785882096e-01 1.114682246918e-06 0
728 9.854552095780e-01 1.245114297028e-01 6.644060415061e-07 6.644060415061e-07 1.165196810412e-03 4.710195491094e-04 1.800945706029e-01 5.488304762639e-07 0
729 1.243747124591e-01 9.854823883215e-01 9.103715660859e-07 9.103715660859e-07 1.953091870765e-02 3.157346515940e-05 1.994132823360e-01 6.166587813471e-07 0
730 7.730450712890e-01 6.650292511918e-01 -6.982071792833e-07 6.982071792833e-07 1.739334438563e-02 5.851595912515e-05 2.697971146719e-01 1.017788229119e-06 0
731 9.757564261397e-01 5.207680491446e-02 6.009783200741e-08 6.009783200741e-08 4.408737538775e-04 1.466827239930e-04 8.107229456542e-02 6.466856315579e-08 0
732 9.434986620515e-01 3.995767715719e-01 7.231007566294e-07 7.231007566294e-07 6.093520094909e-03 2.553651214880e-04 3.215143932988e-01 1.556072499326e-06 0
733 2.497993037519e-01 9.711139807814e-01 2.944629083670e-08 2.944629083670e-08 1.200600873168e-02 2.578537027798e-05 2.060821214986e-01 3.095793807071e-07 0
734 9.724661256754e-01 1.094014123544e-02 2.569717159971e-08 2.569717159971e-08 2.802839407202e-04 1.027521053597e-04 2.096275774642e-02 2.879976500751e-08 0
735 9.866236337976e-01 7.446999701235e-02 2.201242913987e-07 2.201242913987e-07 5.862619392320e-04 3.181889087917e-04 1.134076539409e-01 1.865420467103e-07 0
736 8.844030887248e-01 5.502881737406e-01 -9.270538646360e-07 9.270538646360e-07 1.162309813392e-02 6.568026465812e-05 2.960512259084e-01 7.634081615830e-07 1
737 8.991106838101e-01 5.247285743458e-01 -7.698783991550e-07 7.698783991550e-07 1.045314560826e-02 8.198370623865e-05 3.013228036934e-01 8.569876188173e-07 0
738 9.715025305898e-01 2.502249283938e-01 1.827591940893e-06 1.827591940893e-06 3.138094151530e-03 6.219402426383e-04 2.939488224426e-01 1.951707038024e-06 1
739 9.855807958519e-01 1.749362841774e-01 1.183869897741e-06 1.183869897741e-06 1.672547035183e-03 5.840067663155e-04 2.360764464218e-01 9.767787855281e-07 0
740 2.248613647399e-01 9.855575584141e-01 2.298823058765e-07 2.298823058765e-07 7.002027878370e-03 2.708331918164e-05 2.044930268129e-01 1.896381559486e-07 0
741 4.501027533931e-01 8.845043662499e-01 -6.124867056683e-07 6.124867056683e-07 1.019449771897e-01 1.582431748989e-05 2.233179678344e-01 1.613209685549e-06 0
742 4.250796406254e-01 8.989357986487e-01 -7.736813199010e-07 7.736813199010e-07 1.044821799802e-01 1.577813945074e-05 2.208010104948e-01 1.648534405845e-06 0
743 8.186474847783e-01 6.343741632317e-01 -7.245654187142e-07 7.245654187142e-07 1.311457752145e-02 6.686706861825e-05 2.780589901466e-01 8.769333550265e-07 0
744 8.545073854802e-01 6.022278708652e-01 -1.191452908224e-06 1.191452908224e-06 1.433120379952e-02 7.680281566208e-05 2.855311638244e-01 1.100676803630e-06 1
745 5.001388872215e-01 8.556457303128e-01 -3.496645865671e-07 3.496645865671e-07 7.142199547795e-02 1.812180579077e-05 2.287116511702e-01 1.294295531240e-06 0
746 9.717027181905e-01 3.001946218706e-01 1.877448623424e-06 1.877448623424e-06 3.967961703840e-03 5.062439832177e-04 3.135611968760e-01 2.008756738208e-06 1
747 9.284360775123e-01 4.743352853001e-01 -1.046665378816e-07 1.046665378816e-07 8.405010747944e-03 7.252195284540e-05 3.110863020453e-01 6.095477931275e-07 0
748 3.750127926131e-01 9.278002699928e-01 -7.221408269132e-07 7.221408269132e-07 6.512368174094e-02 1.749145944604e-05 2.161057810091e-01 1.139108238149e-06 0
749 5.251547963360e-01 8.412161234029e-01 -6.162510598831e-07 6.162510598831e-07 6.977280387533e-02 2.028387906029e-05 2.315975253911e-01 1.415263115505e-06 0
750 5.199540739594e-02 9.758101147551e-01 5.449140518719e-07 5.449140518719e-07 1.954355123548e-02 2.284241478752e-05 1.974484340818e-01 4.464219037419e-07 0
751 7.440550525616e-02 9.866606553706e-01 8.254591217694e-07 8.254591217694e-07 1.857882440618e-02 3.004372134778e-05 1.979412465026e-01 5.581770234285e-07 0
752 9.856919018003e-01 2.250942163460e-01 1.653133548270e-06 1.653133548270e-06 2.232796119536e-03 6.176417147920e-04 2.777337216922e-01 1.379068024051e-06 1
753 3.499781351533e-01 9.422358297380e-01 -9.690054213834e-07 9.690054213834e-07 6.208661139357e-02 1.890633214345e-05 2.139194493909e-01 1.173830096668e-06 1
754 9.717809517683e-01 3.500166026677e-01 1.614799918981e-06 1.614799918981e-06 4.940293363438e-03 3.498031508354e-04 3.211850683238e-01 1.728130184582e-06 1
755 1.092323547311e-02 9.724827927178e-01 6.638235855828e-07 6.638235855828e-07 1.471701406480e-02 3.078106778582e-05 1.970227785926e-01 4.530054075335e-07 0
756 5.751946034205e-01 8.123462600500e-01 -2.992652551024e-07 2.992652551024e-07 4.502323308193e-02 2.608824347232e-05 2.377611557658e-01 1.174577066552e-06 0
757 9.429917751796e-01 4.494093881169e-01 2.287818397327e-07 2.287818397327e-07 7.505254377772e-03 1.354425855784e-04 3.151239076647e-01 1.016531058349e-06 0
758 9.891327923421e-01 2.760680790211e-02 3.255156024025e-08 3.255156024025e-08 2.141805070786e-04 1.409679151769e-04 4.559064795711e-02 3.019257955442e-08 0
759 6.002238308448e-01 7.978861871133e-01 -4.232204866715e-07 4.232204866715e-07 4.054593857026e-02 2.953565322889e-05 2.410413614960e-01 1.197550781451e-06 0
760 8.434711956420e-01 6.264940770849e-01 -6.600202648103e-07 6.600202648103e-07 1.227105560513e-02 5.823417472865e-05 2.811485153050e-01 7.145947962142e-07 0
761 6.503176182385e-01 7.688404110932e-01 -3.889807552545e-07 3.889807552545e-07 3.328030982931e-02 3.714022588385e-05 2.479882194507e-01 1.236038224545e-06 0
762 6.753577745507e-01 7.541732666427e-01 -4.652274621242e-07 4.652274621242e-07 2.938548896374e-02 4.112702539022e-05 2.516402408715e-01 1.208537750716e-06 0
763 2.999209722247e-01 9.711153334369e-01 -5.742459180094e-07 5.742459180094e-07 2.754074903109e-02 2.221458008261e-05 2.098547093471e-01 6.118061748862e-07 0
764 9.858106287895e-01 2.751307120478e-01 1.907960485753e-06 1.907960485753e-06 2.879482808467e-03 5.586325596088e-04 3.045242389674e-01 1.608572851643e-06 1
765 7.253536572266e-01 7.243501807161e-01 -6.149605871888e-07 6.149605871888e-07 2.355063410360e-02 4.894629943616e-05 2.592451710376e-01 1.152716388746e-06 0
766 7.500176125321e-01 7.090253169423e-01 -7.094416197173e-07 7.094416197173e-07 2.127111120028e-02 5.205743583953e-05 2.631439836771e-01 1.107319506544e-06 0
767 2.749379390120e-01 9.855564223673e-01 -3.782130517369e-07 3.782130517369e-07 1.282795645029e-02 2.385484737981e-05 2.079736095377e-01 3.060089433165e-07 0
768 7.979396686571e-01 6.773181050720e-01 -7.524915554410e-07 7.524915554410e-07 1.658970136224e-02 5.369508822095e-05 2.709937983656e-01 8.907854782047e-07 0
769 9.716913698686e-01 3.998280316160e-01 1.134703247791e-06 1.134703247791e-06 6.100677377400e-03 2.015939812089e-04 3.203949315355e-01 1.229859840581e-06 0
770 9.858920894010e-01 3.250639098228e-01 1.832370330104e-06 1.832370330104e-06 3.620613621903e-03 4.295164573338e-04 3.179668266603e-01 1.555113136254e-06 1
771 8.987718935571e-01 5.756535115388e-01 -8.783539965031e-07 8.783539965031e-07 1.207909124609e-02 6.345321483592e-05 2.923051381384e-01 7.664571718607e-07 1
772 8.186526419710e-01 6.624682491194e-01 -5.529428442035e-07 5.529428442035e-07 1.314650972119e-02 4.515000548111e-05 2.745182984165e-01 5.935649859694e-07 0
773 9.279858048462e-01 5.248442826731e-01 -4.843942179511e-07 4.843942179511e-07 1.017085838256e-02 4.545620370571e-05 3.020186492356e-01 4.623286104998e-07 0
774 8.845554924940e-01 6.009305923269e-01 -9.301829080419e-07 9.301829080419e-07 1.319754797211e-02 5.970696262890e-05 2.875784452068e-01 7.879855035639e-07 1
775 4.750901552621e-01 8.989518478523e-01 -5.094779115766e-07 5.094779115766e-07 6.631336601523e-02 1.305721484942e-05 2.260971245660e-01 8.658678674493e-07 0
776 9.425378656879e-01 4.996666427473e-01 -2.189709823391e-07 2.189709823391e-07 9.171439744239e-03 6.880662156626e-05 3.066459147814e-01 6.310557836996e-07 0
777 2.758990213978e-02 9.891494593845e-01 6.561510636097e-07 6.561510636097e-07 1.471495161643e-02 3.076505587061e-05 1.972393400867e-01 4.527063086128e-07 0
778 4.250526478820e-01 9.278158886626e-01 -6.819222025617e-07 6.819222025617e-07 6.500721245875e-02 1.329009887572e-05 2.210348641355e-01 8.639522812117e-07 0
779 5.001056039646e-01 8.845208049486e-01 -6.086852024867e-07 6.086852024867e-07 6.790908418424e-02 1.427090284773e-05 2.287735300217e-01 9.691239428714e-07 0
780 9.858888623673e-01 3.749526928449e-01 1.456335779347e-06 1.456335779347e-06 4.493565288923e-03 2.776197949437e-04 3.211696161578e-01 1.247502674077e-06 1
781 4.000318096273e-01 9.422497186487e-01 -9.927414479080e-07 9.927414479080e-07 7.646971855859e-02 1.449930247259e-05 2.186423582456e-01 1.108757579375e-06 1
782 5.501394634067e-01 8.556591943837e-01 -5.058547415984e-07 5.058547415984e-07 4.024306191864e-02 1.884713315075e-05 2.344300821633e-01 7.584663463745e-07 0
783 3.499866815892e-01 9.711209963279e-01 -9.889934089903e-07 9.889934089903e-07 4.886448838347e-02 1.801756521867e-05 2.141215310836e-01 8.804191063260e-07 1
784 5.751648195867e-01 8.412206405329e-01 -6.832147053911e-07 6.832147053911e-07 4.434987772188e-02 2.186795463106e-05 2.374145496257e-01 9.698411139150e-07 0
785 9.714894192306e-01 4.497629623777e-01 5.654639202476e-07 5.654639202476e-07 7.468836086466e-03 9.011965451194e-05 3.146609159052e-01 6.730889277186e-07 0
786 3.249830332127e-01 9.855589110695e-01 -9.577464221514e-07 9.577464221514e-07 3.516805497033e-02 1.996341542961e-05 2.119901777133e-01 7.020744912240e-07 1
787 6.252594653352e-01 8.122908602267e-01 -5.795380041830e-07 5.795380041830e-07 3.601233236508e-02 2.877701443629e-05 2.436959248248e-01 1.036327408354e-06 0
788 6.503437680407e-01 7.977490481351e-01 -6.182651933800e-07 6.182651933800e-07 3.278447181658e-02 3.252303187317e-05 2.469883146352e-01 1.066250421836e-06 0
789 7.006184922073e-01 7.683622470352e-01 -6.670273783493e-07 6.670273783493e-07 2.714695516472e-02 4.032747605975e-05 2.538492445003e-01 1.094768184501e-06 0
790 7.257669324044e-01 7.533444448395e-01 -7.386996816323e-07 7.386996816323e-07 2.476582571470e-02 4.422331348093e-05 2.573984596766e-01 1.095226874195e-06 0
791 8.587632252715e-01 6.498147116279e-01 -6.040663072108e-07 6.040663072108e-07 1.213541064663e-02 4.776265212821e-05 2.791260179093e-01 5.796193971482e-07 0
792 9.858025075013e-01 4.248753387711e-01 9.059528213836e-07 9.059528213836e-07 5.519190335813e-03 1.464591978969e-04 3.177202474623e-01 8.083361896234e-07 0
793 7.759611005033e-01 7.223163603742e-01 -8.657879295225e-07 8.657879295225e-07 2.076193827183e-02 5.129742067809e-05 2.646723263403e-01 1.065033881623e-06 1
794 8.000512775199e-01 7.059027598935e-01 -9.196314567763e-07 9.196314567763e-07 1.918007064820e-02 5.286825293238e-05 2.683217310871e-01 1.014016826290e-06 1
795 8.428996535465e-01 6.707578110573e-01 -6.107148406068e-07 6.107148406068e-07 1.344299260696e-02 4.476204716737e-05 2.754417934153e-01 6.017358691433e-07 0
796 9.277889396523e-01 5.753700859294e-01 -7.148953960515e-07 7.148953960515e-07 1.183314302921e-02 4.939297347056e-05 2.933595729262e-01 5.844741197154e-07 0
797 9.422952558561e-01 5.501204564585e-01 -5.396813824702e-07 5.396813824702e-07 1.084500933291e-02 4.897134943471e-05 2.978782809985e-01 5.310947416648e-07 0
798 4.750610746603e-01 9.278257869426e-01 -4.340613564693e-07 4.340613564693e-07 5.025544572678e-02 9.780538912141e-06 2.262019719817e-01 4.915253424777e-07 0
799 4.500466800479e-01 9.422583953541e-01 -5.838132627185e-07 5.838132627185e-07 6.222764326988e-02 1.011132481523e-05 2.236591605688e-01 6.292039135881e-07 0
800 8.989215282885e-01 6.258224152430e-01 -8.767490156649e-07 8.767490156649e-07 1.363944999265e-02 5.432559840949e-05 2.845895669091e-01 7.409712828272e-07 1
801 5.250899371347e-01 8.989632737838e-01 -4.085433446417e-07 4.085433446417e-07 3.369185417974e-02 1.246109017924e-05 2.315103426316e-01 4.198372332395e-07 0
802 9.712910558539e-01 4.998654067930e-01 3.201232060220e-08 3.201232060220e-08 9.045063428679e-03 2.693617213694e-05 3.066891185270e-01 2.436393855045e-07 0
803 5.501078874624e-01 8.845312701288e-01 -6.025056685858e-07 6.025056685858e-07 4.354600990441e-02 1.501784600428e-05 2.342799824230e-01 6.539672708452e-07 0
804 8.841654509041e-01 6.504403283244e-01 -8.513822971869e-07 8.513822971869e-07 1.402768810341e-02 5.285608638074e-05 2.805246529166e-01 7.414486941159e-07 1
805 4.000141189548e-01 9.711263673243e-01 -9.164605759602e-07 9.164605759602e-07 5.866858619461e-02 1.327813462785e-05 2.187868039136e-01 7.790093859177e-07 1
806 9.856869117293e-01 4.748876236067e-01 3.318158491684e-07 3.318158491684e-07 6.707197220970e-03 5.767303064923e-05 3.107499339420e-01 3.868243908954e-07 0
807 3.750036483766e-01 9.855620852583e-01 -1.125732922158e-06 1.125732922158e-06 5.321548016722e-02 1.543454480712e-05 2.164541782372e-01 8.213567130736e-07 1
808 6.001706329215e-01 8.556525679013e-01 -6.437244132829e-07 6.437244132829e-07 3.438038172567e-02 2.132977048852e-05 2.400545270945e-01 7.333256515163e-07 0
809 6.252360512457e-01 8.411828605318e-01 -7.160887040981e-07 7.160887040981e-07 3.421418427320e-02 2.483126631418e-05 2.430592680896e-01 8.495815214104e-07 0
810 6.754978451534e-01 8.120999782432e-01 -7.231132438349e-07 7.231132438349e-07 2.957194258805e-02 3.221134335929e-05 2.492920566031e-01 9.525519965049e-07 0
811 7.007324130079e-01 7.973803215938e-01 -7.642044872288e-07 7.642044872288e-07 2.739636671152e-02 3.605303789291e-05 2.525119648336e-01 9.877222471787e-07 0
812 7.514564622868e-01 7.673301949609e-01 -8.799709483838e-07 8.799709483838e-07 2.377685210289e-02 4.393589016828e-05 2.591212177043e-01 1.044657162540e-06 1
813 7.769866750802e-01 7.516269742694e-01 -9.738433945156e-07 9.738433945156e-07 2.234478486666e-02 4.809175206022e-05 2.625105061625e-01 1.074599853646e-06 1
814 8.507925004372e-01 6.978758954296e-01 -1.239722763337e-06 1.239722763337e-06 1.958664723971e-02 6.039516497379e-05 2.730124244688e-01 1.182938791326e-06 1
815 8.286570977244e-01 7.181709883133e-01 -1.291810994049e-06 1.291810994049e-06 2.060547172502e-02 6.096683072375e-05 2.694500323547e-01 1.256250306642e-06 1
816 9.421352429018e-01 6.004475308175e-01 -7.383854464312e-07 7.383854464312e-07 1.257108228133e-02 4.893108108216e-05 2.897837726898e-01 6.151166463983e-07 0
817 9.711604049685e-01 5.500551929260e-01 -3.810742309138e-07 3.810742309138e-07 1.070706342656e-02 3.025615537887e-05 2.982505829893e-01 3.239545746853e-07 0
818 9.274842326011e-01 6.256227793431e-01 -8.414685299387e-07 8.414685299387e-07 1.357410463930e-02 5.106900348770e-05 2.857015082816e-01 6.932159971670e-07 0
819 5.000482114198e-01 9.422647774004e-01 -2.271052124370e-07 2.271052124370e-07 3.419400603801e-02 7.116308121717e-06 2.288484330354e-01 2.433350828823e-07 0
820 9.856041441246e-01 5.249777831863e-01 -1.541094418237e-07 1.541094418237e-07 8.014613914271e-03 2.401917582608e-05 3.024952050855e-01 1.925044207850e-07 0
821 4.500221934166e-01 9.711301400818e-01 -4.770022791741e-07 4.770022791741e-07 4.928449910652e-02 8.199889832898e-06 2.237416867231e-01 4.041274631431e-07 0
822 5.250616251917e-01 9.278333071453e-01 -2.930024382925e-07 2.930024382925e-07 3.337080422386e-02 8.834806125486e-06 2.314791293426e-01 2.948245855693e-07 0
823 4.250104705782e-01 9.855642820660e-01 -7.597398924927e-07 7.597398924927e-07 5.341917488597e-02 1.035235742604e-05 2.212632735061e-01 5.530143918239e-07 0
824 5.750994668832e-01 8.989693061904e-01 -4.675212195088e-07 4.675212195088e-07 2.754136196012e-02 1.455438838660e-05 2.368999879613e-01 4.008476786635e-07 0
825 6.001368561623e-01 8.845291578138e-01 -6.155895229752e-07 6.155895229752e-07 3.228935268251e-02 1.788952128388e-05 2.396914898574e-01 5.776410620564e-07 0
826 8.975073881638e-01 6.756651854219e-01 -9.795189678330e-07 9.795189678330e-07 1.591058425005e-02 5.252773679015e-05 2.780595435414e-01 8.357469816644e-07 1
827 6.502989184832e-01 8.555968496594e-01 -7.118333141313e-07 7.118333141313e-07 2.975023094112e-02 2.493220484530e-05 2.454331692207e-01 7.417388520191e-07 0
828 6.754764096854e-01 8.410557794624e-01 -7.593548221826e-07 7.593548221826e-07 2.851535122118e-02 2.858779365895e-05 2.483805738963e-01 8.151909768236e-07 0
829 7.261522320851e-01 8.116821422958e-01 -8.400271707761e-07 8.400271707761e-07 2.561587470103e-02 3.605946876615e-05 2.544086715901e-01 9.236948336995e-07 0
830 7.517278411669e-01 7.966498178586e-01 -9.114790337588e-07 9.114790337588e-07 2.440875143419e-02 4.001174380601e-05 2.574818841770e-01 9.766367090095e-07 1
831 8.799980094219e-01 7.021576530978e-01 -1.203794163906e-06 1.203794163906e-06 1.784141107370e-02 5.977131762899e-05 2.742645465974e-01 1.066404648235e-06 1
832 8.033421815693e-01 7.654694665779e-01 -1.140230853489e-06 1.140230853489e-06 2.292897972578e-02 4.871147411693e-05 2.637031313761e-01 1.116904402440e-06 1
833 8.309224271970e-01 7.484270811025e-01 -1.302502574000e-06 1.302502574000e-06 2.220109568366e-02 5.673908458826e-05 2.669942952258e-01 1.259669845947e-06 1
834 9.710374149810e-01 6.002201181603e-01 -6.555657371297e-07 6.555657371297e-07 1.243941127176e-02 4.303924588032e-05 2.903119779111e-01 5.353828803316e-07 0
835 9.855562608439e-01 5.750774097397e-01 -5.044488839312e-07 5.044488839312e-07 9.396142166814e-03 3.660783439005e-05 2.942972571444e-01 3.439724163481e-07 0
836 9.416934464616e-01 6.506264711860e-01 -8.724894857326e-07 8.724894857326e-07 1.444236654107e-02 4.984852578733e-05 2.827128178887e-01 7.199306809524e-07 1
837 5.000233462292e-01 9.711331037460e-01 -1.064320075603e-07 1.064320075603e-07 2.830989123326e-02 3.828024276619e-06 2.288652185775e-01 1.083709509094e-07 0
838 4.750117228384e-01 9.855658580158e-01 -2.399146056041e-07 2.399146056041e-07 3.581892408995e-02 4.920600371489e-06 2.263021814000e-01 1.762506111833e-07 0
839 9.264726794087e-01 6.760509641834e-01 -9.692975814972e-07 9.692975814972e-07 1.563149052835e-02 5.151215256812e-05 2.791240875933e-01 8.052117249635e-07 1
840 5.500495550978e-01 9.422699960282e-01 -1.628967158189e-07 1.628967158189e-07 1.789508469894e-02 8.221579241911e-06 2.340784079610e-01 1.471258568931e-07 0
841 5.750694464617e-01 9.278379987283e-01 -3.199070778670e-07 3.199070778670e-07 2.439933430510e-02 1.148974758316e-05 2.367298349294e-01 2.803421923627e-07 0
842 6.251508579033e-01 8.989611337514e-01 -5.558877471774e-07 5.558877471774e-07 2.639578898565e-02 1.839892320069e-05 2.421227165704e-01 4.856540943687e-07 0
843 6.502475018999e-01 8.844985329665e-01 -6.552939050195e-07 6.552939050195e-07 2.731090160949e-02 2.192776544948e-05 2.448636175680e-01 5.988670447067e-07 0
844 7.006572341637e-01 8.554608447423e-01 -7.756233077320e-07 7.756233077320e-07 2.611744561353e-02 2.901020888381e-05 2.504245685229e-01 7.576725527602e-07 0
845 7.260984887089e-01 8.408068642251e-01 -8.375724950617e-07 8.375724950617e-07 2.521706082524e-02 3.270069966853e-05 2.532426533661e-01 8.246155325692e-07 0
846 8.941010889045e-01 7.281324469031e-01 -1.352219149483e-06 1.352219149483e-06 2.027064665441e-02 5.858509970930e-05 2.723316865223e-01 1.187557855420e-06 1
847 7.777270547552e-01 8.110349085137e-01 -9.825320406183e-07 9.825320406183e-07 2.373736008961e-02 4.036826858578e-05 2.589289001043e-01 9.582361276147e-07 1
848 8.038111823643e-01 7.955577779246e-01 -1.111532346050e-06 1.111532346050e-06 2.364335008651e-02 4.450500190666e-05 2.617754637543e-01 1.052247340680e-06 1
849 8.549668766869e-01 7.626826845086e-01 -1.094725184893e-06 1.094725184893e-06 1.988479615445e-02 5.454370804705e-05 2.673972408585e-01 1.084590516024e-06 1
850 9.854811541372e-01 6.251427084206e-01 -7.331282929440e-07 7.331282929440e-07 1.083582497774e-02 4.524441767950e-05 2.868232174721e-01 4.902605911951e-07 0
851 9.707881959185e-01 6.503738129207e-01 -8.304360506946e-07 8.304360506946e-07 1.422313140773e-02 4.773712279511e-05 2.832877994846e-01 6.789713705417e-07 0
852 8.820914991338e-01 7.536279341801e-01 -8.252044071673e-07 8.252044071673e-07 1.647933690205e-02 4.676206109469e-05 2.695175052106e-01 7.706077590134e-07 0
853 5.250116233908e-01 9.855672457301e-01 1.163708569431e-08 1.163708569431e-08 1.387883404235e-02 2.155845040636e-06 2.314448407095e-01 2.992061554001e-08 0
854 5.500244184875e-01 9.711356082675e-01 -3.503719259908e-08 3.503719259908e-08 1.168582296025e-02 5.529746625999e-06 2.340271022646e-01 6.461964008645e-08 0
855 9.407635046291e-01 7.011451370085e-01 -9.657132483448e-07 9.657132483448e-07 1.617564684699e-02 4.963780341987e-05 2.766890098349e-01 8.029235783802e-07 1
856 6.000636752788e-01 9.422722420684e-01 -2.825705414531e-07 2.825705414531e-07 1.846422199495e-02 1.250244442682e-05 2.392120749650e-01 2.308479093764e-07 0
857 6.251076974413e-01 9.278355254682e-01 -4.308341679818e-07 4.308341679818e-07 2.255621074002e-02 1.599024823863e-05 2.418152754487e-01 3.606794090557e-07 0
858 9.259012928668e-01 7.267341520523e-01 -1.020703593809e-06 1.020703593809e-06 1.764638695797e-02 4.851439677550e-05 2.736622499416e-01 8.561038185329e-07 1
859 6.753083786776e-01 8.989273388030e-01 -6.447524432753e-07 6.447524432753e-07 2.475301637874e-02 2.287693025075e-05 2.470399446145e-01 5.662730291921e-07 0
860 7.005406197391e-01 8.844307207757e-01 -7.261168971320e-07 7.261168971320e-07 2.479379908305e-02 2.632776171539e-05 2.496599055463e-01 6.527652342776e-07 0
861 7.514505368659e-01 8.552802620318e-01 -8.636175960443e-07 8.636175960443e-07 2.396088032050e-02 3.315794326943e-05 2.548982412310e-01 7.944935103528e-07 1
862 7.775034938304e-01 8.405406307576e-01 -9.500583893051e-07 9.500583893051e-07 2.345704853171e-02 3.709799475236e-05 2.575240116949e-01 8.702094633351e-07 1
863 8.317573652173e-01 8.104989794567e-01 -1.232229568064e-06 1.232229568064e-06 2.293813417063e-02 4.774172985618e-05 2.627653303912e-01 1.095106204979e-06 1
864 8.553328139122e-01 7.946662715161e-01 -1.003209901496e-06 1.003209901496e-06 2.082355850355e-02 4.303180208334e-05 2.651218219156e-01 8.960752481956e-07 1
865 9.853070417814e-01 6.752311045001e-01 -8.688469830798e-07 8.688469830798e-07 1.219682750644e-02 4.766307061906e-05 2.803288721945e-01 5.813382507679e-07 1
866 9.705031175449e-01 7.005779355904e-01 -9.242440011975e-07 9.242440011975e-07 1.582438099794e-02 4.786550622555e-05 2.773070140420e-01 7.574420071725e-07 1
867 5.750127950967e-01 9.855683625374e-01 -4.880334539987e-08 4.880334539987e-08 5.439916625605e-03 7.508735663049e-06 2.365581486112e-01 4.084689597069e-08 0
868 6.000321605242e-01 9.711369936382e-01 -1.745995704418e-07 1.745995704418e-07 1.350539186953e-02 1.086646133161e-05 2.390922247819e-01 1.467558185185e-07 0
869 8.991575724163e-01 7.775600570243e-01 -7.129332712277e-07 7.129332712277e-07 1.600833686925e-02 3.919851351856e-05 2.683817155422e-01 6.275030091790e-07 0
870 6.501157293084e-01 9.422678075181e-01 -4.452350600741e-07 4.452350600741e-07 2.092057183339e-02 1.758229443196e-05 2.441133293501e-01 3.678316536598e-07 0
871 6.752197665480e-01 9.278222216377e-01 -5.616693538912e-07 5.616693538912e-07 2.258164520381e-02 2.090077529027e-05 2.466005649291e-01 4.719738920894e-07 0
872 9.408379865910e-01 7.515589359925e-01 -9.616464519096e-07 9.616464519096e-07 1.750517442207e-02 4.559387187625e-05 2.717905968472e-01 7.981286797712e-07 1
873 7.256662546944e-01 8.988780489650e-01 -7.371142794100e-07 7.371142794100e-07 2.344609242833e-02 2.730646035054e-05 2.515214903198e-01 6.402297932693e-07 0
874 7.511349172761e-01 8.843815707383e-01 -8.122720736564e-07 8.122720736564e-07 2.329814634287e-02 3.057034554781e-05 2.539508654852e-01 7.122323843251e-07 0
875 8.824745514237e-01 8.021353170957e-01 -7.859691611808e-07 7.859691611808e-07 1.678423828300e-02 3.983926933419e-05 2.659633402972e-01 6.686717895255e-07 0
876 8.028230151919e-01 8.553618153338e-01 -9.725388993288e-07 9.725388993288e-07 2.294381635919e-02 3.712266620187e-05 2.587152943434e-01 8.517356360991e-07 1
877 9.261038559111e-01 7.768893536875e-01 -9.293740723953e-07 9.293740723953e-07 1.767466178070e-02 4.386185291258e-05 2.693357086371e-01 7.752434153045e-07 1
878 8.309927589697e-01 8.407972946221e-01 -1.155277188090e-06 1.155277188090e-06 2.310727401786e-02 4.451632593558e-05 2.611261969089e-01 1.028650941662e-06 1
879 9.851960757635e-01 7.253468310903e-01 -9.383654940579e-07 9.383654940579e-07 1.346604000031e-02 4.666470163023e-05 2.748821862182e-01 6.283887387551e-07 1
880 6.250193654275e-01 9.855686311008e-01 -2.469514836692e-07 2.469514836692e-07 1.259873152245e-02 1.330238371926e-05 2.415068223870e-01 1.675931610875e-07 0
881 9.703931565719e-01 7.507388164486e-01 -9.589882364743e-07 9.589882364743e-07 1.725129271416e-02 4.563631405182e-05 2.723873622417e-01 7.872854121034e-07 1
882 6.500589120491e-01 9.711361615809e-01 -3.724806932091e-07 3.724806932091e-07 1.858238678713e-02 1.641326644432e-05 2.439260758884e-01 3.049976655086e-07 0
883 7.002470171799e-01 9.422571383541e-01 -5.933858177261e-07 5.933858177261e-07 2.186742152409e-02 2.254544432314e-05 2.486522192087e-01 4.930107344619e-07 0
884 8.943376907686e-01 8.269230834681e-01 -1.185827780322e-06 1.185827780322e-06 2.149129461318e-02 4.691801920408e-05 2.649455214060e-01 1.008328973382e-06 1
885 7.254612642648e-01 9.278095837087e-01 -6.825423382679e-07 6.825423382679e-07 2.240466794856e-02 2.557803172265e-05 2.509583593915e-01 5.730673075238e-07 0
886 7.762745735579e-01 8.988938454444e-01 -8.157867208295e-07 8.157867208295e-07 2.236223948387e-02 3.112609081184e-05 2.554415915737e-01 6.960490969311e-07 0
887 8.019097145092e-01 8.846137213142e-01 -8.743271830684e-07 8.743271830684e-07 2.212515520886e-02 3.385339587428e-05 2.575943892135e-01 7.490116380653e-07 1
888 8.535129300413e-01 8.570041876107e-01 -9.254785429787e-07 9.254785429787e-07 2.034017685411e-02 4.097982502749e-05 2.616402392548e-01 8.335368885097e-07 1
889 9.407978036967e-01 8.015318381724e-01 -9.456366421773e-07 9.456366421773e-07 1.836412119604e-02 4.257536155538e-05 2.679396133555e-01 7.818590995684e-07 1
890 8.810712653752e-01 8.510147909738e-01 -8.181462152691e-07 8.181462152691e-07 1.872337116904e-02 3.833627587524e-05 2.631686272439e-01 7.177843224509e-07 0
891 6.750395466216e-01 9.855675304801e-01 -4.499169380410e-07 4.499169380410e-07 1.608907614922e-02 1.878433210356e-05 2.461587934671e-01 3.022225496264e-07 0
892 9.257146595467e-01 8.269903078817e-01 -9.769959670667e-07 9.769959670667e-07 1.956241810772e-02 4.157591470642e-05 2.659753635009e-01 8.133254266980e-07 1
893 7.001236145128e-01 9.711340931337e-01 -5.491583891861e-07 5.491583891861e-07 2.083549226771e-02 2.160352213791e-05 2.483999160612e-01 4.501200184599e-07 0
894 9.851970808084e-01 7.753919853583e-01 -9.617731497974e-07 9.617731497974e-07 1.454587674607e-02 4.423204085021e-05 2.704712040965e-01 6.433938144342e-07 1
895 7.504976757058e-01 9.422550349159e-01 -7.098154564167e-07 7.098154564167e-07 2.181631121051e-02 2.697072120954e-05 2.527076754018e-01 5.884016474791e-07 0
896 9.703358586130e-01 8.008545893871e-01 -9.657368640636e-07 9.657368640636e-07 1.838706966911e-02 4.310102899578e-05 2.684800440100e-01 7.925016229555e-07 1
897 7.758423224172e-01 9.278357748784e-01 -7.742183311708e-07 7.742183311708e-07 2.182162950919e-02 2.957265817269e-05 2.547685479636e-01 6.453235902463e-07 0
898 8.268861075673e-01 8.991138362949e-01 -8.023900876529e-07 8.023900876529e-07 2.037720289737e-02 3.294111242325e-05 2.586705785416e-01 6.712477315138e-07 0
899 8.503195793217e-01 8.860688233032e-01 -6.647492637106e-07 6.647492637106e-07 1.851169505338e-02 2.990130648754e-05 2.603365126412e-01 5.535238673948e-07 0
900 8.964441129907e-01 8.785496202031e-01 -9.674959904807e-07 9.674959904807e-07 2.026848340808e-02 4.317301783998e-05 2.625999079364e-01 8.750515957663e-07 1
901 7.250840678912e-01 9.855665626535e-01 -6.102993138433e-07 6.102993138433e-07 1.723502910335e-02 2.369879236429e-05 2.503901866294e-01 4.084493761129e-07 0
902 9.403868240501e-01 8.521480341930e-01 -1.042875166917e-06 1.042875166917e-06 2.057240823116e-02 4.168421678325e-05 2.649884402393e-01 8.575447244613e-07 1
903 7.502438819993e-01 9.711350590812e-01 -6.824909209467e-07 6.824909209467e-07 2.136522746566e-02 2.617368443448e-05 2.523948811054e-01 5.592067215571e-07 0
904 8.768986346392e-01 8.988258471099e-01 -9.190093128849e-07 9.190093128849e-07 1.994944974063e-02 4.119230181211e-05 2.611112585070e-01 8.217637547014e-07 1
905 8.008726451788e-01 9.422735333789e-01 -7.868225657001e-07 7.868225657001e-07 2.119862571279e-02 3.057876165952e-05 2.561696550053e-01 6.482277231808e-07 0
906 9.243827028875e-01 8.796156390087e-01 -1.193544554295e-06 1.193544554295e-06 2.171981063076e-02 4.523291026763e-05 2.634056336419e-01 9.824502452911e-07 1
907 8.262812893776e-01 9.278317189257e-01 -8.180417331509e-07 8.180417331509e-07 2.079066468775e-02 3.246059476968e-05 2.579257444072e-01 6.748773414214e-07 0
908 9.851387778046e-01 8.254626040289e-01 -9.734511509681e-07 9.734511509681e-07 1.558277988406e-02 4.186926738393e-05 2.670333533551e-01 6.524395775504e-07 1
909 9.702728873916e-01 8.512975791254e-01 -1.002994014457e-06 1.002994014457e-06 1.985097594150e-02 4.137759846841e-05 2.655064453231e-01 8.213857117135e-07 1
910 8.786780850584e-01 9.262151954270e-01 -1.066351862871e-06 1.066351862871e-06 2.191970517155e-02 4.027171214091e-05 2.604557121559e-01 8.827440568823e-07 1
911 7.751598141081e-01 9.855684964277e-01 -7.238169692269e-07 7.238169692269e-07 1.733732622286e-02 2.788077771025e-05 2.540894036557e-01 4.833781385097e-07 0
912 8.514942115511e-01 9.421760542510e-01 -9.005793132222e-07 9.005793132222e-07 2.154489658775e-02 3.430577374157e-05 2.589534375633e-01 7.391143476249e-07 1
913 8.004439305762e-01 9.711262307630e-01 -7.767490665387e-07 7.767490665387e-07 2.117493627924e-02 3.001707912289e-05 2.558067328909e-01 6.356097377159e-07 0
914 9.407540182598e-01 9.045284864875e-01 -1.236836736068e-06 1.236836736068e-06 2.304910745424e-02 4.483689789665e-05 2.628947671721e-01 1.033450477535e-06 1
915 9.037147242065e-01 9.417552495028e-01 -1.180426480085e-06 1.180426480085e-06 2.326884535083e-02 4.254992644536e-05 2.610369118360e-01 9.900876581460e-07 1
916 9.851341095870e-01 8.758349750965e-01 -9.518872023385e-07 9.518872023385e-07 1.627430516875e-02 3.944998549844e-05 2.645037284630e-01 6.420211029043e-07 1
917 9.312250061278e-01 9.320269141080e-01 -8.877929618646e-07 8.877929618646e-07 1.928417904971e-02 3.782197488931e-05 2.619693515259e-01 7.293657357790e-07 1
918 9.716193616178e-01 9.015982776430e-01 -9.008891097574e-07 9.008891097574e-07 1.990615886665e-02 3.704580547592e-05 2.634562343832e-01 7.374396891467e-07 1
919 8.509257532443e-01 9.710493722766e-01 -8.727423039494e-07 8.727423039494e-07 2.125833852477e-02 3.359594180214e-05 2.585551680887e-01 7.141939038885e-07 1
920 8.252841164681e-01 9.855577343353e-01 -8.104336955486e-07 8.104336955486e-07 1.728372368501e-02 3.133501222169e-05 2.571614941177e-01 5.415856929061e-07 0
921 9.012467342311e-01 9.721583739916e-01 -8.428627648063e-07 8.428627648063e-07 2.038679563401e-02 3.391331542629e-05 2.605366303802e-01 6.913838308675e-07 0
922 8.756416367762e-01 9.854916379413e-01 -8.540824812690e-07 8.540824812690e-07 1.703561313128e-02 3.373470637766e-05 2.595359550543e-01 5.746914069470e-07 1
923 9.511718694946e-01 9.515822433684e-01 -5.176392340628e-07 5.176392340628e-07 1.570828627725e-02 2.691965668074e-05 2.619902099451e-01 4.228616736264e-07 0
924 9.864852520308e-01 9.257633025464e-01 -7.354069360148e-07 7.354069360148e-07 1.442963786656e-02 3.424924230384e-05 2.628760506777e-01 4.942041636486e-07 0
925 9.755667720396e-01 9.482488406515e-01 -4.613737165850e-07 4.613737165850e-07 1.493024056748e-02 2.542766989766e-05 2.623354543964e-01 3.796412286424e-07 0
926 9.256050974550e-01 9.866667360503e-01 -7.026352906839e-07 7.026352906839e-07 1.462428879044e-02 3.235503405316e-05 2.611234130756e-01 4.731693618180e-07 0
927 9.480199507971e-01 9.758189408220e-01 -4.517428531785e-07 4.517428531785e-07 1.502844636878e-02 2.465095013895e-05 2.616555786466e-01 3.704654821026e-07 0
928 9.890815200088e-01 9.724855381051e-01 -5.433535907357e-07 5.433535907357e-07 1.116510620796e-02 3.329766702896e-05 2.621156891309e-01 3.717719888557e-07 0
929 9.724148533422e-01 9.891522047717e-01 -5.412095536260e-07 5.412095536260e-07 1.119822931402e-02 3.325185075867e-05 2.618815378941e-01 3.723618499110e-07 0
